time_s,accel_ms2
0.000003166,0.090927259
0.614338702,0.090927259
0.615322619,0.090927259
0.616288035,0.090927259
0.617224230,0.090927259
0.618159462,-0.162711937
0.619105045,-0.162711937
0.620034092,-0.162711937
0.620968398,-0.162711937
0.621896296,-0.162711937
0.622821973,-0.162711937
0.623746982,-0.162711937
0.624673085,-0.162711937
0.625597076,-0.162711937
0.626521863,-0.162711937
0.627449429,-0.404387019
0.628377123,-0.404387019
0.629302152,-0.404387019
0.630228161,-0.404387019
0.631153801,-0.404387019
0.632078440,-0.404387019
0.633010061,-0.404387019
0.633940681,-0.404387019
0.634867265,-0.404387019
0.635790534,-0.404387019
0.636714377,-0.404387019
0.637637998,-0.394815729
0.638562396,-0.394815729
0.639486295,-0.394815729
0.640409675,-0.394815729
0.641339481,-0.394815729
0.642270120,-0.394815729
0.643195000,-0.394815729
0.644116973,-0.394815729
0.645058001,-0.394815729
0.645981196,-0.394815729
0.646907446,-0.394815729
0.647834863,-0.270388954
0.648766836,-0.270388954
0.649691735,-0.270388954
0.650616096,-0.270388954
0.651557680,-0.270388954
0.652481893,-0.270388954
0.653406680,-0.270388954
0.654330838,-0.270388954
0.655254663,-0.270388954
0.656186598,-0.270388954
0.657113256,-0.270388954
0.658037821,0.100498549
0.658962868,0.100498549
0.659889044,0.100498549
0.660813462,0.100498549
0.661737379,0.100498549
0.662668444,0.100498549
0.663592713,0.100498549
0.664516482,0.100498549
0.665440843,0.100498549
0.666364668,0.100498549
0.667289603,0.100498549
0.668220335,0.299102825
0.669144789,0.299102825
0.670068651,0.299102825
0.671000272,0.299102825
0.671926633,0.299102825
0.672850309,0.299102825
0.673774060,0.299102825
0.674699403,0.299102825
0.675623135,0.299102825
0.676546719,0.299102825
0.677476839,0.299102825
0.678401553,0.083748791
0.679327229,0.083748791
0.680257979,0.083748791
0.681181971,0.083748791
0.682105943,0.083748791
0.683029805,0.083748791
0.683952426,0.083748791
0.684876046,0.083748791
0.685799038,0.083748791
0.686723288,0.083748791
0.687645927,0.083748791
0.688569030,-0.179461695
0.689493465,-0.179461695
0.690417216,-0.179461695
0.691340540,-0.179461695
0.692275994,-0.179461695
0.693200485,-0.179461695
0.694124162,-0.179461695
0.695047838,-0.179461695
0.695969681,-0.179461695
0.696893283,-0.179461695
0.697817219,-0.179461695
0.698741043,-0.308674115
0.699663627,-0.308674115
0.700596304,-0.308674115
0.701521239,-0.308674115
0.702444545,-0.308674115
0.703373314,-0.308674115
0.704295768,-0.308674115
0.705218982,-0.308674115
0.706142251,-0.308674115
0.707199296,-0.308674115
0.708169564,-0.308674115
0.709114852,-0.306281293
0.710040473,-0.306281293
0.710968593,-0.306281293
0.711897529,-0.306281293
0.712824464,-0.306281293
0.713747382,-0.306281293
0.714680169,-0.306281293
0.715633364,-0.306281293
0.716576225,-0.306281293
0.717521197,-0.306281293
0.718448040,-0.306281293
0.719371698,-0.038285162
0.720295486,-0.038285162
0.721217181,-0.038285162
0.722152801,-0.038285162
0.723075552,-0.038285162
0.723998117,-0.038285162
0.724919997,-0.038285162
0.725843284,-0.038285162
0.726766202,-0.038285162
0.727696859,-0.038285162
0.728618851,-0.038285162
0.729540008,0.055034920
0.730467870,0.055034920
0.731393213,0.055034920
0.732319000,0.055034920
0.733243769,0.055034920
0.734167983,0.055034920
0.735093140,0.055034920
0.736017558,0.055034920
0.736950697,0.055034920
0.737875207,0.055034920
0.738799772,0.055034920
0.739730152,-0.210568389
0.740654198,-0.210568389
0.741577856,-0.210568389
0.742501347,-0.210568389
0.743425820,-0.210568389
0.744348811,-0.210568389
0.745271802,-0.210568389
0.746194090,-0.210568389
0.747118396,-0.210568389
0.748041943,-0.210568389
0.748965267,-0.210568389
0.749887888,-0.464207584
0.750821212,-0.464207584
0.751754129,-0.464207584
0.752677750,-0.464207584
0.755068616,-0.464207584
0.760064346,-0.404387019
0.765060706,-0.404387019
0.770060825,-0.212961211
0.775062018,-0.212961211
0.780060692,0.184247340
0.785061237,0.184247340
0.790060430,0.289531535
0.795060845,0.289531535
0.800060557,0.289531535
0.805076249,0.040677984
0.810064794,0.040677984
0.815061376,-0.198604276
0.820060421,-0.198604276
0.825061947,-0.318245406
0.830061418,-0.318245406
0.835060500,-0.291924357
0.840061545,-0.291924357
0.845060941,-0.023928226
0.850060579,-0.023928226
0.855061679,0.033499516
0.860074076,0.033499516
0.865061880,-0.253639196
0.870060443,-0.253639196
0.875061784,-0.449850649
0.880060885,-0.449850649
0.885060448,-0.368494680
0.890060400,-0.368494680
0.895061149,-0.148355001
0.900060953,-0.148355001
0.905061183,0.220139679
0.910060690,0.220139679
0.915061994,0.289531535
0.920061632,0.289531535
0.925060214,-0.007178468
0.930060518,-0.007178468
0.935060637,-0.270388954
0.940060589,-0.270388954
0.945060449,-0.323031051
0.950060438,-0.323031051
0.955061427,-0.244067905
0.960060490,-0.244067905
0.965060646,0.033499516
0.970061561,0.033499516
0.975059903,0.004785645
0.980060595,0.004785645
0.985060770,-0.344566454
0.990060537,-0.344566454
0.995061767,-0.440279358
1.000060867,-0.440279358
1.005065171,-0.313459761
1.010061494,-0.313459761
1.015060539,-0.066999033
1.020061584,-0.066999033
1.025064665,0.275174599
1.030061914,0.275174599
1.035060792,0.227318147
1.040060726,0.227318147
1.045060622,-0.093320081
1.050060908,-0.093320081
1.055060656,-0.260817663
1.060060812,-0.260817663
1.065061302,-0.342173632
1.070060458,-0.342173632
1.075062039,-0.181854518
1.080060695,-0.181854518
1.085060833,0.066999033
1.090060526,0.066999033
1.095061089,-0.043070807
1.100060541,-0.043070807
1.105060604,-0.399601374
1.110060520,-0.399601374
1.115061935,-0.399601374
1.120060443,-0.428315245
1.125060821,-0.428315245
1.130061143,-0.303888470
1.135061873,-0.303888470
1.140060511,-0.009571290
1.145060315,-0.009571290
1.150060434,0.296710002
1.155060701,0.296710002
1.160060838,0.157926292
1.165060327,0.157926292
1.170060557,-0.157926292
1.175061806,-0.157926292
1.180061258,-0.275174599
1.185060581,-0.275174599
1.190064588,-0.315852583
1.195061374,-0.315852583
1.200060826,-0.133998066
1.205060315,-0.133998066
1.210060416,0.083748791
1.215063942,0.083748791
1.220061524,-0.122033953
1.225061643,-0.122033953
1.230060262,-0.447457826
1.235060547,-0.447457826
1.240060222,-0.423529600
1.245060711,-0.423529600
1.250060496,-0.270388954
1.255061726,-0.270388954
1.260060364,0.057427742
1.265060853,0.057427742
1.270060379,0.311066938
1.275060554,0.311066938
1.280060339,0.105284194
1.285060551,0.105284194
1.290060910,-0.181854518
1.295061751,-0.181854518
1.300060333,-0.265603309
1.305060304,-0.265603309
1.310060719,-0.287138712
1.315060134,-0.287138712
1.320061346,-0.066999033
1.325060705,-0.066999033
1.330060547,0.088534436
1.335060554,0.088534436
1.340060155,-0.208175566
1.345060218,-0.208175566
1.350060541,-0.447457826
1.355060752,-0.447457826
1.360073315,-0.404387019
1.365062101,-0.404387019
1.370060868,-0.220139679
1.375061894,-0.220139679
1.380061106,0.138783711
1.385060651,0.138783711
1.390060918,0.299102825
1.395061777,0.299102825
1.400060526,0.052642097
1.405060663,0.052642097
1.410060356,-0.208175566
1.415060623,-0.208175566
1.420060872,-0.291924357
1.425060731,-0.291924357
1.430060535,-0.267996131
1.435061636,-0.267996131
1.440060717,-0.267996131
1.445060299,-0.021535403
1.450060955,-0.021535403
1.455060370,0.064606210
1.460060619,0.064606210
1.465060423,-0.248853550
1.470060431,-0.248853550
1.475061809,-0.445065004
1.480061206,-0.445065004
1.485060750,-0.368494680
1.490059647,-0.368494680
1.495060321,-0.148355001
1.500060311,-0.148355001
1.505064022,0.205782744
1.510061345,0.205782744
1.515061686,0.275174599
1.520061045,0.275174599
1.525060701,-0.023928226
1.530060857,-0.023928226
1.535060735,-0.253639196
1.540059928,-0.253639196
1.545061214,-0.279960244
1.550060740,-0.279960244
1.555061915,-0.224925324
1.560060422,-0.224925324
1.565060393,0.021535403
1.570060364,0.021535403
1.575060668,0.021535403
1.580060083,0.021535403
1.585060758,-0.315852583
1.590064469,-0.315852583
1.595061236,-0.449850649
1.600060892,-0.449850649
1.605060640,-0.325423874
1.610061019,-0.325423874
1.615061137,-0.102891372
1.620060979,-0.102891372
1.625060764,0.253639196
1.630060476,0.253639196
1.635060520,0.256032018
1.640061473,0.256032018
1.645060554,-0.057427742
1.650060562,-0.057427742
1.655061885,-0.267996131
1.660060856,-0.267996131
1.665060252,-0.313459761
1.670060167,-0.313459761
1.675060564,-0.200997098
1.680060461,-0.200997098
1.685060394,0.052642097
1.690060643,0.052642097
1.695061336,-0.038285162
1.700060492,-0.038285162
1.705060962,-0.363709035
1.710060285,-0.363709035
1.715061385,-0.452243471
1.720063393,-0.452243471
1.725061938,-0.327816696
1.730060779,-0.327816696
1.735061472,-0.019142581
1.740060869,-0.019142581
1.745059895,0.294317180
1.750061106,0.294317180
1.755060281,0.294317180
1.760060696,0.174676050
1.765060741,0.174676050
1.770061397,-0.105284194
1.775061886,-0.105284194
1.780060394,-0.275174599
1.785060420,-0.275174599
1.790060576,-0.330209519
1.795060417,-0.330209519
1.800061147,-0.133998066
1.805079081,-0.133998066
1.810062626,0.081355968
1.815061856,0.081355968
1.820061123,-0.107677017
1.825061334,-0.107677017
1.830060786,-0.416351132
1.835060813,-0.416351132
1.840060246,-0.406779842
1.845060254,-0.406779842
1.850059947,-0.272781776
1.855060733,-0.272781776
1.860072796,0.064606210
1.865063285,0.064606210
1.870060663,0.306281293
1.875060801,0.306281293
1.880060642,0.119641130
1.885060427,0.119641130
1.890060417,-0.165104759
1.895060813,-0.165104759
1.900060673,-0.303888470
1.905060384,-0.303888470
1.910060559,-0.303888470
1.915061937,-0.303888470
1.920080407,-0.100498549
1.925061823,-0.100498549
1.930060405,0.069391855
1.935059579,0.069391855
1.940060216,-0.184247340
1.945059798,-0.184247340
1.950059121,-0.440279358
1.955061221,-0.440279358
1.960061692,-0.413958310
1.965060829,-0.413958310
1.970060985,-0.229710970
1.975060549,-0.229710970
1.980060779,0.138783711
1.985822853,0.138783711
1.990078127,0.303888470
1.995064246,0.303888470
2.000062365,0.062213388
2.005068651,0.062213388
2.010063621,-0.196211453
2.015062000,-0.196211453
2.020063452,-0.291924357
2.025123200,-0.291924357
2.030063134,-0.291924357
2.035062827,-0.291924357
2.040061964,-0.026321049
2.045061713,-0.026321049
2.050062276,0.066999033
2.055062340,0.066999033
2.060061792,-0.236889437
2.065061855,-0.236889437
2.070061826,-0.435493713
2.075064222,-0.435493713
2.080061749,-0.435493713
2.085062238,-0.390030084
2.090061968,-0.390030084
2.095061994,-0.167497582
2.100061817,-0.167497582
2.105065658,0.193818631
2.110063166,0.193818631
2.115063766,0.282353067
2.120127829,0.282353067
2.125062059,0.000000000
2.130062271,0.000000000
2.135062575,-0.224925324
2.140061823,-0.224925324
2.145062202,-0.325423874
2.150061802,-0.325423874
2.155063162,-0.267996131
2.160061651,-0.267996131
2.165061455,0.002392823
2.170081314,0.002392823
2.175061952,0.033499516
2.180062052,0.033499516
2.185062079,-0.311066938
2.190064734,-0.311066938
2.195063631,-0.454636294
2.200061361,-0.454636294
2.205061795,-0.349352100
2.210062340,-0.349352100
2.215128495,-0.102891372
2.220063429,-0.102891372
2.225062215,0.244067905
2.230062408,0.244067905
2.235061841,0.232103792
2.240062034,0.232103792
2.245061949,-0.038285162
2.250061939,-0.038285162
2.255063169,-0.265603309
2.260061528,-0.265603309
2.265077499,-0.330209519
2.270062229,-0.330209519
2.275061829,-0.189032985
2.280061596,-0.189032985
2.285061882,0.045463629
2.290061834,0.045463629
2.295062675,-0.038285162
2.300061757,-0.038285162
2.305061320,-0.363709035
2.310124994,-0.363709035
2.315061799,-0.457029117
2.320063344,-0.457029117
2.325063352,-0.311066938
2.330061878,-0.311066938
2.335060552,-0.038285162
2.340062134,-0.038285162
2.345061679,0.284745889
2.350061742,0.284745889
2.355062528,0.208175566
2.360100257,0.208175566
2.365065506,-0.114855485
2.370062866,-0.114855485
2.375062374,-0.265603309
2.380063418,-0.265603309
2.385062982,-0.325423874
2.390064971,-0.325423874
2.395064534,-0.325423874
2.400060894,-0.155533469
2.405062161,-0.155533469
2.410085335,0.055034920
2.415061621,0.055034920
2.420064721,-0.081355968
2.425062692,-0.081355968
2.430062089,-0.406779842
2.435063522,-0.406779842
2.440061456,-0.428315245
2.445061556,-0.428315245
2.450061490,-0.301495648
2.455062702,-0.301495648
2.460061821,0.038285162
2.465061976,0.038285162
2.470061892,0.308674115
2.475061548,0.308674115
2.480061852,0.153140646
2.485061711,0.153140646
2.490061700,-0.155533469
2.495062671,-0.155533469
2.500061605,-0.294317180
2.505109205,-0.294317180
2.510063676,-0.337387987
2.515030962,-0.337387987
2.520063562,-0.112462662
2.525062347,-0.112462662
2.530062244,0.083748791
2.535061900,0.083748791
2.540061778,-0.145962179
2.545061545,-0.145962179
2.550061571,-0.428315245
2.555068431,-0.428315245
2.560061476,-0.401994197
2.565061410,-0.401994197
2.570061751,-0.265603309
2.575061721,-0.265603309
2.580061507,0.107677017
2.585061441,0.107677017
2.590061671,0.330209519
2.595063419,0.330209519
2.600106982,0.081355968
2.605062009,0.081355968
2.610062072,-0.205782744
2.615060950,-0.205782744
2.620062939,-0.301495648
2.625062114,-0.301495648
2.630061714,-0.301495648
2.635062741,-0.301495648
2.640061804,-0.055034920
2.645061571,-0.055034920
2.650076597,0.086141614
2.655061586,0.086141614
2.660061465,-0.208175566
2.665061546,-0.208175566
2.670061739,-0.459421939
2.675062729,-0.459421939
2.680061644,-0.370887503
2.685061652,-0.370887503
2.690061530,-0.186640163
2.695106130,-0.186640163
2.700061749,0.208175566
2.705061683,0.208175566
2.710061913,0.208175566
2.715064957,0.301495648
2.720067206,0.301495648
2.725062621,0.009571290
2.730061055,0.009571290
2.735063822,-0.229710970
2.740061626,-0.229710970
2.745089819,-0.313459761
2.750062845,-0.313459761
2.755061982,-0.263210486
2.760064861,-0.263210486
2.765064257,0.004785645
2.770062469,0.004785645
2.775062588,0.050249275
2.780062429,0.050249275
2.785061566,-0.299102825
2.790062055,-0.299102825
2.795061767,-0.461814762
2.800061775,-0.461814762
2.805183059,-0.349352100
2.810065753,-0.349352100
2.815063242,-0.122033953
2.820064009,-0.122033953
2.825065425,0.251246373
2.830062747,0.251246373
2.835062348,0.282353067
2.840061892,0.282353067
2.845082474,-0.055034920
2.850062315,-0.055034920
2.855062027,-0.277567422
2.860386624,-0.277567422
2.865067209,-0.339780809
2.870079513,-0.339780809
2.875062836,-0.236889437
2.880063121,-0.236889437
2.885062147,0.069391855
2.890061840,0.069391855
2.895062941,-0.002392823
2.900068689,-0.002392823
2.905061086,-0.366101858
2.910062927,-0.366101858
2.915061601,-0.442672181
2.920063572,-0.442672181
2.925062487,-0.325423874
2.930061940,-0.325423874
2.935062651,-0.045463629
2.940061881,-0.045463629
2.945126610,0.320638228
2.950062063,0.320638228
2.955062275,0.215354034
2.960061708,0.215354034
2.965061438,-0.117248307
2.970061705,-0.117248307
2.975062935,-0.275174599
2.980061554,-0.275174599
2.985061525,-0.323031051
2.990061644,-0.323031051
2.995081966,-0.177068872
3.000062011,-0.177068872
3.005067871,0.093320081
3.010063175,0.093320081
3.015061831,-0.074177501
3.020062616,-0.074177501
3.025068346,-0.392422906
3.030063891,-0.392422906
3.035062103,-0.392422906
3.040143369,-0.411565487
3.045062396,-0.411565487
3.050062274,-0.301495648
3.055061560,-0.301495648
3.060061753,0.028713871
3.065061649,0.028713871
3.070061972,0.330209519
3.075062943,0.330209519
3.080062080,0.157926292
3.085061736,0.157926292
3.090091169,-0.150747824
3.095062381,-0.150747824
3.100061611,-0.291924357
3.105061600,-0.291924357
3.110061793,-0.320638228
3.115063060,-0.320638228
3.120062549,-0.100498549
3.125062020,-0.100498549
3.130060880,0.110069840
3.135135998,0.110069840
3.140062451,-0.157926292
3.145062014,-0.157926292
3.150062022,-0.418743955
3.155061734,-0.418743955
3.160061778,-0.423529600
3.165061916,-0.423529600
3.170061812,-0.244067905
3.175063153,-0.244067905
3.180061828,0.122033953
3.185077650,0.122033953
3.190062658,0.320638228
3.195061888,0.320638228
3.200061803,0.062213388
3.205061941,0.062213388
3.210061726,-0.184247340
3.215061827,-0.184247340
3.220064149,-0.303888470
3.225061879,-0.303888470
3.230125072,-0.330209519
3.235062247,-0.330209519
3.240061736,-0.057427742
3.245060966,-0.057427742
3.250062437,0.074177501
3.255062963,0.074177501
3.260061952,-0.232103792
3.265061571,-0.232103792
3.270061968,-0.442672181
3.275062753,-0.442672181
3.280075298,-0.378065971
3.285061954,-0.378065971
3.290062110,-0.186640163
3.295061562,-0.186640163
3.300061848,0.212961211
3.305061559,0.212961211
3.310061585,0.294317180
3.315063038,0.294317180
3.320061712,-0.007178468
3.325119830,-0.007178468
3.330062413,-0.217746857
3.335061846,-0.217746857
3.340061651,-0.217746857
3.345061529,-0.311066938
3.350061462,-0.311066938
3.355062748,-0.263210486
3.360385604,-0.002392823
3.365069763,-0.002392823
3.370062993,-0.002392823
3.375116482,0.047856452
3.380062620,0.047856452
3.385061220,-0.308674115
3.390063080,-0.308674115
3.395061958,-0.442672181
3.400061633,-0.442672181
3.405061492,-0.373280326
3.410061870,-0.373280326
3.415062804,-0.124426775
3.420062682,-0.124426775
3.425079319,0.267996131
3.430062457,0.267996131
3.435062131,0.258424841
3.440061602,0.258424841
3.445061703,-0.052642097
3.450061821,-0.052642097
3.455062848,-0.251246373
3.460061485,-0.251246373
3.465061456,-0.318245406
3.470131000,-0.318245406
3.475061860,-0.222532502
3.480061646,-0.222532502
3.485061524,0.057427742
3.490061847,0.057427742
3.495062743,-0.028713871
3.500061732,-0.028713871
3.505065592,-0.356530567
3.510062896,-0.356530567
3.515063219,-0.418743955
3.520094967,-0.418743955
3.525062290,-0.363709035
3.530062260,-0.363709035
3.535062120,-0.052642097
3.540062017,-0.052642097
3.545061543,0.323031051
3.550061662,0.323031051
3.555062929,0.224925324
3.560061733,0.224925324
3.565136018,-0.088534436
3.570062137,-0.088534436
3.575062145,-0.279960244
3.580061616,-0.279960244
3.585061624,-0.334995164
3.590062409,-0.334995164
3.595062769,-0.155533469
3.600062166,-0.155533469
3.605061396,0.093320081
3.610061737,0.093320081
3.615150595,-0.081355968
3.620062308,-0.081355968
3.625062112,-0.406779842
3.630061934,-0.406779842
3.635061720,-0.416351132
3.640060709,-0.416351132
3.645062365,-0.315852583
3.650061632,-0.315852583
3.655063436,0.035892339
3.660134999,0.035892339
3.665061767,0.035892339
3.670061959,0.356530567
3.675061689,0.356530567
3.680061586,0.136390888
3.685062001,0.136390888
3.690062250,-0.143569356
3.695062906,-0.143569356
3.700061432,-0.299102825
3.705061773,-0.299102825
3.710149224,-0.320638228
3.715061937,-0.320638228
3.720062870,-0.110069840
3.725061860,-0.110069840
3.730061830,0.112462662
3.735063135,0.112462662
3.740065124,-0.165104759
3.745062946,-0.165104759
3.750062121,-0.437886536
3.755137091,-0.437886536
3.760061803,-0.387637261
3.765061700,-0.387637261
3.770060911,-0.267996131
3.775062678,-0.267996131
3.780061316,0.117248307
3.785061897,0.117248307
3.790061794,0.337387987
3.795062913,0.337387987
3.800061643,0.057427742
3.805189872,0.057427742
3.810065307,-0.179461695
3.815062777,-0.179461695
3.820063544,-0.296710002
3.825063200,-0.296710002
3.830063541,-0.313459761
3.835062808,-0.313459761
3.840062446,-0.038285162
3.845062046,-0.038285162
3.850062128,0.066999033
3.855094080,0.066999033
3.860061903,-0.227318147
3.865069855,-0.227318147
3.870063400,-0.466600407
3.875062315,-0.466600407
3.880063045,-0.387637261
3.885061997,-0.387637261
3.890061672,-0.198604276
3.895062976,-0.198604276
3.900061854,0.198604276
3.905111176,0.198604276
3.910062184,0.303888470
3.915061859,0.303888470
3.920064089,0.011964113
3.925062244,0.011964113
3.930061215,-0.208175566
3.935063945,-0.208175566
3.940061786,-0.311066938
3.945061627,-0.311066938
3.950061820,-0.270388954
3.955072050,-0.270388954
3.960061836,0.031106694
3.965061788,0.031106694
3.970061888,0.050249275
3.975061470,0.050249275
3.980061774,0.050249275
3.985061690,-0.301495648
3.990061827,-0.301495648
3.995062983,-0.435493713
4.000117731,-0.435493713
4.005066813,-0.361316213
4.010062988,-0.361316213
4.015060921,-0.102891372
4.020063651,-0.102891372
4.025070918,0.251246373
4.030064389,0.251246373
4.035062452,0.279960244
4.040061349,0.279960244
4.045061709,-0.045463629
4.050103586,-0.045463629
4.055062187,-0.267996131
4.060061936,-0.267996131
4.065061758,-0.339780809
4.070061951,-0.339780809
4.075063070,-0.229710970
4.080061837,-0.229710970
4.085061752,0.045463629
4.090062001,0.045463629
4.095063083,-0.011964113
4.100066350,-0.011964113
4.105066209,-0.354137745
4.110063476,-0.354137745
4.115067521,-0.425922423
4.120064140,-0.425922423
4.125062111,-0.327816696
4.130062452,-0.327816696
4.135063200,-0.052642097
4.140060912,-0.052642097
4.145136308,0.301495648
4.150062150,0.301495648
4.155061676,0.205782744
4.160061665,0.205782744
4.165061543,-0.098105727
4.170061681,-0.098105727
4.175062837,-0.263210486
4.180061789,-0.263210486
4.185063130,-0.339780809
4.190061730,-0.339780809
4.195108089,-0.153140646
4.200062264,-0.153140646
4.205061976,0.086141614
4.210061854,0.086141614
4.215068454,-0.100498549
4.220064184,-0.100498549
4.225061803,-0.394815729
4.230062237,-0.394815729
4.235063411,-0.423529600
4.240060919,-0.423529600
4.245076927,-0.291924357
4.250061286,-0.291924357
4.255062127,0.038285162
4.260061709,0.038285162
4.265062013,0.313459761
4.270061743,0.313459761
4.275062992,0.150747824
4.280061907,0.150747824
4.285061637,-0.145962179
4.290123496,-0.145962179
4.295061523,-0.145962179
4.300061753,-0.287138712
4.305061316,-0.287138712
4.310061528,-0.301495648
4.315062573,-0.301495648
4.320063191,-0.095712904
4.325062421,-0.095712904
4.330063485,0.100498549
4.335061807,0.100498549
4.340081519,-0.174676050
4.345061915,-0.174676050
4.350062071,-0.418743955
4.355061764,-0.418743955
4.360061939,-0.394815729
4.365071150,-0.394815729
4.370063028,-0.256032018
4.375062888,-0.256032018
4.380062859,0.119641130
4.385062218,0.119641130
4.390095485,0.315852583
4.395062197,0.315852583
4.400061779,0.069391855
4.405061620,0.069391855
4.410061072,-0.196211453
4.415063506,-0.196211453
4.420063180,-0.291924357
4.425062632,-0.291924357
4.430061862,-0.306281293
4.435062852,-0.306281293
4.440063415,-0.033499516
4.445061886,-0.033499516
4.450061819,0.062213388
4.455061383,0.062213388
4.460061872,-0.263210486
4.465061713,-0.263210486
4.470061610,-0.430708068
4.475062914,-0.430708068
4.480061736,-0.387637261
4.485114484,-0.387637261
4.490061956,-0.203389921
4.495061926,-0.203389921
4.500061601,0.224925324
4.505068090,0.224925324
4.510063172,0.289531535
4.515064605,0.289531535
4.520062354,0.016749758
4.525061936,0.016749758
4.530061740,-0.208175566
4.535096840,-0.208175566
4.540061774,-0.339780809
4.545061393,-0.339780809
4.550061845,-0.265603309
4.555062019,-0.265603309
4.560061768,0.035892339
4.565061535,0.035892339
4.570061895,0.040677984
4.575062606,0.040677984
4.580134984,-0.303888470
4.585061751,-0.303888470
4.590061926,-0.425922423
4.595061822,-0.425922423
4.600061478,-0.378065971
4.605061671,-0.378065971
4.610061772,-0.110069840
4.615062539,-0.110069840
4.620061972,-0.110069840
4.625061702,0.270388954
4.630086080,0.270388954
4.635062181,0.256032018
4.640061318,0.256032018
4.645061419,-0.026321049
4.650061945,-0.026321049
4.655063175,-0.253639196
4.660061609,-0.253639196
4.665060561,-0.337387987
4.670062643,-0.337387987
4.675132076,-0.210568389
4.680061584,-0.210568389
4.685062018,0.086141614
4.690061970,0.086141614
4.695061737,-0.026321049
4.700061615,-0.026321049
4.705061623,-0.356530567
4.710061445,-0.356530567
4.715063898,-0.418743955
4.720064498,-0.418743955
4.725097987,-0.358923390
4.730061402,-0.358923390
4.735062521,-0.047856452
4.740062270,-0.047856452
4.745061370,0.296710002
4.750062137,0.296710002
4.755063256,0.189032985
4.760061856,0.189032985
4.765062049,-0.086141614
4.770124871,-0.086141614
4.775061398,-0.279960244
4.780062091,-0.279960244
4.785061562,-0.339780809
4.790061644,-0.339780809
4.795062818,-0.129212420
4.800061641,-0.129212420
4.805084908,0.110069840
4.810064953,0.110069840
4.815064257,-0.088534436
4.820136523,-0.088534436
4.825062976,-0.394815729
4.830062484,-0.394815729
4.835062288,-0.418743955
4.840062036,-0.418743955
4.845062340,-0.311066938
4.850061848,-0.311066938
4.855062726,0.062213388
4.860061697,0.062213388
4.865074353,0.306281293
4.870142230,0.306281293
4.875062535,0.133998066
4.880063117,0.133998066
4.885062291,-0.143569356
4.890062207,-0.143569356
4.895063751,-0.303888470
4.900061629,-0.303888470
4.905061711,-0.334995164
4.910061534,-0.334995164
4.915062727,-0.078963146
4.920096457,-0.078963146
4.925062372,0.088534436
4.930061806,0.088534436
4.935061591,0.088534436
4.940061895,-0.177068872
4.945061718,-0.177068872
4.950061855,-0.411565487
4.955061678,-0.411565487
4.960062223,-0.421136778
4.965141007,-0.421136778
4.970062127,-0.251246373
4.975061653,-0.251246373
4.980061754,0.155533469
4.985061539,0.155533469
4.990061788,0.315852583
4.995062684,0.315852583
5.000061600,0.076570323
5.005065552,0.076570323
5.010063115,-0.196211453
5.015103548,-0.196211453
5.020062983,-0.320638228
5.025068361,-0.320638228
5.030063202,-0.296710002
5.035061747,-0.296710002
5.040061403,-0.026321049
5.045061873,-0.026321049
5.050060788,0.045463629
5.055062204,0.045463629
5.060148618,-0.222532502
5.065061923,-0.222532502
5.070062005,-0.409172665
5.075061364,-0.409172665
5.080061631,-0.397208552
5.085062121,-0.397208552
5.090061721,-0.189032985
5.095062729,-0.189032985
5.100061774,0.208175566
5.105061670,0.208175566
5.110099437,0.289531535
5.115062186,0.289531535
5.120063638,0.009571290
5.125061905,0.009571290
5.130061616,-0.229710970
5.135064032,-0.229710970
5.140061687,-0.320638228
5.145061547,-0.320638228
5.150061870,-0.253639196
5.155062600,-0.253639196
5.160065941,0.011964113
5.165061912,0.011964113
5.170061993,0.021535403
5.175061020,0.021535403
5.180062064,-0.301495648
5.185061572,-0.301495648
5.190061784,-0.428315245
5.195062588,-0.428315245
5.200061484,-0.354137745
5.205114621,-0.354137745
5.210062537,-0.102891372
5.215062452,-0.102891372
5.220066571,0.256032018
5.225063431,0.256032018
5.230062198,0.272781776
5.235061724,0.272781776
5.240061713,-0.043070807
5.245061925,-0.043070807
5.250061007,-0.267996131
5.255090125,-0.267996131
5.260062041,-0.267996131
5.265061659,-0.351744922
5.270061889,-0.351744922
5.275061397,-0.205782744
5.280061961,-0.205782744
5.285061691,0.057427742
5.290061698,0.057427742
5.295062650,-0.033499516
5.300136380,-0.033499516
5.305060962,-0.366101858
5.311021331,-0.447457826
5.315087292,-0.447457826
5.320075393,-0.447457826
5.325064216,-0.349352100
5.330064075,-0.349352100
5.335062898,-0.019142581
5.340061646,-0.019142581
5.345061784,0.301495648
5.350061958,0.301495648
5.355061521,0.189032985
5.360100566,0.189032985
5.365071000,-0.105284194
5.370063730,-0.105284194
5.375062182,-0.284745889
5.380062634,-0.284745889
5.385061975,-0.330209519
5.390061650,-0.330209519
5.395062991,-0.165104759
5.400061740,-0.165104759
5.405061599,0.098105727
5.410101699,0.098105727
5.415066596,-0.110069840
5.420064530,-0.110069840
5.425064852,-0.390030084
5.430062249,-0.390030084
5.435063257,-0.416351132
5.440062228,-0.416351132
5.445061865,-0.287138712
5.450060965,-0.287138712
5.455064306,0.052642097
5.460077203,0.052642097
5.465061822,0.330209519
5.470061682,0.330209519
5.475061393,0.141176533
5.480061808,0.141176533
5.485061501,-0.169890405
5.490061490,-0.169890405
5.495062998,-0.303888470
5.500061358,-0.303888470
5.505142920,-0.301495648
5.510062614,-0.301495648
5.515061659,-0.105284194
5.520063315,-0.105284194
5.525062693,0.076570323
5.530062016,0.076570323
5.535061190,-0.160319114
5.540062050,-0.160319114
5.545061650,-0.433100891
5.550061787,-0.433100891
5.555094813,-0.401994197
5.560061766,-0.401994197
5.565061514,-0.234496615
5.570061930,-0.234496615
5.575061808,-0.234496615
5.580061815,0.141176533
5.585061731,0.141176533
5.590061794,0.325423874
5.595063117,0.325423874
5.600144549,0.083748791
5.605061836,0.083748791
5.610061807,-0.229710970
5.615061481,-0.229710970
5.620062674,-0.313459761
5.625061848,-0.313459761
5.630061838,-0.284745889
5.635062586,-0.284745889
5.640061983,-0.021535403
5.645061787,-0.021535403
5.650098924,0.066999033
5.655061969,0.066999033
5.660061829,-0.234496615
5.665061688,-0.234496615
5.670062048,-0.457029117
5.675062815,-0.457029117
5.680061545,-0.413958310
5.685061701,-0.413958310
5.690061023,-0.157926292
5.695147012,-0.157926292
5.700061817,0.196211453
5.705061584,0.196211453
5.710061554,0.284745889
5.715064951,0.284745889
5.720066200,-0.007178468
5.725062837,-0.007178468
5.730061011,-0.224925324
5.735063945,-0.224925324
5.740061508,-0.334995164
5.745110868,-0.334995164
5.750062172,-0.277567422
5.755061754,-0.277567422
5.760061521,0.011964113
5.765062066,0.011964113
5.770061444,0.023928226
5.775062711,0.023928226
5.780061756,-0.301495648
5.785061430,-0.301495648
5.790061494,-0.459421939
5.795066057,-0.459421939
5.800061861,-0.363709035
5.805192312,-0.363709035
5.810064562,-0.093320081
5.815061995,-0.093320081
5.820062225,0.282353067
5.825063733,0.282353067
5.830062204,0.265603309
5.835061675,0.265603309
5.840061182,-0.050249275
5.845090560,-0.050249275
5.850061161,-0.279960244
5.855061835,-0.279960244
5.860062047,-0.337387987
5.865071573,-0.337387987
5.870063636,-0.196211453
5.875061940,-0.196211453
5.880062689,0.086141614
5.885061789,0.086141614
5.890061519,0.086141614
5.895081027,-0.040677984
5.900062072,-0.040677984
5.905061876,-0.361316213
5.910061754,-0.361316213
5.915066225,-0.435493713
5.920063455,-0.435493713
5.925062518,-0.354137745
5.930061748,-0.354137745
5.935062774,-0.016749758
5.940138800,-0.016749758
5.945060790,0.296710002
5.950062575,0.296710002
5.955062065,0.208175566
5.960061424,0.208175566
5.965061839,-0.112462662
5.970061644,-0.112462662
5.975062799,-0.282353067
5.980061270,-0.282353067
5.985061352,-0.330209519
5.990080286,-0.330209519
5.995061627,-0.136390888
6.000062042,-0.136390888
6.005066235,0.076570323
6.010062595,0.076570323
6.015063269,-0.102891372
6.020062610,-0.102891372
6.025068673,-0.385244439
6.030063681,-0.385244439
6.035062115,-0.411565487
6.040070548,-0.411565487
6.045061834,-0.279960244
6.050062009,-0.279960244
6.055061220,0.086141614
6.060061931,0.086141614
6.065061828,0.313459761
6.070061836,0.313459761
6.075062881,0.148355001
6.080061555,0.148355001
6.085113970,-0.193818631
6.090062145,-0.193818631
6.095062023,-0.311066938
6.100061605,-0.311066938
6.105064724,-0.303888470
6.110063861,-0.303888470
6.115067739,-0.074177501
6.120064191,-0.074177501
6.125062032,0.045463629
6.130062059,0.045463629
6.135099881,-0.198604276
6.140061371,-0.198604276
6.145061527,-0.425922423
6.150062442,-0.425922423
6.155061875,-0.394815729
6.160061587,-0.394815729
6.165061632,-0.227318147
6.170062176,-0.227318147
6.175062851,0.167497582
6.180061859,0.167497582
6.185062552,0.301495648
6.190062245,0.301495648
6.195061752,0.057427742
6.200060871,0.057427742
6.205061638,0.057427742
6.210061813,-0.193818631
6.215063265,-0.193818631
6.220063199,-0.339780809
6.225061632,-0.339780809
6.230114065,-0.296710002
6.235062055,-0.296710002
6.240061600,-0.004785645
6.245061274,-0.004785645
6.250061671,0.059820565
6.255062697,0.059820565
6.260061613,-0.234496615
6.265061306,-0.234496615
6.270061517,-0.437886536
6.275062858,-0.437886536
6.280065495,-0.397208552
6.285061651,-0.397208552
6.290061641,-0.141176533
6.295060926,-0.141176533
6.300061860,0.220139679
6.305061738,0.220139679
6.310061764,0.279960244
6.315062698,0.279960244
6.320062447,0.009571290
6.325061584,0.009571290
6.330065110,-0.234496615
6.335061322,-0.234496615
6.340060589,-0.330209519
6.345060930,-0.330209519
6.350060493,-0.234496615
6.355061686,-0.234496615
6.360060379,0.038285162
6.365068739,0.038285162
6.370061487,-0.026321049
6.375060773,-0.026321049
6.380061188,-0.308674115
6.385060344,-0.308674115
6.390060203,-0.461814762
6.395061304,-0.461814762
6.400060515,-0.363709035
6.405060801,-0.363709035
6.410060197,-0.047856452
6.415060261,-0.047856452
6.420062843,0.272781776
6.425061091,0.272781776
6.430060469,0.241675083
6.435062607,0.241675083
6.440060448,-0.047856452
6.445060844,-0.047856452
6.450060408,-0.282353067
6.455061878,-0.282353067
6.460060979,-0.349352100
6.465060468,-0.349352100
6.470060883,-0.186640163
6.475060484,-0.186640163
6.480060047,0.074177501
6.485060314,0.074177501
6.490060192,-0.078963146
6.495061478,-0.078963146
6.500060448,-0.363709035
6.505067030,-0.363709035
6.510062186,-0.437886536
6.515060768,-0.437886536
6.520063776,-0.327816696
6.525060376,-0.327816696
6.530060476,-0.327816696
6.535061262,0.023928226
6.540060640,0.023928226
6.545061000,0.320638228
6.550060322,0.320638228
6.555060478,0.155533469
6.560060671,0.155533469
6.565061197,-0.112462662
6.570060427,-0.112462662
6.575061750,-0.311066938
6.580060665,-0.311066938
6.585060414,-0.318245406
6.590060384,-0.318245406
6.595060411,-0.126819598
6.600060548,-0.126819598
6.605060426,0.055034920
6.610060804,0.055034920
6.615061849,-0.138783711
6.620063153,-0.138783711
6.625061161,-0.409172665
6.630061761,-0.409172665
6.635060677,-0.421136778
6.640060518,-0.421136778
6.645060359,-0.246460728
6.650060478,-0.246460728
6.655061745,0.081355968
6.660061475,0.081355968
6.665060223,0.318245406
6.670060342,0.318245406
6.675060924,0.122033953
6.680059876,0.122033953
6.685060384,-0.181854518
6.690060466,-0.181854518
6.695061788,-0.313459761
6.700060426,-0.313459761
6.705060489,-0.318245406
6.710060460,-0.318245406
6.715060153,-0.050249275
6.720063975,-0.050249275
6.725061798,0.088534436
6.730060732,0.088534436
6.735060925,-0.191425808
6.740060562,-0.191425808
6.745060847,-0.435493713
6.750060948,-0.435493713
6.755061474,-0.392422906
6.760061186,-0.392422906
6.765060323,-0.200997098
6.770060146,-0.200997098
6.775060246,0.169890405
6.780063291,0.169890405
6.785060632,0.313459761
6.790060917,0.313459761
6.795061888,0.043070807
6.800060229,0.043070807
6.805075681,-0.217746857
6.810062134,-0.217746857
6.815060401,-0.342173632
6.820064964,-0.342173632
6.825061731,-0.263210486
6.830063702,-0.263210486
6.835061191,-0.016749758
6.840060551,-0.016749758
6.845060429,-0.016749758
6.850061214,0.026321049
6.855060778,0.026321049
6.860060526,-0.282353067
6.865068219,-0.282353067
6.870062356,-0.442672181
6.875060012,-0.442672181
6.880061279,-0.366101858
6.885060787,-0.366101858
6.890060554,-0.138783711
6.895060821,-0.138783711
6.900060496,0.234496615
6.905060226,0.234496615
6.910060159,0.301495648
6.915060223,0.301495648
6.920063638,-0.002392823
6.925061183,-0.002392823
6.930060783,-0.258424841
6.935061957,-0.258424841
6.940061336,-0.354137745
6.945060232,-0.354137745
6.950060944,-0.224925324
6.955060396,-0.224925324
6.960060644,0.045463629
6.965060504,0.045463629
6.970060456,0.002392823
6.975061946,0.002392823
6.980060805,-0.337387987
6.985060406,-0.337387987
6.990059876,-0.430708068
6.995060421,-0.430708068
7.000060299,-0.349352100
7.005065381,-0.349352100
7.010062555,-0.069391855
7.015061915,-0.069391855
7.020064460,0.303888470
7.025069801,0.303888470
7.030062624,0.236889437
7.035060520,0.236889437
7.040060732,-0.110069840
7.045061462,-0.110069840
7.050060747,-0.275174599
7.055060811,-0.275174599
7.060061003,-0.346959277
7.065060641,-0.346959277
7.070061075,-0.177068872
7.075060731,-0.177068872
7.080060775,0.052642097
7.085060450,0.052642097
7.090060661,-0.047856452
7.095061187,-0.047856452
7.100060806,-0.397208552
7.105060147,-0.397208552
7.110060766,-0.428315245
7.115060089,-0.428315245
7.120062874,-0.301495648
7.125061401,-0.301495648
7.130060594,0.040677984
7.135061953,0.040677984
7.140061165,0.315852583
7.145060487,0.315852583
7.150060588,0.150747824
7.155061003,0.150747824
7.160060381,0.150747824
7.165060241,-0.129212420
7.170060323,-0.129212420
7.175060534,-0.315852583
7.180060227,-0.315852583
7.185060272,-0.315852583
7.190060298,-0.315852583
7.195061176,-0.093320081
7.200061073,-0.093320081
7.205060636,0.078963146
7.210060551,0.078963146
7.215060374,-0.145962179
7.220063456,-0.145962179
7.225060945,-0.437886536
7.230061471,-0.437886536
7.235065905,-0.409172665
7.240062450,-0.409172665
7.245060532,-0.251246373
7.250060743,-0.251246373
7.255061214,0.131605243
7.260061351,0.131605243
7.265060803,0.325423874
7.270061033,0.325423874
7.275061597,0.088534436
7.280060567,0.088534436
7.285060797,-0.198604276
7.290060472,-0.198604276
7.295060165,-0.332602341
7.300060802,-0.332602341
7.305060180,-0.303888470
7.310060096,-0.303888470
7.315061381,-0.050249275
7.320062407,-0.050249275
7.325061156,0.064606210
7.330063071,0.064606210
7.335059671,-0.232103792
7.340058790,-0.232103792
7.345060798,-0.440279358
7.350060473,-0.440279358
7.355060962,-0.387637261
7.360060358,-0.387637261
7.365069311,-0.169890405
7.370062355,-0.169890405
7.375060437,0.203389921
7.380061297,0.203389921
7.385060360,0.311066938
7.390060405,0.311066938
7.395062079,0.021535403
7.400060180,0.021535403
7.405059706,-0.239282260
7.410060455,-0.239282260
7.415060759,-0.306281293
7.420062878,-0.306281293
7.425061496,-0.260817663
7.430061319,-0.260817663
7.435060790,0.021535403
7.440060335,0.021535403
7.445060472,0.023928226
7.450060350,0.023928226
7.455062080,-0.287138712
7.460061384,-0.287138712
7.465060355,-0.430708068
7.470060326,-0.430708068
7.475060389,-0.430708068
7.480060619,-0.368494680
7.485060312,-0.368494680
7.490060042,-0.119641130
7.495061513,-0.119641130
7.500060131,0.253639196
7.505067324,0.253639196
7.510061610,0.284745889
7.515060396,0.284745889
7.520061996,-0.035892339
7.525061707,-0.035892339
7.530060437,-0.287138712
7.535060741,-0.287138712
7.540060397,-0.346959277
7.545060109,-0.346959277
7.550060191,-0.217746857
7.555061050,-0.217746857
7.560059465,0.059820565
7.565060232,0.059820565
7.570060351,-0.021535403
7.575061489,-0.021535403
7.580060145,-0.358923390
7.585060023,-0.358923390
7.590061086,-0.445065004
7.595060205,-0.445065004
7.600060305,-0.327816696
7.605060239,-0.327816696
7.610059821,-0.011964113
7.615061125,-0.011964113
7.620061577,0.308674115
7.625060548,0.308674115
7.630060204,0.203389921
7.635060360,0.203389921
7.640060534,-0.119641130
7.645060227,-0.119641130
7.650060105,-0.287138712
7.655061280,-0.287138712
7.660059787,-0.318245406
7.665060184,-0.318245406
7.670060136,-0.150747824
7.675060718,-0.150747824
7.680060170,0.088534436
7.685060326,0.088534436
7.690060149,-0.102891372
7.695060342,-0.102891372
7.700060183,-0.390030084
7.705060191,-0.390030084
7.710060495,-0.423529600
7.715059836,-0.423529600
7.720062955,-0.279960244
7.725064018,-0.279960244
7.730061785,0.071784678
7.735061422,0.071784678
7.740060449,0.323031051
7.745060457,0.323031051
7.750061372,0.145962179
7.755062046,0.145962179
7.760060276,-0.169890405
7.765059988,-0.169890405
7.770060199,-0.313459761
7.775060355,-0.313459761
7.780060752,-0.306281293
7.785060611,-0.306281293
7.790060360,-0.083748791
7.795061386,-0.083748791
7.800060209,-0.083748791
7.805078568,0.057427742
7.810062187,0.057427742
7.815060399,-0.169890405
7.820062536,-0.169890405
7.825061414,-0.423529600
7.830061274,-0.423529600
7.835060967,-0.399601374
7.840061011,-0.399601374
7.845061130,-0.234496615
7.850060416,-0.234496615
7.855060442,0.153140646
7.860060228,0.153140646
7.865068421,0.308674115
7.870061854,0.308674115
7.875061566,0.069391855
7.880060611,0.069391855
7.885060341,-0.220139679
7.890060126,-0.220139679
7.895061375,-0.344566454
7.900060234,-0.344566454
7.905060112,-0.282353067
7.910060898,-0.282353067
7.915060554,-0.019142581
7.920063062,-0.019142581
7.925061421,0.045463629
7.930060762,0.045463629
7.935061918,-0.251246373
7.940061556,-0.251246373
7.945060638,-0.452243471
7.950060405,-0.452243471
7.955060375,-0.373280326
7.960060772,-0.373280326
7.965060465,-0.141176533
7.970060084,-0.141176533
7.975062036,0.217746857
7.980060414,0.217746857
7.985060977,0.299102825
7.990060300,0.299102825
7.995060623,0.007178468
8.000060297,0.007178468
8.005067601,-0.265603309
8.010062109,-0.265603309
8.015062246,-0.332602341
8.020061791,-0.332602341
8.025066206,-0.239282260
8.030062584,-0.239282260
8.035060370,0.016749758
8.040060711,0.016749758
8.045060682,-0.002392823
8.050061041,-0.002392823
8.055060845,-0.320638228
8.060060427,-0.320638228
8.065060250,-0.466600407
8.070060961,-0.466600407
8.075064339,-0.358923390
8.080064329,-0.358923390
8.085061948,-0.055034920
8.090060844,-0.055034920
8.095061722,0.279960244
8.100060564,0.279960244
8.105064794,0.258424841
8.110063135,0.258424841
8.115062402,0.258424841
8.120061835,-0.093320081
8.125060936,-0.093320081
8.130060851,-0.284745889
8.135060711,-0.284745889
8.140061015,-0.337387987
8.145060300,-0.337387987
8.150060475,-0.167497582
8.155061871,-0.167497582
8.160060842,0.071784678
8.165060998,0.071784678
8.170060246,-0.062213388
8.175060217,-0.062213388
8.180060577,-0.387637261
8.185060214,-0.387637261
8.190060148,-0.425922423
8.195061470,-0.425922423
8.200060534,-0.301495648
8.205060560,-0.301495648
8.210060549,0.016749758
8.215060001,0.016749758
8.220061787,0.330209519
8.225064276,0.330209519
8.230062136,0.179461695
8.235062347,0.179461695
8.240061003,-0.150747824
8.245060604,-0.150747824
8.250061130,-0.301495648
8.255060545,-0.301495648
8.260060812,-0.334995164
8.265060227,-0.334995164
8.270060383,-0.124426775
8.275061261,-0.124426775
8.280059973,0.064606210
8.285059962,0.064606210
8.290060285,-0.119641130
8.295060478,-0.119641130
8.300060208,-0.413958310
8.305060160,-0.413958310
8.310060075,-0.416351132
8.315061342,-0.416351132
8.320061794,-0.251246373
8.325061413,-0.251246373
8.330061958,0.095712904
8.335060021,0.095712904
8.340058603,0.318245406
8.345059037,0.318245406
8.350060767,0.117248307
8.355061849,0.117248307
8.360060338,-0.184247340
8.365069364,-0.184247340
8.370061724,-0.303888470
8.375061398,-0.303888470
8.380061480,-0.318245406
8.385060321,-0.318245406
8.390060607,-0.062213388
8.395060226,-0.062213388
8.400060770,0.071784678
8.405060111,0.071784678
8.410060212,-0.208175566
8.415060571,-0.208175566
8.420062079,-0.433100891
8.425061587,-0.433100891
8.430060539,-0.433100891
8.435059825,-0.390030084
8.440060462,-0.390030084
8.445060729,-0.186640163
8.450060459,-0.186640163
8.455062115,0.174676050
8.460060549,0.174676050
8.465060501,0.294317180
8.470060324,0.294317180
8.475060442,0.019142581
8.480060561,0.019142581
8.485060847,-0.241675083
8.490060632,-0.241675083
8.495061325,-0.339780809
8.500060426,-0.339780809
8.505066619,-0.260817663
8.510062126,-0.260817663
8.515061393,0.000000000
8.520061920,0.000000000
8.525061224,0.026321049
8.530061120,0.026321049
8.535060295,-0.299102825
8.540060025,-0.299102825
8.545060403,-0.445065004
8.550060614,-0.445065004
8.555060474,-0.337387987
8.560060408,-0.337387987
8.565060045,-0.090927259
8.570060164,-0.090927259
8.575061635,0.244067905
8.580060476,0.244067905
8.585060298,0.272781776
8.590060214,0.272781776
8.595060740,-0.021535403
8.600060044,-0.021535403
8.605060255,-0.267996131
8.610060041,-0.267996131
8.615060178,-0.344566454
8.620061649,-0.344566454
8.625060916,-0.193818631
8.630060461,-0.193818631
8.635060321,0.045463629
8.640101717,0.045463629
8.645093206,-0.031106694
8.650062436,-0.031106694
8.655058648,-0.349352100
8.660059193,-0.349352100
8.665058423,-0.428315245
8.670062208,-0.428315245
8.675060531,-0.344566454
8.680060094,-0.344566454
8.685060713,-0.021535403
8.690060536,-0.021535403
8.695060006,0.315852583
8.700060292,0.315852583
8.705060689,0.220139679
8.710060382,0.220139679
8.715061852,-0.124426775
8.720063119,-0.124426775
8.725061479,-0.296710002
8.730060746,-0.296710002
8.735061328,-0.344566454
8.740064113,-0.344566454
8.745061825,-0.141176533
8.750060647,-0.141176533
8.755060803,-0.141176533
8.760060404,0.105284194
8.765060615,0.105284194
8.770060993,-0.114855485
8.775061668,-0.114855485
8.780060638,-0.416351132
8.785060294,-0.416351132
8.790060247,-0.399601374
8.795060384,-0.399601374
8.800060836,-0.258424841
8.805074844,-0.258424841
8.810061648,0.074177501
8.815061600,0.074177501
8.820063756,0.318245406
8.825061486,0.318245406
8.830054568,0.153140646
8.835061779,0.153140646
8.840058898,-0.179461695
8.845061110,-0.179461695
8.850060192,-0.311066938
8.855061533,-0.311066938
8.860060596,-0.323031051
8.865069696,-0.323031051
8.870062982,-0.071784678
8.875070693,-0.071784678
8.880062960,0.078963146
8.885061135,0.078963146
8.890060717,-0.181854518
8.895061799,-0.181854518
8.900060621,-0.433100891
8.905060647,-0.433100891
8.910060785,-0.394815729
8.915060737,-0.394815729
8.920062023,-0.229710970
8.925061178,-0.229710970
8.930060371,0.172283227
8.935060916,0.172283227
8.940060331,0.325423874
8.945060302,0.325423874
8.950060365,0.055034920
8.955061188,0.055034920
8.960060585,-0.200997098
8.965060167,-0.200997098
8.970060600,-0.330209519
8.975060478,-0.330209519
8.980060486,-0.284745889
8.985060587,-0.284745889
8.990060557,-0.002392823
8.995061732,-0.002392823
9.000060295,0.050249275
9.005025396,0.050249275
9.010061755,-0.277567422
9.015061226,-0.277567422
9.020062363,-0.430708068
9.025068000,-0.430708068
9.030062342,-0.378065971
9.035060757,-0.378065971
9.040060709,-0.155533469
9.045061013,-0.155533469
9.050061076,0.229710970
9.055060936,0.229710970
9.060060759,0.289531535
9.065060470,0.289531535
9.070060904,0.289531535
9.075062152,-0.031106694
9.080060586,-0.031106694
9.085060705,-0.265603309
9.090061064,-0.265603309
9.095060294,-0.325423874
9.100060950,-0.325423874
9.105060106,-0.236889437
9.110060355,-0.236889437
9.115061511,0.028713871
9.120061981,0.028713871
9.125060934,0.007178468
9.130060330,0.007178468
9.135060542,-0.313459761
9.140060161,-0.313459761
9.145060076,-0.437886536
9.150060047,-0.437886536
9.155061628,-0.342173632
9.160059821,-0.342173632
9.165060848,-0.076570323
9.170060059,-0.076570323
9.175060900,0.294317180
9.180059982,0.294317180
9.185060156,0.246460728
9.190060109,0.246460728
9.195060709,-0.078963146
9.200060458,-0.078963146
9.205060076,-0.284745889
9.210060362,-0.284745889
9.215061296,-0.330209519
9.220062359,-0.330209519
9.225060756,-0.174676050
9.230061282,-0.174676050
9.235060364,0.081355968
9.240060612,0.081355968
9.245060639,-0.076570323
9.250067535,-0.076570323
9.255063043,-0.399601374
9.260061236,-0.399601374
9.265060855,-0.437886536
9.270060511,-0.437886536
9.275060370,-0.318245406
9.280060378,-0.318245406
9.285060608,0.026321049
9.290060227,0.026321049
9.295062087,0.327816696
9.300060687,0.327816696
9.305061047,0.177068872
9.310060295,0.177068872
9.315060229,-0.138783711
9.320063014,-0.138783711
9.325061874,-0.339780809
9.330060622,-0.339780809
9.335060834,-0.325423874
9.340060286,-0.325423874
9.345060424,-0.102891372
9.350060505,-0.102891372
9.355060439,0.078963146
9.360060539,0.078963146
9.365068121,-0.155533469
9.370061851,-0.155533469
9.375066452,-0.413958310
9.380061441,-0.413958310
9.385060949,-0.413958310
9.390061142,-0.394815729
9.395060760,-0.394815729
9.400060361,-0.239282260
9.405060369,-0.239282260
9.410060173,0.114855485
9.415061199,0.114855485
9.420064336,0.325423874
9.425061418,0.325423874
9.430060370,0.098105727
9.435061563,0.098105727
9.440060367,-0.205782744
9.445060579,-0.205782744
9.450060364,-0.306281293
9.455060872,-0.306281293
9.460060621,-0.306281293
9.465060332,-0.306281293
9.470060173,-0.052642097
9.475061663,-0.052642097
9.480060874,0.074177501
9.485061067,0.074177501
9.490060593,-0.215354034
9.495060601,-0.215354034
9.500060664,-0.464207584
9.505068339,-0.464207584
9.510061791,-0.382851616
9.515062058,-0.382851616
9.520061177,-0.200997098
9.525061148,-0.200997098
9.530060396,0.200997098
9.535060459,0.200997098
9.540060652,0.318245406
9.545060734,0.318245406
9.550061186,0.014356936
9.555062102,0.014356936
9.560060202,-0.263210486
9.565060321,-0.263210486
9.570060310,-0.320638228
9.575059818,-0.320638228
9.580060937,-0.260817663
9.585060389,-0.260817663
9.590060619,-0.002392823
9.595061497,-0.002392823
9.600060394,0.021535403
9.605060605,0.021535403
9.610060854,-0.272781776
9.615061213,-0.272781776
9.620060851,-0.445065004
9.625060192,-0.445065004
9.630060477,-0.349352100
9.635061763,-0.349352100
9.640060511,-0.110069840
9.645061130,-0.110069840
9.650060490,0.272781776
9.655060794,0.272781776
9.660060357,0.272781776
9.665060328,0.272781776
9.670060465,-0.026321049
9.675061807,-0.026321049
9.680060666,-0.265603309
9.685060396,-0.265603309
9.690060515,-0.330209519
9.695060801,-0.330209519
9.700060790,-0.330209519
9.705060483,-0.203389921
9.710061009,-0.203389921
9.715060739,0.050249275
9.720066358,0.050249275
9.725062143,-0.057427742
9.730060503,-0.057427742
9.735061974,-0.366101858
9.740061667,-0.366101858
9.745060656,-0.442672181
9.750060793,-0.442672181
9.755060542,-0.325423874
9.760060531,-0.325423874
9.765060520,-0.016749758
9.770060584,-0.016749758
9.775061851,0.330209519
9.780060210,0.330209519
9.785060681,0.189032985
9.790060948,0.189032985
9.795060697,-0.117248307
9.800060575,-0.117248307
9.805075842,-0.301495648
9.810062072,-0.301495648
9.815061691,-0.332602341
9.820063865,-0.332602341
9.825061688,-0.143569356
9.830060788,-0.143569356
9.835061833,0.086141614
9.840061100,0.086141614
9.845061052,-0.124426775
9.850060801,-0.124426775
9.855062160,-0.394815729
9.860060353,-0.394815729
9.865069898,-0.394815729
9.870062258,-0.394815729
9.875060488,-0.270388954
9.880060588,-0.270388954
9.885060485,0.105284194
9.890060455,0.105284194
9.895062074,0.308674115
9.900060897,0.308674115
9.905060349,0.122033953
9.910060190,0.122033953
9.915061346,-0.174676050
9.920063428,-0.174676050
9.925061436,-0.296710002
9.930060999,-0.296710002
9.935060785,-0.315852583
9.940060385,-0.315852583
9.945060115,-0.064606210
9.950060493,-0.064606210
9.955061779,0.093320081
9.960060657,0.093320081
9.965060813,-0.193818631
9.970060376,-0.193818631
9.975060569,-0.452243471
9.980060836,-0.452243471
9.985060399,-0.411565487
9.990060314,-0.411565487
9.995061693,-0.200997098
10.000060386,-0.200997098
10.005070282,0.167497582
10.010062308,0.167497582
10.015060631,0.320638228
10.020064602,0.320638228
10.025069017,0.320638228
10.030061951,0.052642097
10.035060403,0.052642097
10.040059966,-0.236889437
10.045060622,-0.236889437
10.050061667,-0.330209519
10.055060952,-0.330209519
10.060061182,-0.289531535
10.065060653,-0.289531535
10.070060716,-0.004785645
10.075060761,-0.004785645
10.080060658,0.031106694
10.085060425,0.031106694
10.090060599,-0.267996131
10.095060737,-0.267996131
10.100060467,-0.452243471
10.105063141,-0.452243471
10.110063205,-0.366101858
10.115060657,-0.366101858
10.120062405,-0.136390888
10.125061506,-0.136390888
10.130061143,0.232103792
10.135061336,0.232103792
10.140060473,0.287138712
10.145060389,0.287138712
10.150060711,-0.021535403
10.155060645,-0.021535403
10.160060579,-0.284745889
10.165060494,-0.284745889
10.170060483,-0.344566454
10.175061880,-0.344566454
10.180060887,-0.232103792
10.185060469,-0.232103792
10.190061255,0.052642097
10.195060725,0.052642097
10.200060400,-0.026321049
10.205060408,-0.026321049
10.210060415,-0.356530567
10.215061794,-0.356530567
10.220064079,-0.425922423
10.225060883,-0.425922423
10.230060335,-0.354137745
10.235060751,-0.354137745
10.240060777,-0.052642097
10.245060562,-0.052642097
10.250060496,0.313459761
10.255061911,0.313459761
10.260060678,0.208175566
10.265060686,0.208175566
10.270060175,-0.098105727
10.275060535,-0.098105727
10.280060450,-0.279960244
10.285061273,-0.279960244
10.290060540,-0.344566454
10.295061603,-0.344566454
10.300060870,-0.177068872
10.305060415,-0.177068872
10.310060515,0.093320081
10.315060338,0.093320081
10.320060383,-0.098105727
10.325060501,-0.098105727
10.330060361,-0.385244439
10.335060369,-0.385244439
10.340060377,-0.385244439
10.345060070,-0.425922423
10.350061040,-0.425922423
10.355060511,-0.294317180
10.360060537,-0.294317180
10.365069323,0.066999033
10.370061812,0.066999033
10.375061616,0.327816696
10.380061013,0.327816696
10.385060521,0.136390888
10.390060399,0.136390888
10.395060907,-0.181854518
10.400060414,-0.181854518
10.405060441,-0.320638228
10.410060541,-0.320638228
10.415060882,-0.332602341
10.420061019,-0.332602341
10.425060398,-0.076570323
10.430061239,-0.076570323
10.435061672,0.071784678
10.440061291,0.071784678
10.445061058,-0.155533469
10.450059992,-0.155533469
10.455060296,-0.430708068
10.460060656,-0.430708068
10.465060219,-0.411565487
10.470060264,-0.411565487
10.475061568,-0.246460728
10.480060298,-0.246460728
10.485060435,0.150747824
10.490060184,0.150747824
10.495060303,0.339780809
10.500060366,0.339780809
10.505066003,0.076570323
10.510062770,0.076570323
10.515061852,-0.208175566
10.520061156,-0.208175566
10.525060905,-0.327816696
10.530060413,-0.327816696
10.535060994,-0.294317180
10.540060780,-0.294317180
10.545060417,-0.014356936
10.550060314,-0.014356936
10.555061025,0.028713871
10.560060459,0.028713871
10.565060504,-0.239282260
10.570060771,-0.239282260
10.575060631,-0.421136778
10.580060342,-0.421136778
10.585060331,-0.392422906
10.590060784,-0.392422906
10.595061884,-0.165104759
10.600060429,-0.165104759
10.605060733,0.224925324
10.610060463,0.224925324
10.615060230,0.301495648
10.620061182,0.301495648
10.625060782,0.035892339
10.630060549,0.035892339
10.635061279,-0.244067905
10.640060528,-0.244067905
10.645060406,-0.323031051
10.650060358,-0.323031051
10.655061051,-0.323031051
10.660060281,-0.246460728
10.665060270,-0.246460728
10.670061037,0.016749758
10.675061267,0.016749758
10.680060479,-0.016749758
10.685060320,-0.016749758
10.690060254,-0.299102825
10.695061410,-0.299102825
10.700060732,-0.435493713
10.705060462,-0.435493713
10.710059988,-0.358923390
10.715061552,-0.358923390
10.720069726,-0.076570323
10.725064475,-0.076570323
10.730063482,0.272781776
10.735063175,0.272781776
10.740061220,0.256032018
10.745060580,0.256032018
10.750060514,-0.064606210
10.755060707,-0.064606210
10.760061011,-0.279960244
10.765060537,-0.279960244
10.770060526,-0.334995164
10.775061571,-0.334995164
10.780060338,-0.193818631
10.785060753,-0.193818631
10.790060391,0.074177501
10.795060621,0.074177501
10.800060369,-0.064606210
10.805076414,-0.064606210
10.810063477,-0.354137745
10.815061837,-0.354137745
10.820061548,-0.421136778
10.825061426,-0.421136778
10.830061027,-0.327816696
10.835062590,-0.327816696
10.840061079,0.023928226
10.845060143,0.023928226
10.850060447,0.296710002
10.855061658,0.296710002
10.860060259,0.153140646
10.865071951,0.153140646
10.870062811,-0.141176533
10.875060726,-0.141176533
10.880060234,-0.284745889
10.885060964,-0.284745889
10.890061194,-0.325423874
10.895060776,-0.325423874
10.900060265,-0.112462662
10.905060254,-0.112462662
10.910060281,0.076570323
10.915061696,0.076570323
10.920061926,-0.141176533
10.925060971,-0.141176533
10.930060664,-0.406779842
10.935060449,-0.406779842
10.940060549,-0.437886536
10.945060483,-0.437886536
10.950060195,-0.270388954
10.955062091,-0.270388954
10.960060229,0.105284194
10.965060236,0.105284194
10.970059652,0.306281293
10.975060271,0.306281293
10.980060204,0.306281293
10.985060786,0.129212420
10.990060405,0.129212420
10.995062153,-0.186640163
11.000060180,-0.186640163
11.005067317,-0.330209519
11.010062047,-0.330209519
11.015061240,-0.301495648
11.020063229,-0.301495648
11.025066793,-0.040677984
11.030062467,-0.040677984
11.035059827,0.071784678
11.040061409,0.071784678
11.045060546,-0.191425808
11.050061480,-0.191425808
11.055060024,-0.428315245
11.060060495,-0.428315245
11.065060410,-0.411565487
11.070060603,-0.411565487
11.075062222,-0.184247340
11.080060471,-0.184247340
11.085060497,0.172283227
11.090060301,0.172283227
11.095060624,0.313459761
11.100060724,0.313459761
11.105060343,0.055034920
11.110060277,0.055034920
11.115061321,-0.217746857
11.120061181,-0.217746857
11.125061004,-0.318245406
11.130060252,-0.318245406
11.135061871,-0.256032018
11.140060397,-0.256032018
11.145060738,-0.004785645
11.150060524,-0.004785645
11.155060772,0.031106694
11.160060206,0.031106694
11.165060158,-0.253639196
11.170060351,-0.253639196
11.175061322,-0.454636294
11.180060626,-0.454636294
11.185060504,-0.380458793
11.190060364,-0.380458793
11.195060131,-0.133998066
11.200060620,-0.133998066
11.205060350,0.232103792
11.210060506,0.232103792
11.215061458,0.275174599
11.220063466,0.275174599
11.225060751,-0.011964113
11.230060278,-0.011964113
11.235060711,-0.275174599
11.240060904,-0.275174599
11.245060820,-0.315852583
11.250060679,-0.315852583
11.255061909,-0.215354034
11.260060565,-0.215354034
11.265060721,0.016749758
11.270060340,0.016749758
11.275060459,-0.016749758
11.280060318,-0.016749758
11.285060363,-0.327816696
11.290060130,-0.327816696
11.295061212,-0.327816696
11.300060183,-0.442672181
11.305060765,-0.442672181
11.310060513,-0.344566454
11.315059891,-0.344566454
11.320061010,-0.047856452
11.325060703,-0.047856452
11.330060063,0.277567422
11.335062348,0.277567422
11.340061115,0.222532502
11.345060549,0.222532502
11.350060612,-0.098105727
11.355060324,-0.098105727
11.360060387,-0.301495648
11.365072543,-0.301495648
11.370061940,-0.325423874
11.375061522,-0.325423874
11.380060029,-0.136390888
11.385060482,-0.136390888
11.390060304,0.064606210
11.395061497,0.064606210
11.400060227,-0.069391855
11.405060105,-0.069391855
11.410060113,-0.387637261
11.415060232,-0.387637261
11.420063406,-0.445065004
11.425061229,-0.445065004
11.430060588,-0.299102825
11.435061763,-0.299102825
11.440060530,0.057427742
11.445060186,0.057427742
11.450060582,0.311066938
11.455060368,0.311066938
11.460060413,0.167497582
11.465060735,0.167497582
11.470060262,-0.153140646
11.475061529,-0.153140646
11.480060296,-0.320638228
11.485060304,-0.320638228
11.490060034,-0.334995164
11.495060430,-0.334995164
11.500060308,-0.095712904
11.505067631,-0.095712904
11.510061916,0.064606210
11.515062517,0.064606210
11.520061710,-0.177068872
11.525061569,-0.177068872
11.530061077,-0.442672181
11.535060326,-0.442672181
11.540060093,-0.423529600
11.545060619,-0.423529600
11.550060516,-0.212961211
11.555061653,-0.212961211
11.560060939,0.133998066
11.565060372,0.133998066
11.570060436,0.318245406
11.575060129,0.318245406
11.580060618,0.086141614
11.585060292,0.086141614
11.590060522,-0.198604276
11.595061585,-0.198604276
11.600060371,-0.320638228
11.605060434,-0.320638228
11.610060294,-0.320638228
11.615060117,-0.301495648
11.620061310,-0.301495648
11.625061873,-0.033499516
11.630060362,-0.033499516
11.635061481,0.069391855
11.640060285,0.069391855
11.645059793,-0.191425808
11.650060319,-0.191425808
11.655060679,-0.449850649
11.660060464,-0.449850649
11.665060176,-0.418743955
11.670060146,-0.418743955
11.675061136,-0.177068872
11.680060069,-0.177068872
11.685060207,0.193818631
11.690060400,0.193818631
11.695060741,0.308674115
11.700060100,0.308674115
11.705060034,0.019142581
11.710060283,0.019142581
11.715060253,-0.236889437
11.720061261,-0.236889437
11.725061213,-0.346959277
11.730060240,-0.346959277
11.735061488,-0.241675083
11.740060977,-0.241675083
11.745059744,0.016749758
11.750060456,0.016749758
11.755060223,0.028713871
11.760060194,0.028713871
11.765060164,-0.282353067
11.770060228,-0.282353067
11.775061365,-0.483350165
11.780060206,-0.483350165
11.785060918,-0.378065971
11.790060129,-0.378065971
11.795060211,-0.076570323
11.800060385,-0.076570323
11.805076134,0.260817663
11.810066327,0.260817663
11.815063261,0.263210486
11.820062213,0.263210486
11.825061128,-0.023928226
11.830060895,-0.023928226
11.835063051,-0.289531535
11.840061225,-0.289531535
11.845061048,-0.344566454
11.850060482,-0.344566454
11.855061767,-0.181854518
11.860060460,-0.181854518
11.865075338,0.062213388
11.870062216,0.062213388
11.875060187,-0.035892339
11.880060825,-0.035892339
11.885060814,-0.349352100
11.890060525,-0.349352100
11.895062200,-0.461814762
11.900060337,-0.461814762
11.905060419,-0.346959277
11.910060186,-0.346959277
11.915062583,-0.002392823
11.920071701,-0.002392823
11.925064191,0.296710002
11.930060365,0.296710002
11.935060206,0.296710002
11.940060233,0.217746857
11.945060148,0.217746857
11.950060730,-0.107677017
11.955060330,-0.107677017
11.960059912,-0.289531535
11.965061327,-0.339780809
11.973795318,-0.339780809
11.975067842,-0.339780809
11.980060721,-0.126819598
11.985060784,-0.126819598
11.990060718,0.078963146
11.995061188,0.078963146
12.000060196,-0.086141614
12.005065037,-0.086141614
12.010062638,-0.385244439
12.015064479,-0.385244439
12.020062727,-0.428315245
12.025070420,-0.428315245
12.030061706,-0.272781776
12.035059788,-0.272781776
12.040059814,0.050249275
12.045059081,0.050249275
12.050059144,0.318245406
12.055061022,0.318245406
12.060060882,0.145962179
12.065061186,0.145962179
12.070060583,-0.179461695
12.075062276,-0.179461695
12.080061080,-0.325423874
12.085060439,-0.325423874
12.090060373,-0.313459761
12.095060788,-0.313459761
12.100060296,-0.083748791
12.105060563,-0.083748791
12.110065867,0.066999033
12.115062967,0.066999033
12.120063734,-0.191425808
12.125064946,-0.191425808
12.130061231,-0.423529600
12.135060739,-0.423529600
12.140060580,-0.421136778
12.145060773,-0.421136778
12.150060392,-0.203389921
12.155061548,-0.203389921
12.160059722,0.150747824
12.165060378,0.150747824
12.170061090,0.325423874
12.175060172,0.325423874
12.180060105,0.088534436
12.185060335,0.088534436
12.190060917,-0.215354034
12.195061369,-0.215354034
12.200060229,-0.344566454
12.205060422,-0.344566454
12.210060541,-0.284745889
12.215060697,-0.284745889
12.220064964,-0.016749758
12.225061731,-0.016749758
12.230060794,0.050249275
12.235061172,0.050249275
12.240060550,-0.241675083
12.245060799,-0.241675083
12.250060696,-0.241675083
12.255060722,-0.452243471
12.260060452,-0.452243471
12.265060237,-0.404387019
12.270060560,-0.404387019
12.275061790,-0.138783711
12.280060464,-0.138783711
12.285060435,0.205782744
12.290060591,0.205782744
12.295061099,0.291924357
12.300060699,0.291924357
12.305060707,0.014356936
12.310060196,0.014356936
12.315060056,-0.267996131
12.320061971,-0.267996131
12.325060831,-0.349352100
12.330061209,-0.349352100
12.335062254,-0.222532502
12.340059743,-0.222532502
12.345059528,0.023928226
12.350058962,0.023928226
12.355058877,-0.021535403
12.360060848,-0.021535403
12.365071189,-0.306281293
12.370063030,-0.306281293
12.375061760,-0.452243471
12.380060675,-0.452243471
12.385061368,-0.346959277
12.390060432,-0.346959277
12.395060402,-0.076570323
12.400060410,-0.076570323
12.405060603,0.239282260
12.410060222,0.239282260
12.415061359,0.253639196
12.420062793,0.253639196
12.425061967,-0.052642097
12.430060623,-0.052642097
12.435060576,-0.301495648
12.440060491,-0.301495648
12.445060610,-0.342173632
12.450060395,-0.342173632
12.455061199,-0.181854518
12.460060429,-0.181854518
12.465060456,0.052642097
12.470060556,0.052642097
12.475060693,-0.066999033
12.480060534,-0.066999033
12.485060209,-0.358923390
12.490060957,-0.358923390
12.495061669,-0.452243471
12.500060028,-0.452243471
12.505067684,-0.306281293
12.510061748,-0.306281293
12.515061811,0.002392823
12.520063634,0.002392823
12.525061456,0.308674115
12.530060760,0.308674115
12.535060490,0.181854518
12.540060572,0.181854518
12.545060302,-0.136390888
12.550060217,-0.136390888
12.555062299,-0.303888470
12.560060474,-0.303888470
12.565060370,-0.303888470
12.570060378,-0.291924357
12.575060738,-0.291924357
12.580060319,-0.119641130
12.585060642,-0.119641130
12.590060279,0.057427742
12.595061398,0.057427742
12.600060536,-0.131605243
12.605060303,-0.131605243
12.610060514,-0.411565487
12.615059911,-0.411565487
12.620061733,-0.449850649
12.625060834,-0.449850649
12.630060342,-0.236889437
12.635061257,-0.236889437
12.640060172,0.098105727
12.645060291,0.098105727
12.650060206,0.318245406
12.655060121,0.318245406
12.660059962,0.141176533
12.665060322,0.141176533
12.670060033,-0.193818631
12.675061041,-0.193818631
12.680060364,-0.318245406
12.685060464,-0.318245406
12.690060083,-0.299102825
12.695059924,-0.299102825
12.700059950,-0.064606210
12.705060069,-0.064606210
12.710060021,0.066999033
12.715061918,0.066999033
12.720064518,-0.177068872
12.725060878,-0.177068872
12.730062052,-0.457029117
12.735060745,-0.457029117
12.740060735,-0.409172665
12.745061057,-0.409172665
12.750060621,-0.179461695
12.755061313,-0.179461695
12.760060321,0.157926292
12.765060125,0.157926292
12.770060152,0.303888470
12.775060437,0.303888470
12.780060408,0.052642097
12.785060193,0.052642097
12.790060053,-0.229710970
12.795061431,-0.229710970
12.800060346,-0.318245406
12.805074335,-0.318245406
12.810062232,-0.246460728
12.815061129,-0.246460728
12.820063896,-0.004785645
12.825061533,-0.004785645
12.830060948,0.038285162
12.835063030,0.038285162
12.840061964,-0.251246373
12.845060694,-0.251246373
12.850060091,-0.452243471
12.855061617,-0.452243471
12.860061032,-0.368494680
12.865072392,-0.368494680
12.870064640,-0.110069840
12.875060870,-0.110069840
12.880059915,0.236889437
12.885061164,0.236889437
12.890060375,0.236889437
12.895061735,0.291924357
12.900060242,0.291924357
12.905060972,-0.009571290
12.910060665,-0.009571290
12.915067692,-0.275174599
12.920063848,-0.275174599
12.925060966,-0.315852583
12.930061085,-0.315852583
12.935061889,-0.217746857
12.940060805,-0.217746857
12.945060627,0.038285162
12.950060598,0.038285162
12.955060513,-0.011964113
12.960060428,-0.011964113
12.965060473,-0.311066938
12.970060777,-0.311066938
12.975061729,-0.445065004
12.980060348,-0.445065004
12.985060023,-0.332602341
12.990060530,-0.332602341
12.995060631,-0.023928226
13.000060990,-0.023928226
13.005068535,0.279960244
13.010062043,0.279960244
13.015061162,0.229710970
13.020064836,0.229710970
13.025068455,-0.066999033
13.030062907,-0.066999033
13.035060508,-0.299102825
13.040061349,-0.299102825
13.045060357,-0.332602341
13.050060457,-0.332602341
13.055060854,-0.174676050
13.060060528,-0.174676050
13.065061091,0.069391855
13.070060321,0.069391855
13.075061866,-0.047856452
13.080060226,-0.047856452
13.085060382,-0.385244439
13.090060352,-0.385244439
13.095060656,-0.442672181
13.100060386,-0.442672181
13.105060709,-0.291924357
13.110060328,-0.291924357
13.115060688,0.040677984
13.120063658,0.040677984
13.125064499,0.311066938
13.130062192,0.311066938
13.135060607,0.179461695
13.140060226,0.179461695
13.145060493,-0.160319114
13.150060705,-0.160319114
13.155061657,-0.337387987
13.160061072,-0.337387987
13.165060487,-0.308674115
13.170060773,-0.308674115
13.175060262,-0.095712904
13.180060492,-0.095712904
13.185060259,0.086141614
13.190060508,0.086141614
13.195061756,-0.129212420
13.200060653,-0.129212420
13.205060309,-0.129212420
13.210060150,-0.404387019
13.215060232,-0.404387019
13.220066110,-0.418743955
13.225062470,-0.418743955
13.230060533,-0.232103792
13.235060448,-0.232103792
13.240060548,0.124426775
13.245059797,0.124426775
13.250060305,0.318245406
13.255061127,0.318245406
13.260060524,0.105284194
13.265060384,0.105284194
13.270060262,-0.196211453
13.275060973,-0.196211453
13.280060203,-0.349352100
13.285060341,-0.349352100
13.290060830,-0.277567422
13.295061023,-0.277567422
13.300060790,-0.040677984
13.305060112,-0.040677984
13.310060398,0.059820565
13.315060517,0.059820565
13.320063562,-0.208175566
13.325060995,-0.208175566
13.330060503,-0.478564520
13.335062177,-0.478564520
13.340060278,-0.421136778
13.345059045,-0.421136778
13.350059497,-0.177068872
13.355060190,-0.177068872
13.360060568,0.191425808
13.365068594,0.191425808
13.370063269,0.315852583
13.375062147,0.315852583
13.380060451,0.031106694
13.385067903,0.031106694
13.390062633,-0.234496615
13.395062437,-0.234496615
13.400060760,-0.342173632
13.405060249,-0.342173632
13.410061331,-0.263210486
13.415061746,-0.263210486
13.420060921,0.009571290
13.425060762,0.009571290
13.430060936,0.016749758
13.435060259,0.016749758
13.440060341,-0.272781776
13.445060719,-0.272781776
13.450060967,-0.454636294
13.455061697,-0.454636294
13.460060242,-0.378065971
13.465060268,-0.378065971
13.470060813,-0.086141614
13.475060710,-0.086141614
13.480060829,0.241675083
13.485060410,0.241675083
13.490060252,0.272781776
13.495061389,0.272781776
13.500060378,-0.028713871
13.505067997,-0.028713871
13.510062449,-0.289531535
13.515063383,-0.289531535
13.520061743,-0.289531535
13.525061750,-0.344566454
13.530060758,-0.344566454
13.535060803,-0.198604276
13.540060607,-0.198604276
13.545060874,0.064606210
13.550060011,0.064606210
13.555061760,-0.007178468
13.560061101,-0.007178468
13.565060238,-0.332602341
13.570060191,-0.332602341
13.575060865,-0.468993230
13.580060502,-0.468993230
13.585060455,-0.344566454
13.590060351,-0.344566454
13.595062100,-0.007178468
13.600059830,-0.007178468
13.605060578,0.279960244
13.610060734,0.279960244
13.615060094,0.229710970
13.620061231,0.229710970
13.625061146,-0.114855485
13.630060506,-0.114855485
13.635061995,-0.323031051
13.640060688,-0.323031051
13.645060289,-0.339780809
13.650060333,-0.339780809
13.655060267,-0.131605243
13.660060293,-0.131605243
13.665060246,0.083748791
13.670060716,0.083748791
13.675061557,-0.102891372
13.680060602,-0.102891372
13.685060184,-0.423529600
13.690060488,-0.423529600
13.695060107,-0.445065004
13.700060300,-0.445065004
13.705060252,-0.265603309
13.710060279,-0.265603309
13.715061527,0.062213388
13.720197811,0.062213388
13.725063172,0.323031051
13.730060921,0.323031051
13.735060391,0.136390888
13.740060862,0.136390888
13.745060444,-0.153140646
13.750062730,-0.153140646
13.755061163,-0.311066938
13.760060875,-0.311066938
13.765061012,-0.308674115
13.770061038,-0.308674115
13.775061602,-0.069391855
13.780060609,-0.069391855
13.785060358,0.074177501
13.790060514,0.074177501
13.795060670,-0.181854518
13.800060715,-0.181854518
13.805076574,-0.430708068
13.810061545,-0.430708068
13.815061405,-0.413958310
13.820061023,-0.413958310
13.825061142,-0.198604276
13.830060502,-0.198604276
13.835060399,-0.198604276
13.840060555,0.155533469
13.845059896,0.155533469
13.850060515,0.323031051
13.855061615,0.323031051
13.860060771,0.078963146
13.865153852,0.078963146
13.870062638,-0.229710970
13.875059905,-0.229710970
13.880059043,-0.327816696
13.885061495,-0.327816696
13.890060854,-0.275174599
13.895061547,-0.275174599
13.900060481,-0.019142581
13.905060322,-0.019142581
13.910060608,0.043070807
13.915060393,0.043070807
13.920060994,-0.241675083
13.925060390,-0.241675083
13.930061398,-0.452243471
13.935061924,-0.452243471
13.940060506,-0.399601374
13.945060551,-0.399601374
13.950060392,-0.141176533
13.955061418,-0.141176533
13.960060982,0.203389921
13.965060471,0.203389921
13.970060219,0.301495648
13.975060542,0.301495648
13.980060550,0.014356936
13.985060502,0.014356936
13.990060491,-0.256032018
13.995061888,-0.256032018
14.000060803,-0.330209519
14.005067459,-0.330209519
14.010061893,-0.229710970
14.015060752,-0.229710970
14.020061501,0.028713871
14.025068860,0.028713871
14.030062239,0.007178468
14.035060969,0.007178468
14.040060773,-0.306281293
14.045061299,-0.306281293
14.050060659,-0.466600407
14.055061444,-0.466600407
14.060060470,-0.339780809
14.065060719,-0.339780809
14.070060523,-0.078963146
14.075061346,-0.078963146
14.080059853,0.258424841
14.085060565,0.258424841
14.090061036,0.248853550
14.095060358,0.248853550
14.100060384,-0.064606210
14.105060244,-0.064606210
14.110111955,-0.299102825
14.115063260,-0.299102825
14.120063749,-0.339780809
14.125065257,-0.339780809
14.130060505,-0.179461695
14.135061272,-0.179461695
14.140060317,0.064606210
14.145060639,0.064606210
14.150061184,-0.047856452
14.155062025,-0.047856452
14.160060459,-0.047856452
14.165060337,-0.387637261
14.170060549,-0.387637261
14.175060779,-0.440279358
14.180060120,-0.440279358
14.185060850,-0.320638228
14.190060802,-0.320638228
14.195061828,0.014356936
14.200060410,0.014356936
14.205060436,0.318245406
14.210060389,0.318245406
14.215061304,0.193818631
14.220061497,0.193818631
14.225063782,-0.157926292
14.230061290,-0.157926292
14.235060779,-0.294317180
14.240060806,-0.294317180
14.245060461,-0.303888470
14.250060562,-0.303888470
14.255062310,-0.100498549
14.260060911,-0.100498549
14.265060715,0.086141614
14.270060445,0.086141614
14.275060527,-0.095712904
14.280060794,-0.095712904
14.285059820,-0.406779842
14.290060735,-0.406779842
14.295061465,-0.442672181
14.300060584,-0.442672181
14.305060592,-0.253639196
14.310060266,-0.253639196
14.315060515,0.088534436
14.320061245,0.088534436
14.325060252,0.320638228
14.330060575,0.320638228
14.335060490,0.122033953
14.340060776,0.122033953
14.345060709,-0.191425808
14.350060773,-0.191425808
14.355061077,-0.315852583
14.360060825,-0.315852583
14.365060407,-0.296710002
14.370067711,-0.296710002
14.375062238,-0.052642097
14.380060338,-0.052642097
14.385061160,0.055034920
14.390060853,0.055034920
14.395060176,-0.172283227
14.400060887,-0.172283227
14.405060766,-0.454636294
14.410060570,-0.454636294
14.415060818,-0.390030084
14.420060844,-0.390030084
14.425060649,-0.186640163
14.430060490,-0.186640163
14.435060868,0.177068872
14.440060005,0.177068872
14.445060568,0.311066938
14.450060873,0.311066938
14.455060528,0.059820565
14.460060499,0.059820565
14.465060396,-0.222532502
14.470060348,-0.222532502
14.475061356,-0.222532502
14.480061493,-0.330209519
14.485060242,-0.330209519
14.490060527,-0.265603309
14.495060535,-0.265603309
14.500060506,-0.016749758
14.505064532,-0.016749758
14.510061706,0.052642097
14.515062807,0.052642097
14.520060981,-0.263210486
14.525061026,-0.263210486
14.530060275,-0.435493713
14.535060468,-0.435493713
14.540060809,-0.392422906
14.545060409,-0.392422906
14.550060398,-0.122033953
14.555063887,-0.122033953
14.560060895,0.241675083
14.565060959,0.241675083
14.570060485,0.301495648
14.575061344,0.301495648
14.580060778,-0.026321049
14.585060490,-0.026321049
14.590060423,-0.263210486
14.595061098,-0.263210486
14.600060624,-0.339780809
14.605060521,-0.339780809
14.610061103,-0.205782744
14.615060296,-0.205782744
14.620060933,0.043070807
14.625060552,0.043070807
14.630060189,-0.011964113
14.635061271,-0.011964113
14.640060483,-0.318245406
14.645060435,-0.318245406
14.650060276,-0.457029117
14.655060339,-0.457029117
14.660060365,-0.366101858
14.665060355,-0.366101858
14.670060251,-0.052642097
14.675061537,-0.052642097
14.680060304,0.296710002
14.685060423,0.296710002
14.690060560,0.229710970
14.695060679,0.229710970
14.700060057,-0.071784678
14.705061046,-0.071784678
14.710060313,-0.303888470
14.715060340,-0.303888470
14.720062310,-0.346959277
14.725060540,-0.346959277
14.730060178,-0.150747824
14.735061260,-0.150747824
14.740060508,0.074177501
14.745060386,0.074177501
14.750064246,-0.062213388
14.755060902,-0.062213388
14.760060521,-0.373280326
14.765060603,-0.373280326
14.770061018,-0.452243471
14.775061266,-0.452243471
14.780060385,-0.306281293
14.785060449,-0.306281293
14.790060141,-0.306281293
14.795060279,0.040677984
14.800060861,0.040677984
14.805075591,0.315852583
14.810062154,0.315852583
14.815061458,0.165104759
14.820061244,0.165104759
14.825060807,-0.148355001
14.830060759,-0.148355001
14.835060841,-0.303888470
14.840061367,-0.303888470
14.845060060,-0.308674115
14.850060698,-0.308674115
14.855061094,-0.095712904
14.860060380,-0.095712904
14.865246552,0.093320081
14.870077710,0.093320081
14.875070755,-0.141176533
14.880064726,-0.141176533
14.885063252,-0.404387019
14.890061149,-0.404387019
14.895061212,-0.435493713
14.900060998,-0.435493713
14.905061172,-0.256032018
14.910061624,-0.256032018
14.915061743,0.114855485
14.920061843,0.114855485
14.925060610,0.332602341
14.930061007,0.332602341
14.935060589,0.112462662
14.940060708,0.112462662
14.945060716,-0.212961211
14.950060520,-0.212961211
14.955061527,-0.311066938
14.960060813,-0.311066938
14.965061117,-0.282353067
14.970060329,-0.282353067
14.975060503,-0.040677984
14.980060288,-0.040677984
14.985060741,0.064606210
14.990060341,0.064606210
14.995061941,-0.224925324
15.000060542,-0.224925324
15.005064957,-0.437886536
15.010061242,-0.437886536
15.015060769,-0.406779842
15.020060814,-0.406779842
15.025069099,-0.191425808
15.030062033,-0.191425808
15.035060615,0.174676050
15.040060882,0.174676050
15.045060834,0.303888470
15.050060471,0.303888470
15.055060424,0.050249275
15.060060598,0.050249275
15.065060513,-0.239282260
15.070060373,-0.239282260
15.075061566,-0.334995164
15.080060148,-0.334995164
15.085060155,-0.263210486
15.090060922,-0.263210486
15.095060560,-0.019142581
15.100060067,-0.019142581
15.105060279,0.023928226
15.110060231,0.023928226
15.115060332,0.023928226
15.120060543,-0.289531535
15.125064847,-0.289531535
15.130061318,-0.454636294
15.135062437,-0.454636294
15.140061222,-0.373280326
15.145060508,-0.373280326
15.150060534,-0.110069840
15.155060523,-0.110069840
15.160060476,0.244067905
15.165060206,0.244067905
15.170060435,0.260817663
15.175061369,0.260817663
15.180060618,-0.031106694
15.185061051,-0.031106694
15.190060430,-0.279960244
15.195060530,-0.279960244
15.200060315,-0.318245406
15.205060342,-0.318245406
15.210060461,-0.186640163
15.215056542,-0.186640163
15.220063384,0.047856452
15.225061243,0.047856452
15.230060584,-0.026321049
15.235060740,-0.026321049
15.240060655,-0.332602341
15.245060330,-0.332602341
15.250061115,-0.452243471
15.255061512,-0.452243471
15.260060409,-0.342173632
15.265060602,-0.342173632
15.270060332,-0.031106694
15.275060432,-0.031106694
15.280061051,0.301495648
15.285060207,0.301495648
15.290060437,0.239282260
15.295109685,0.239282260
15.300080508,-0.074177501
15.305066590,-0.074177501
15.310060931,-0.315852583
15.315059624,-0.315852583
15.320063168,-0.327816696
15.325060713,-0.327816696
15.330060721,-0.136390888
15.335060525,-0.136390888
15.340062996,0.078963146
15.345061522,0.078963146
15.350060863,-0.083748791
15.355061890,-0.083748791
15.360060323,-0.387637261
15.365060738,-0.387637261
15.370067894,-0.457029117
15.375061921,-0.457029117
15.380060539,-0.270388954
15.385060658,-0.270388954
15.390060555,0.078963146
15.395061563,0.078963146
15.400060256,0.323031051
15.405060189,0.323031051
15.410060956,0.150747824
15.415060261,0.150747824
15.420062528,-0.165104759
15.425061276,-0.165104759
15.430060728,-0.165104759
15.435061329,-0.306281293
15.440060429,-0.306281293
15.445060566,-0.313459761
15.450060556,-0.313459761
15.455060378,-0.083748791
15.460060275,-0.083748791
15.465060338,0.095712904
15.470060383,0.095712904
15.475061817,-0.160319114
15.480060621,-0.160319114
15.485060258,-0.437886536
15.490060470,-0.437886536
15.495060811,-0.435493713
15.500060374,-0.435493713
15.505068030,-0.232103792
15.510062204,-0.232103792
15.515061564,0.129212420
15.520061535,0.129212420
15.525060617,0.318245406
15.530060661,0.318245406
15.535060391,0.093320081
15.540060955,0.093320081
15.545060500,-0.217746857
15.550060581,-0.217746857
15.555060348,-0.354137745
15.560060652,-0.354137745
15.565060401,-0.279960244
15.570060761,-0.279960244
15.575061546,-0.026321049
15.580060276,-0.026321049
15.585060265,0.045463629
15.590060347,0.045463629
15.595060392,-0.220139679
15.600060789,-0.220139679
15.605060259,-0.449850649
15.610060341,-0.449850649
15.615061034,-0.418743955
15.620060986,-0.418743955
15.625060772,-0.160319114
15.630060113,-0.160319114
15.635060454,0.196211453
15.640060480,0.196211453
15.645060192,0.306281293
15.650060385,0.306281293
15.655061411,0.019142581
15.660060456,0.019142581
15.665060686,-0.244067905
15.670064953,-0.244067905
15.675060368,-0.351744922
15.680060006,-0.351744922
15.685060199,-0.232103792
15.690060373,-0.232103792
15.695060510,0.023928226
15.700060444,0.023928226
15.705060137,0.031106694
15.710060145,0.031106694
15.715060078,-0.303888470
15.720064068,-0.303888470
15.725063872,-0.471386052
15.730061361,-0.471386052
15.735062554,-0.363709035
15.740060617,-0.363709035
15.745060421,-0.363709035
15.750089151,-0.095712904
15.755061529,-0.095712904
15.760060982,0.244067905
15.765060823,0.244067905
15.770060442,0.265603309
15.775060301,0.265603309
15.780060420,-0.064606210
15.785059965,-0.064606210
15.790060454,-0.289531535
15.795061592,-0.289531535
15.800060599,-0.351744922
15.805074107,-0.351744922
15.810062004,-0.205782744
15.815060215,-0.205782744
15.820063723,0.055034920
15.825061731,0.055034920
15.830060627,-0.014356936
15.835060987,-0.014356936
15.840063624,-0.356530567
15.845061243,-0.356530567
15.850060825,-0.447457826
15.855060592,-0.447457826
15.860060359,-0.351744922
15.865060311,-0.351744922
15.870070190,-0.007178468
15.875062734,-0.007178468
15.880060279,0.303888470
15.885060935,0.303888470
15.890060998,0.215354034
15.895060414,0.215354034
15.900060421,-0.138783711
15.905060337,-0.138783711
15.910060252,-0.318245406
15.915061297,-0.318245406
15.920063304,-0.323031051
15.925061368,-0.323031051
15.930060505,-0.133998066
15.935060920,-0.133998066
15.940060761,0.078963146
15.945060362,0.078963146
15.950060425,-0.105284194
15.955062451,-0.105284194
15.960060385,-0.387637261
15.965060522,-0.387637261
15.970060289,-0.440279358
15.975060834,-0.440279358
15.980060638,-0.265603309
15.985060887,-0.265603309
15.990060395,0.052642097
15.995060069,0.052642097
16.000060540,0.318245406
16.005065733,0.318245406
16.010061926,0.136390888
16.015062859,0.136390888
16.020062737,-0.177068872
16.025067097,-0.177068872
16.030060846,-0.334995164
16.035059557,-0.334995164
16.040064694,-0.303888470
16.045065943,-0.303888470
16.050063043,-0.086141614
16.055061551,-0.086141614
16.060060522,0.074177501
16.065061048,0.074177501
16.070060537,0.074177501
16.075060360,-0.165104759
16.080060960,-0.165104759
16.085060135,-0.440279358
16.090060105,-0.440279358
16.095061169,-0.418743955
16.100060417,-0.418743955
16.105060351,-0.198604276
16.110065229,-0.198604276
16.115061792,0.162711937
16.120064559,0.162711937
16.125061975,0.296710002
16.130060594,0.296710002
16.135061916,0.083748791
16.140060572,0.083748791
16.145061135,-0.222532502
16.150060680,-0.222532502
16.155060836,-0.354137745
16.160060844,-0.354137745
16.165060444,-0.275174599
16.170060489,-0.275174599
16.175061867,0.000000000
16.180060671,0.000000000
16.185060586,0.050249275
16.190060150,0.050249275
16.195060843,-0.246460728
16.200060443,-0.246460728
16.205060432,-0.447457826
16.210060940,-0.447457826
16.215061448,-0.382851616
16.220063789,-0.382851616
16.225061260,-0.148355001
16.230060471,-0.148355001
16.235061701,0.215354034
16.240061153,0.215354034
16.245060439,0.294317180
16.250069095,0.294317180
16.255062547,0.009571290
16.260060740,0.009571290
16.265060655,-0.275174599
16.270060959,-0.275174599
16.275062097,-0.334995164
16.280061178,-0.334995164
16.285060705,-0.244067905
16.290061138,-0.244067905
16.295060720,0.038285162
16.300060617,0.038285162
16.305060717,0.002392823
16.310060595,0.002392823
16.315061529,-0.306281293
16.320061055,-0.306281293
16.325061674,-0.437886536
16.330060497,-0.437886536
16.335060875,-0.368494680
16.340061235,-0.368494680
16.345060409,-0.062213388
16.350060935,-0.062213388
16.355061258,0.260817663
16.360060617,0.260817663
16.365060514,0.248853550
16.370068133,0.248853550
16.375061881,-0.050249275
16.380060408,-0.050249275
16.385061323,-0.050249275
16.390061034,-0.308674115
16.395061487,-0.308674115
16.400061068,-0.339780809
16.405060132,-0.339780809
16.410060547,-0.179461695
16.415060351,-0.179461695
16.420061211,0.069391855
16.425060589,0.069391855
16.430060485,-0.071784678
16.435061660,-0.071784678
16.440060575,-0.349352100
16.445060620,-0.349352100
16.450060776,-0.464207584
16.455060524,-0.464207584
16.460060384,-0.337387987
16.465060947,-0.337387987
16.470060418,0.019142581
16.475060296,0.019142581
16.480060415,0.303888470
16.485060349,0.303888470
16.490060468,0.172283227
16.495061290,0.172283227
16.500060650,-0.122033953
16.505066750,-0.122033953
16.510062036,-0.318245406
16.515060729,-0.318245406
16.520060607,-0.315852583
16.525060652,-0.315852583
16.530060993,-0.095712904
16.535060482,-0.095712904
16.540060860,0.086141614
16.545060701,0.086141614
16.550060505,-0.126819598
16.555060550,-0.126819598
16.560060761,-0.392422906
16.565060584,-0.392422906
16.570060573,-0.428315245
16.575061785,-0.428315245
16.580060311,-0.244067905
16.585060967,-0.244067905
16.590060475,0.093320081
16.595060760,0.093320081
16.600060398,0.311066938
16.605060535,0.311066938
16.610060339,0.131605243
16.615061440,0.131605243
16.620060781,-0.172283227
16.625061214,-0.172283227
16.630060741,-0.315852583
16.635060489,-0.315852583
16.640060423,-0.291924357
16.645060616,-0.291924357
16.650060864,-0.071784678
16.655061520,-0.071784678
16.660060546,0.062213388
16.665060462,0.062213388
16.670060451,-0.193818631
16.675060440,-0.193818631
16.680060300,-0.435493713
16.685060437,-0.435493713
16.690060834,-0.423529600
16.695061805,-0.423529600
16.700060516,-0.423529600
16.705060913,-0.205782744
16.710060050,-0.205782744
16.715060576,0.167497582
16.720062732,0.167497582
16.725061259,0.303888470
16.730060729,0.303888470
16.735060607,0.078963146
16.740060578,0.078963146
16.745060660,-0.239282260
16.750060371,-0.239282260
16.755064953,-0.349352100
16.760060794,-0.349352100
16.765060358,-0.253639196
16.770060588,-0.253639196
16.775060484,0.004785645
16.780060455,0.004785645
16.785060852,0.028713871
16.790060397,0.028713871
16.795061423,-0.241675083
16.800060838,-0.241675083
16.805074086,-0.454636294
16.810062002,-0.454636294
16.815060787,-0.392422906
16.820061165,-0.392422906
16.825060858,-0.112462662
16.830060774,-0.112462662
16.835061633,0.232103792
16.840061067,0.232103792
16.845061482,0.270388954
16.850061156,0.270388954
16.855060627,0.004785645
16.860060579,0.004785645
16.865060439,-0.258424841
16.870069354,-0.258424841
16.875062640,-0.318245406
16.880061351,-0.318245406
16.885060766,-0.210568389
16.890061145,-0.210568389
16.895060467,0.047856452
16.900060716,0.047856452
16.905060594,-0.007178468
16.910060527,-0.007178468
16.915061887,-0.339780809
16.920060895,-0.339780809
16.925060754,-0.459421939
16.930060373,-0.459421939
16.935060659,-0.354137745
16.940060278,-0.354137745
16.945061137,-0.057427742
16.950060571,-0.057427742
16.955060597,0.265603309
16.960060587,0.265603309
16.965060391,0.236889437
16.970060324,0.236889437
16.975060925,-0.093320081
16.980060544,-0.093320081
16.985060311,-0.299102825
16.990060429,-0.299102825
16.995060400,-0.339780809
17.000060297,-0.339780809
17.005066693,-0.133998066
17.010062312,-0.133998066
17.015061135,-0.133998066
17.020062698,0.059820565
17.025069687,0.059820565
17.030060918,-0.047856452
17.035059351,-0.047856452
17.040059229,-0.387637261
17.045060830,-0.387637261
17.050060726,-0.464207584
17.055060679,-0.464207584
17.060060964,-0.311066938
17.065060527,-0.311066938
17.070060554,0.040677984
17.075060524,0.040677984
17.080060477,0.318245406
17.085060892,0.318245406
17.090060566,0.189032985
17.095061370,0.189032985
17.100060786,-0.145962179
17.105061071,-0.145962179
17.110060005,-0.325423874
17.115060198,-0.325423874
17.120064372,-0.320638228
17.125064584,-0.320638228
17.130061258,-0.133998066
17.135061618,-0.133998066
17.140060570,0.057427742
17.145060504,0.057427742
17.150063771,-0.126819598
17.155060612,-0.126819598
17.160061064,-0.413958310
17.165060757,-0.413958310
17.170061376,-0.440279358
17.175061791,-0.440279358
17.180060391,-0.239282260
17.185060436,-0.239282260
17.190060796,0.095712904
17.195061248,0.095712904
17.200060959,0.311066938
17.205060652,0.311066938
17.210060753,0.133998066
17.215062464,0.133998066
17.220065009,-0.222532502
17.225060776,-0.222532502
17.230060339,-0.334995164
17.235068662,-0.334995164
17.240061947,-0.294317180
17.245060566,-0.294317180
17.250060185,-0.062213388
17.255060656,-0.062213388
17.260060571,0.062213388
17.265060542,0.062213388
17.270060439,-0.191425808
17.275060909,-0.191425808
17.280060713,-0.457029117
17.285060314,-0.457029117
17.290060377,-0.394815729
17.295060866,-0.394815729
17.300060207,-0.179461695
17.305060197,-0.179461695
17.310060001,0.184247340
17.315061045,0.184247340
17.320062090,0.301495648
17.325060043,0.301495648
17.330060698,0.045463629
17.335060595,0.045463629
17.340060992,0.045463629
17.345061092,-0.241675083
17.350060229,-0.241675083
17.355060311,-0.361316213
17.360060912,-0.361316213
17.365060679,-0.265603309
17.370070760,-0.265603309
17.375061305,0.002392823
17.380060313,0.002392823
17.385060728,0.047856452
17.390060366,0.047856452
17.395062096,-0.260817663
17.400060289,-0.260817663
17.405060426,-0.452243471
17.410060804,-0.452243471
17.415060164,-0.387637261
17.420064116,-0.387637261
17.425062161,-0.112462662
17.430060724,-0.112462662
17.435061602,0.229710970
17.440060388,0.229710970
17.445060433,0.272781776
17.450060329,0.272781776
17.455061207,-0.014356936
17.460060400,-0.014356936
17.465060445,-0.299102825
17.470060212,-0.299102825
17.475061831,-0.344566454
17.480059987,-0.344566454
17.485060439,-0.203389921
17.490060910,-0.203389921
17.495060936,0.047856452
17.500060351,0.047856452
17.505066674,0.002392823
17.510062219,0.002392823
17.515061023,-0.323031051
17.520062605,-0.323031051
17.525060983,-0.459421939
17.530060546,-0.459421939
17.535060387,-0.356530567
17.540061117,-0.356530567
17.545060236,-0.019142581
17.550060540,-0.019142581
17.555060270,0.265603309
17.560060241,0.265603309
17.565059915,0.222532502
17.570060386,0.222532502
17.575061338,-0.081355968
17.580060365,-0.081355968
17.585060483,-0.306281293
17.590060380,-0.306281293
17.595060203,-0.337387987
17.600060303,-0.337387987
17.605060237,-0.145962179
17.610060189,-0.145962179
17.615061030,0.059820565
17.620061353,0.059820565
17.625060990,-0.076570323
17.630060127,-0.076570323
17.635060357,-0.363709035
17.640060273,-0.363709035
17.645060058,-0.457029117
17.650060473,-0.457029117
17.655061129,-0.457029117
17.660060044,-0.313459761
17.665060163,-0.313459761
17.670060560,0.055034920
17.675060160,0.055034920
17.680060224,0.311066938
17.685060065,0.311066938
17.690059776,0.177068872
17.695061377,0.177068872
17.700060107,-0.141176533
17.705060096,-0.141176533
17.710059900,-0.346959277
17.715070185,-0.346959277
17.720063360,-0.315852583
17.725063016,-0.315852583
17.730061338,-0.093320081
17.735062328,-0.093320081
17.740060539,0.057427742
17.745061436,0.057427742
17.750060184,-0.138783711
17.755063970,-0.138783711
17.760060626,-0.401994197
17.765060356,-0.401994197
17.770060252,-0.433100891
17.775059945,-0.433100891
17.780060305,-0.227318147
17.785060127,-0.227318147
17.790060209,0.129212420
17.795060680,0.129212420
17.800060429,0.294317180
17.805072936,0.294317180
17.810062351,0.119641130
17.815060248,0.119641130
17.820061978,-0.200997098
17.825061393,-0.200997098
17.830060346,-0.354137745
17.835061261,-0.354137745
17.840062028,-0.279960244
17.845061035,-0.279960244
17.850060562,-0.033499516
17.855060329,-0.033499516
17.860060725,0.050249275
17.865149658,0.050249275
17.870069630,-0.222532502
17.875061786,-0.222532502
17.880059016,-0.457029117
17.885061542,-0.457029117
17.890060531,-0.430708068
17.895060391,-0.430708068
17.900060343,-0.162711937
17.905060592,-0.162711937
17.910060248,0.198604276
17.915061126,0.198604276
17.920063670,0.311066938
17.925061086,0.311066938
17.930062001,0.035892339
17.935060527,0.035892339
17.940060776,-0.246460728
17.945060728,-0.246460728
17.950061013,-0.351744922
17.955062003,-0.351744922
17.960060714,-0.232103792
17.965060870,-0.232103792
17.970061007,-0.232103792
17.975060237,0.002392823
17.980060986,0.002392823
17.985060290,0.040677984
17.990060520,0.040677984
17.995061602,-0.277567422
18.000060795,-0.277567422
18.005066599,-0.466600407
18.010061792,-0.466600407
18.015062411,-0.378065971
18.020062826,-0.378065971
18.025071463,-0.069391855
18.030060786,-0.069391855
18.035059312,0.227318147
18.040061042,0.227318147
18.045060346,0.284745889
18.050060650,0.284745889
18.055061917,-0.043070807
18.060061295,-0.043070807
18.065060729,-0.284745889
18.070060163,-0.284745889
18.075060578,-0.332602341
18.080060826,-0.332602341
18.085060223,-0.186640163
18.090060324,-0.186640163
18.095061535,0.033499516
18.100060339,0.033499516
18.105060439,-0.040677984
18.110066558,-0.040677984
18.115062010,-0.344566454
18.120065092,-0.344566454
18.125065378,-0.466600407
18.130061608,-0.466600407
18.135062486,-0.349352100
18.140060494,-0.349352100
18.145060335,-0.004785645
18.150060787,-0.004785645
18.155060424,0.267996131
18.160061266,0.267996131
18.165060366,0.215354034
18.170060633,0.215354034
18.175061807,-0.093320081
18.180059982,-0.093320081
18.185060545,-0.308674115
18.190060868,-0.308674115
18.195060931,-0.332602341
18.200060198,-0.332602341
18.205060391,-0.145962179
18.210060251,-0.145962179
18.215061795,0.057427742
18.220063562,0.057427742
18.225061959,-0.083748791
18.230060282,-0.083748791
18.235061178,-0.404387019
18.240060353,-0.404387019
18.245060453,-0.464207584
18.250061776,-0.464207584
18.255062228,-0.277567422
18.260063754,-0.277567422
18.265060799,0.071784678
18.270060807,0.071784678
18.275061833,0.323031051
18.280060693,0.323031051
18.285060238,0.167497582
18.290060949,0.167497582
18.295060512,0.167497582
18.300060409,-0.165104759
18.305060602,-0.165104759
18.310060313,-0.337387987
18.315061636,-0.337387987
18.320061588,-0.270388954
18.325060448,-0.270388954
18.330060252,-0.069391855
18.335060186,-0.069391855
18.340062379,0.076570323
18.345060775,0.076570323
18.350060209,-0.160319114
18.355060272,-0.160319114
18.360060447,-0.404387019
18.365060566,-0.404387019
18.370080721,-0.433100891
18.375062507,-0.433100891
18.380060533,-0.212961211
18.385064615,-0.212961211
18.390061012,0.129212420
18.395063020,0.129212420
18.400060620,0.315852583
18.405060757,0.315852583
18.410060598,0.098105727
18.415061291,0.098105727
18.420060910,-0.220139679
18.425064196,-0.220139679
18.430061648,-0.320638228
18.435061582,-0.320638228
18.440060830,-0.263210486
18.445060560,-0.263210486
18.450061142,-0.035892339
18.455060428,-0.035892339
18.460060121,0.057427742
18.465060554,0.057427742
18.470060358,-0.224925324
18.475061736,-0.224925324
18.480061133,-0.476171697
18.485060289,-0.476171697
18.490060334,-0.406779842
18.495060990,-0.406779842
18.500059923,-0.131605243
18.505065301,-0.131605243
18.510061735,0.212961211
18.515068780,0.212961211
18.520064454,0.296710002
18.525061333,0.296710002
18.530060711,-0.004785645
18.535060496,-0.004785645
18.540060578,-0.258424841
18.545060901,-0.258424841
18.550060483,-0.303888470
18.555060620,-0.303888470
18.560060517,-0.232103792
18.565060413,-0.232103792
18.570060291,0.033499516
18.575061688,0.033499516
18.580060696,-0.004785645
18.585060278,-0.004785645
18.590060822,-0.291924357
18.595060460,-0.291924357
18.600060653,-0.473778875
18.605060475,-0.473778875
18.610060705,-0.473778875
18.615061139,-0.382851616
18.620063665,-0.382851616
18.625093377,-0.083748791
18.630073773,-0.083748791
18.635063300,0.267996131
18.640060956,0.267996131
18.645059926,0.267996131
18.650060730,0.267996131
18.655060516,-0.031106694
18.660060228,-0.031106694
18.665060550,-0.303888470
18.670060243,-0.303888470
18.675060473,-0.354137745
18.680060259,-0.354137745
18.685059970,-0.191425808
18.690060700,-0.191425808
18.695061393,0.057427742
18.700060364,0.057427742
18.705060186,-0.050249275
18.710060120,-0.050249275
18.715061072,-0.358923390
18.720064987,-0.358923390
18.725063791,-0.466600407
18.730061410,-0.466600407
18.735104473,-0.342173632
18.740063426,-0.342173632
18.745063193,0.009571290
18.750061034,0.009571290
18.755061116,0.287138712
18.760061272,0.287138712
18.765060576,0.232103792
18.770060898,0.232103792
18.775062906,-0.105284194
18.780060914,-0.105284194
18.785060662,-0.330209519
18.790060652,-0.330209519
18.795062048,-0.323031051
18.800060852,-0.323031051
18.805085601,-0.131605243
18.810063405,-0.131605243
18.815060746,0.069391855
18.820060513,0.069391855
18.825061910,-0.086141614
18.830060399,-0.086141614
18.835062314,-0.413958310
18.840060729,-0.413958310
18.845061033,-0.440279358
18.850060356,-0.440279358
18.855060382,-0.275174599
18.860060686,-0.275174599
18.865060787,0.055034920
18.870081183,0.055034920
18.875062321,0.323031051
18.880060699,0.323031051
18.885064096,0.136390888
18.890061177,0.136390888
18.895060889,-0.210568389
18.900060341,-0.210568389
18.905060756,-0.344566454
18.910060412,-0.344566454
18.915062438,-0.289531535
18.920066002,-0.289531535
18.925061195,-0.289531535
18.930061573,-0.064606210
18.935060914,-0.064606210
18.940060811,0.098105727
18.945060430,0.098105727
18.950060585,-0.172283227
18.955060167,-0.172283227
18.960060712,-0.428315245
18.965060516,-0.428315245
18.970060450,-0.425922423
18.975061791,-0.425922423
18.980060688,-0.186640163
18.985060232,-0.186640163
18.990060481,0.160319114
18.995060322,0.160319114
19.000060459,0.313459761
19.005067745,0.313459761
19.010062493,0.066999033
19.015061797,0.066999033
19.020060916,-0.236889437
19.025066332,-0.236889437
19.030061228,-0.339780809
19.035060829,-0.339780809
19.040060262,-0.265603309
19.045060363,-0.265603309
19.050060222,-0.004785645
19.055060712,-0.004785645
19.060060849,0.050249275
19.065060634,0.050249275
19.070060624,-0.256032018
19.075060502,-0.256032018
19.080060454,-0.466600407
19.085060573,-0.466600407
19.090061192,-0.404387019
19.095061663,-0.404387019
19.100060393,-0.136390888
19.105060326,-0.136390888
19.110060130,0.215354034
19.115060379,0.215354034
19.120061479,0.299102825
19.125060635,0.299102825
19.130060384,-0.004785645
19.135061502,-0.004785645
19.140060510,-0.277567422
19.145060277,-0.277567422
19.150060470,-0.330209519
19.155061459,-0.330209519
19.160059893,-0.229710970
19.165060938,-0.229710970
19.170060501,0.023928226
19.175061713,0.023928226
19.180060461,0.014356936
19.185061117,0.014356936
19.190060255,-0.320638228
19.195061762,-0.320638228
19.200060492,-0.452243471
19.205060333,-0.452243471
19.210060323,-0.366101858
19.215061053,-0.366101858
19.220060949,-0.062213388
19.225060531,-0.062213388
19.230060187,0.258424841
19.235061417,0.258424841
19.240060610,0.260817663
19.245060155,0.260817663
19.250060866,0.260817663
19.255060189,-0.055034920
19.260060289,-0.055034920
19.265060741,-0.289531535
19.270060434,-0.289531535
19.275061553,-0.339780809
19.280060950,-0.339780809
19.285063180,-0.172283227
19.290061540,-0.172283227
19.295060381,0.059820565
19.300060148,0.059820565
19.305060341,-0.043070807
19.310060441,-0.043070807
19.315060541,-0.354137745
19.320061753,-0.354137745
19.325060575,-0.457029117
19.330060324,-0.457029117
19.335060332,-0.306281293
19.340060636,-0.306281293
19.345061014,0.014356936
19.350060040,0.014356936
19.355060103,0.320638228
19.360060259,0.320638228
19.365059600,0.181854518
19.370080756,0.181854518
19.375063301,-0.119641130
19.380060587,-0.119641130
19.385064576,-0.311066938
19.390061454,-0.311066938
19.395062184,-0.318245406
19.400060544,-0.318245406
19.405060255,-0.126819598
19.410061078,-0.126819598
19.415060660,0.076570323
19.420060723,0.076570323
19.425060879,-0.124426775
19.430060553,-0.124426775
19.435062006,-0.401994197
19.440060439,-0.401994197
19.445060558,-0.445065004
19.450060473,-0.445065004
19.455061592,-0.256032018
19.460060359,-0.256032018
19.465060071,0.100498549
19.470059856,0.100498549
19.475060531,0.330209519
19.480060372,0.330209519
19.485060361,0.119641130
19.490060517,0.119641130
19.495061562,-0.208175566
19.500060866,-0.208175566
19.505064429,-0.330209519
19.510061881,-0.330209519
19.515061019,-0.294317180
19.520060397,-0.294317180
19.525060405,-0.059820565
19.530060727,-0.059820565
19.535060735,0.064606210
19.540060539,0.064606210
19.545060547,-0.181854518
19.550060240,-0.181854518
19.555060562,-0.445065004
19.560060329,-0.445065004
19.565060615,-0.445065004
19.570060919,-0.423529600
19.575061871,-0.423529600
19.580060342,-0.196211453
19.585060590,-0.196211453
19.590060469,0.174676050
19.595060124,0.174676050
19.600061317,0.303888470
19.605060621,0.303888470
19.610060481,0.062213388
19.615061674,0.062213388
19.620060867,-0.236889437
19.625060634,-0.236889437
19.630060697,-0.334995164
19.635060890,-0.334995164
19.640060528,-0.275174599
19.645060406,-0.275174599
19.650061025,-0.011964113
19.655061551,-0.011964113
19.660060429,0.035892339
19.665060844,0.035892339
19.670060259,-0.287138712
19.675060101,-0.287138712
19.680060275,-0.454636294
19.685060653,-0.454636294
19.690060494,-0.390030084
19.695061835,-0.390030084
19.700060325,-0.119641130
19.705060277,-0.119641130
19.710060470,0.234496615
19.715060792,0.234496615
19.720060708,0.291924357
19.725060604,0.291924357
19.730061519,-0.007178468
19.735060731,-0.007178468
19.740060405,-0.279960244
19.745063469,-0.279960244
19.750060625,-0.332602341
19.755062521,-0.332602341
19.760061381,-0.229710970
19.765060352,-0.229710970
19.770060563,0.043070807
19.775060034,0.043070807
19.780060616,-0.011964113
19.785060383,-0.011964113
19.790060853,-0.308674115
19.795062139,-0.308674115
19.800060480,-0.478564520
19.805092636,-0.478564520
19.810065514,-0.339780809
19.815061022,-0.339780809
19.820060493,-0.050249275
19.825062556,-0.050249275
19.830060730,0.279960244
19.835060738,0.279960244
19.840060542,0.229710970
19.845060809,0.229710970
19.850060761,-0.071784678
19.855060195,-0.071784678
19.860060407,-0.308674115
19.865060451,-0.308674115
19.870081496,-0.337387987
19.875064948,-0.337387987
19.880060808,-0.337387987
19.885054390,-0.162711937
19.890062101,-0.162711937
19.895060665,0.064606210
19.900060339,0.064606210
19.905060625,-0.069391855
19.910060392,-0.069391855
19.915061770,-0.373280326
19.920061185,-0.373280326
19.925060489,-0.449850649
19.930060478,-0.449850649
19.935061060,-0.306281293
19.940060383,-0.306281293
19.945060353,0.043070807
19.950060417,0.043070807
19.955060554,0.313459761
19.960060395,0.313459761
19.965060477,0.179461695
19.970060263,0.179461695
19.975061826,-0.148355001
19.980060908,-0.148355001
19.985060916,-0.327816696
19.990060275,-0.327816696
19.995060505,-0.318245406
20.000060291,-0.318245406
20.005067113,-0.086141614
20.010062177,-0.086141614
20.015061888,0.069391855
20.020064062,0.069391855
20.025070237,-0.124426775
20.030062726,-0.124426775
20.035061030,-0.435493713
20.040060927,-0.435493713
20.045060749,-0.430708068
20.050060979,-0.430708068
20.055060765,-0.244067905
20.060060680,-0.244067905
20.065060781,0.112462662
20.070060381,0.112462662
20.075060500,0.325423874
20.080060396,0.325423874
20.085060960,0.124426775
20.090060597,0.124426775
20.095061642,-0.210568389
20.100060594,-0.210568389
20.105060472,-0.332602341
20.110066202,-0.332602341
20.115061580,-0.277567422
20.120060866,-0.277567422
20.125064855,-0.043070807
20.130061215,-0.043070807
20.135062278,0.052642097
20.140060545,0.052642097
20.145060979,-0.232103792
20.150060801,-0.232103792
20.155060624,-0.447457826
20.160060761,-0.447457826
20.165060306,-0.423529600
20.170060499,-0.423529600
20.175061581,-0.172283227
20.180060570,-0.172283227
20.185060745,0.193818631
20.190060419,0.193818631
20.195060742,0.193818631
20.200060398,0.313459761
20.205060276,0.313459761
20.210060839,0.033499516
20.215060180,0.033499516
20.220060836,-0.239282260
20.225060307,-0.239282260
20.230060370,-0.354137745
20.235061508,-0.354137745
20.240061349,-0.253639196
20.245060338,-0.253639196
20.250060161,-0.019142581
20.255060520,-0.019142581
20.260060343,0.028713871
20.265060295,0.028713871
20.270060266,-0.263210486
20.275062107,-0.263210486
20.280060615,-0.459421939
20.285060141,-0.459421939
20.290060537,-0.382851616
20.295060490,-0.382851616
20.300060627,-0.124426775
20.305060542,-0.124426775
20.310060513,0.241675083
20.315060224,0.241675083
20.320060991,0.291924357
20.325060851,0.291924357
20.330060174,-0.019142581
20.335060589,-0.019142581
20.340060578,-0.282353067
20.345061178,-0.282353067
20.350060279,-0.351744922
20.355060472,-0.351744922
20.360060109,-0.215354034
20.365060598,-0.215354034
20.370080421,0.040677984
20.375062707,0.040677984
20.380060492,0.009571290
20.385060352,0.009571290
20.390061434,-0.320638228
20.395062201,-0.320638228
20.400061394,-0.478564520
20.405060568,-0.478564520
20.410061094,-0.354137745
20.415060861,-0.354137745
20.420061388,-0.033499516
20.425060636,-0.033499516
20.430060662,0.282353067
20.435061726,0.282353067
20.440060456,0.246460728
20.445060463,0.246460728
20.450060434,-0.095712904
20.455060720,-0.095712904
20.460060339,-0.289531535
20.465060828,-0.289531535
20.470060447,-0.332602341
20.475061566,-0.332602341
20.480060222,-0.138783711
20.485060322,-0.138783711
20.490059830,0.076570323
20.495061411,0.076570323
20.500066030,-0.066999033
20.505068557,-0.066999033
20.510062176,-0.392422906
20.515061757,-0.392422906
20.520062173,-0.392422906
20.525061051,-0.445065004
20.530061410,-0.445065004
20.535062233,-0.294317180
20.540060796,-0.294317180
20.545060508,0.052642097
20.550060330,0.052642097
20.555060412,0.320638228
20.560060827,0.320638228
20.565060057,0.177068872
20.570060139,0.177068872
20.575061295,-0.150747824
20.580060266,-0.150747824
20.585060514,-0.318245406
20.590060281,-0.318245406
20.595059845,-0.296710002
20.600060463,-0.296710002
20.605060527,-0.064606210
20.610060164,-0.064606210
20.615061116,0.076570323
20.620061087,0.076570323
20.625061262,-0.177068872
20.630060658,-0.177068872
20.635060462,-0.435493713
20.640060174,-0.435493713
20.645059774,-0.428315245
20.650060449,-0.428315245
20.655061327,-0.229710970
20.660060131,-0.229710970
20.665060009,0.138783711
20.670060498,0.138783711
20.675060154,0.308674115
20.680060162,0.308674115
20.685060096,0.100498549
20.690060288,0.100498549
20.695060759,-0.203389921
20.700060341,-0.203389921
20.705060145,-0.330209519
20.710060079,-0.330209519
20.715060642,-0.282353067
20.720062113,-0.282353067
20.725062324,-0.033499516
20.730060925,-0.033499516
20.735060932,0.031106694
20.740060477,0.031106694
20.745060467,-0.217746857
20.750060493,-0.217746857
20.755061926,-0.418743955
20.760060471,-0.418743955
20.765060257,-0.423529600
20.770060339,-0.423529600
20.775060754,-0.153140646
20.780060262,-0.153140646
20.785060547,0.220139679
20.790060296,0.220139679
20.795060766,0.320638228
20.800061200,0.320638228
20.805084837,0.035892339
20.810062771,0.035892339
20.815060186,-0.251246373
20.820062898,-0.251246373
20.825062220,-0.344566454
20.830060691,-0.344566454
20.835061495,-0.344566454
20.840060151,-0.244067905
20.845063418,-0.244067905
20.850060889,0.035892339
20.855060249,0.035892339
20.860060719,0.009571290
20.865060320,0.009571290
20.870084031,-0.291924357
20.875066520,-0.291924357
20.880060843,-0.430708068
20.885060351,-0.430708068
20.890061229,-0.375673148
20.895060200,-0.375673148
20.900060244,-0.074177501
20.905060919,-0.074177501
20.910060445,0.258424841
20.915061453,0.258424841
20.920062646,0.267996131
20.925061413,0.267996131
20.930060365,-0.035892339
20.935060539,-0.035892339
20.940060418,-0.277567422
20.945060444,-0.277567422
20.950060266,-0.349352100
20.955062219,-0.349352100
20.960060319,-0.174676050
20.965060401,-0.174676050
20.970060427,0.062213388
20.975060416,0.062213388
20.980060461,-0.059820565
20.985060284,-0.059820565
20.990060255,-0.342173632
20.995060466,-0.342173632
21.000060196,-0.452243471
21.005066519,-0.452243471
21.010062156,-0.325423874
21.015062497,-0.325423874
21.020062134,0.028713871
21.025067846,0.028713871
21.030060872,0.301495648
21.035059343,0.301495648
21.040059795,0.198604276
21.045059303,0.198604276
21.050059348,-0.093320081
21.055060578,-0.093320081
21.060060771,-0.303888470
21.065060501,-0.303888470
21.070060305,-0.334995164
21.075060590,-0.334995164
21.080060339,-0.114855485
21.085061106,-0.114855485
21.090060188,0.076570323
21.095061584,0.076570323
21.100060351,-0.095712904
21.105061415,-0.095712904
21.110059719,-0.382851616
21.115060449,-0.382851616
21.120062216,-0.454636294
21.125064872,-0.454636294
21.130061083,-0.277567422
21.135062202,-0.277567422
21.140060876,0.081355968
21.145060514,0.081355968
21.150060522,0.081355968
21.155066140,0.323031051
21.160061408,0.323031051
21.165060860,0.143569356
21.170060812,0.143569356
21.175061727,-0.174676050
21.180061142,-0.174676050
21.185060483,-0.346959277
21.190060362,-0.346959277
21.195060314,-0.296710002
21.200060822,-0.296710002
21.205060218,-0.033499516
21.210060133,-0.033499516
21.215060289,0.062213388
21.220062316,0.062213388
21.225060953,-0.189032985
21.230060646,-0.189032985
21.235061117,-0.423529600
21.240060310,-0.423529600
21.245060558,-0.416351132
21.250060270,-0.416351132
21.255061666,-0.181854518
21.260060378,-0.181854518
21.265060682,0.162711937
21.270060245,0.162711937
21.275061568,0.296710002
21.280060261,0.296710002
21.285060028,0.100498549
21.290060276,0.100498549
21.295060265,-0.224925324
21.300060273,-0.224925324
21.305060151,-0.337387987
21.310060270,-0.337387987
21.315061500,-0.251246373
21.320062545,-0.251246373
21.325060831,-0.021535403
21.330060931,-0.021535403
21.335060439,0.035892339
21.340060095,0.035892339
21.345061917,-0.234496615
21.350059666,-0.234496615
21.355059025,-0.478564520
21.360059459,-0.478564520
21.365060504,-0.399601374
21.370268528,-0.399601374
21.375064797,-0.126819598
21.380060583,-0.126819598
21.385060479,0.198604276
21.390063672,0.198604276
21.395063254,0.296710002
21.400060169,0.296710002
21.405060270,0.007178468
21.410060185,0.007178468
21.415060211,-0.265603309
21.420062163,-0.265603309
21.425061467,-0.344566454
21.430060716,-0.344566454
21.435061742,-0.222532502
21.440060509,-0.222532502
21.445060369,0.019142581
21.450060765,0.019142581
21.455060347,0.002392823
21.460060170,0.002392823
21.465060400,-0.306281293
21.470059834,-0.306281293
21.475061989,-0.306281293
21.480060238,-0.440279358
21.485060375,-0.440279358
21.490060550,-0.354137745
21.495060446,-0.354137745
21.500060158,-0.062213388
21.505047666,-0.062213388
21.510061525,0.236889437
21.515049996,0.236889437
21.520061874,0.239282260
21.525060863,0.239282260
21.530060593,-0.052642097
21.535060342,-0.052642097
21.540060516,-0.308674115
21.545060265,-0.308674115
21.550060402,-0.346959277
21.555060743,-0.346959277
21.560060399,-0.162711937
21.565060222,-0.162711937
21.570060378,0.062213388
21.575061552,0.062213388
21.580060653,-0.033499516
21.585060494,-0.033499516
21.590060168,-0.368494680
21.595060213,-0.368494680
21.600060276,-0.464207584
21.605060062,-0.464207584
21.610060162,-0.303888470
21.615061374,-0.303888470
21.620061604,0.021535403
21.625061445,0.021535403
21.630060415,0.308674115
21.635060405,0.308674115
21.640060172,0.181854518
21.645060679,0.181854518
21.650060576,-0.162711937
21.655061843,-0.162711937
21.660060444,-0.313459761
21.665060562,-0.313459761
21.670060274,-0.308674115
21.675059782,-0.308674115
21.680067104,-0.107677017
21.685064408,-0.107677017
21.690062564,0.069391855
21.695062313,0.069391855
21.700060395,-0.107677017
21.705060310,-0.107677017
21.710060706,-0.409172665
21.715061029,-0.409172665
21.720063222,-0.454636294
21.725062378,-0.454636294
21.730061108,-0.246460728
21.735061727,-0.246460728
21.740060086,0.102891372
21.745060779,0.102891372
21.750060102,0.301495648
21.755060684,0.301495648
21.760060154,0.145962179
21.765060347,0.145962179
21.770060170,-0.200997098
21.775061437,-0.200997098
21.780060297,-0.346959277
21.785060304,-0.346959277
21.790060108,-0.346959277
21.795061264,-0.303888470
21.800060254,-0.303888470
21.805085631,-0.055034920
21.810062899,-0.055034920
21.815060499,0.050249275
21.820062118,0.050249275
21.825062866,-0.184247340
21.830060948,-0.184247340
21.835062160,-0.454636294
21.840061297,-0.454636294
21.845062657,-0.421136778
21.850060479,-0.421136778
21.855059450,-0.177068872
21.860059439,-0.177068872
21.865060780,0.174676050
21.870309675,0.174676050
21.875064426,0.308674115
21.880060637,0.308674115
21.885060830,0.062213388
21.890063856,0.062213388
21.895061327,-0.239282260
21.900060316,-0.239282260
21.905060787,-0.327816696
21.910060276,-0.327816696
21.915061562,-0.246460728
21.920076662,-0.246460728
21.925063318,-0.011964113
21.930060604,-0.011964113
21.935061352,0.035892339
21.940060693,0.035892339
21.945060516,-0.244067905
21.950265318,-0.244067905
21.955075568,-0.466600407
21.960068502,-0.466600407
21.965060028,-0.394815729
21.970059499,-0.394815729
21.975060674,-0.119641130
21.980060570,-0.119641130
21.985060967,0.217746857
21.990060290,0.217746857
21.995060538,0.291924357
22.000060509,0.291924357
22.005067146,-0.016749758
22.010062302,-0.016749758
22.015062532,-0.284745889
22.020061799,-0.284745889
22.025071140,-0.337387987
22.030062148,-0.337387987
22.035059971,-0.227318147
22.040060349,-0.227318147
22.045060745,0.047856452
22.050061346,0.047856452
22.055060094,-0.004785645
22.060060361,-0.004785645
22.065060462,-0.330209519
22.070060729,-0.330209519
22.075060588,-0.449850649
22.080060837,-0.449850649
22.085060456,-0.327816696
22.090060612,-0.327816696
22.095061767,-0.038285162
22.100060312,-0.038285162
22.105060116,-0.038285162
22.110060106,0.289531535
22.115063724,0.289531535
22.120062084,0.232103792
22.125064258,0.232103792
22.130061674,-0.081355968
22.135062070,-0.081355968
22.140060245,-0.296710002
22.145060827,-0.296710002
22.150060594,-0.342173632
22.155060694,-0.342173632
22.160060665,-0.143569356
22.165060302,-0.143569356
22.170060254,0.052642097
22.175060429,0.052642097
22.180060362,-0.071784678
22.185060481,-0.071784678
22.190060526,-0.368494680
22.195061830,-0.368494680
22.200060875,-0.464207584
22.205066809,-0.464207584
22.210063057,-0.296710002
22.215060658,-0.296710002
22.220061906,0.052642097
22.225061210,0.052642097
22.230060644,0.311066938
22.235061837,0.311066938
22.240060345,0.169890405
22.245060297,0.169890405
22.250059971,-0.153140646
22.255060757,-0.153140646
22.260060376,-0.330209519
22.265060569,-0.330209519
22.270060150,-0.291924357
22.275060584,-0.291924357
22.280060407,-0.078963146
22.285060563,-0.078963146
22.290060367,0.069391855
22.295060060,0.069391855
22.300060160,-0.155533469
22.305060316,-0.155533469
22.310060064,-0.435493713
22.315061313,-0.435493713
22.320062302,-0.447457826
22.325060903,-0.447457826
22.330060670,-0.222532502
22.335060177,-0.222532502
22.340062278,0.110069840
22.345062508,0.110069840
22.350061034,0.299102825
22.355059431,0.299102825
22.360060679,0.117248307
22.365060317,0.117248307
22.370203786,-0.210568389
22.375098332,-0.210568389
22.380062210,-0.327816696
22.385061903,-0.327816696
22.390062966,-0.294317180
22.395062308,-0.294317180
22.400062167,-0.040677984
22.405062175,-0.040677984
22.410061979,0.062213388
22.415062302,0.062213388
22.420064420,-0.205782744
22.425080095,-0.205782744
22.430062251,-0.205782744
22.435061740,-0.457029117
22.440061822,-0.457029117
22.445062015,-0.418743955
22.450062023,-0.418743955
22.455062771,-0.165104759
22.460061742,-0.165104759
22.465061898,0.184247340
22.470134368,0.184247340
22.475062061,0.296710002
22.480061625,0.296710002
22.485061910,0.038285162
22.490062011,0.038285162
22.495063000,-0.260817663
22.500061730,-0.260817663
22.505066238,-0.354137745
22.510063671,-0.354137745
22.515063438,-0.251246373
22.520094631,-0.251246373
22.525062269,0.021535403
22.530065425,0.021535403
22.535063784,0.002392823
22.540061033,0.002392823
22.545062874,-0.299102825
22.550061974,-0.299102825
22.555062889,-0.447457826
22.560062323,-0.447457826
22.565061979,-0.363709035
22.570062153,-0.363709035
22.575061828,-0.069391855
22.580061558,-0.069391855
22.585060825,0.236889437
22.590061518,0.236889437
22.595062674,0.296710002
22.600062237,0.296710002
22.605061652,-0.019142581
22.610061642,-0.019142581
22.615093816,-0.279960244
22.620063083,-0.279960244
22.625061776,-0.332602341
22.630062395,-0.332602341
22.635062032,-0.193818631
22.640061688,-0.193818631
22.645061566,0.026321049
22.650061963,0.026321049
22.655062878,-0.050249275
22.660061923,-0.050249275
22.665061801,-0.366101858
22.670061864,-0.366101858
22.675061817,-0.454636294
22.680061158,-0.454636294
22.685062054,-0.337387987
22.690061784,-0.337387987
22.695063459,-0.009571290
22.700061930,-0.009571290
22.705061567,0.287138712
22.710098297,0.287138712
22.715061990,0.212961211
22.720063035,0.212961211
22.725063283,-0.129212420
22.730062402,-0.129212420
22.735063039,-0.320638228
22.740064714,-0.320638228
22.745063111,-0.320638228
22.750060803,-0.320638228
22.755064070,-0.320638228
22.760074949,-0.138783711
22.765061197,-0.138783711
22.770063205,0.074177501
22.775061990,0.074177501
22.780061739,-0.083748791
22.785061691,-0.083748791
22.790061606,-0.401994197
22.795062596,-0.401994197
22.800061511,-0.461814762
22.805152629,-0.461814762
22.810064637,-0.275174599
22.815061812,-0.275174599
22.820063097,0.081355968
22.825062327,0.081355968
22.830062057,0.330209519
22.835062806,0.330209519
22.840060869,0.162711937
22.845062729,0.162711937
22.850062274,-0.177068872
22.855101577,-0.177068872
22.860062178,-0.330209519
22.865061741,-0.330209519
22.870066379,-0.282353067
22.875066405,-0.282353067
22.880062005,-0.074177501
22.885061754,-0.074177501
22.890062539,0.078963146
22.895062918,0.078963146
22.900061685,-0.165104759
22.905077563,-0.165104759
22.910062274,-0.433100891
22.915061634,-0.433100891
22.920062493,-0.421136778
22.925062001,-0.421136778
22.930061713,-0.210568389
22.935062980,-0.210568389
22.940061636,0.145962179
22.945061458,0.145962179
22.950127780,0.342173632
22.955062011,0.342173632
22.960061667,0.088534436
22.965061823,0.088534436
22.970061979,-0.210568389
22.975063634,-0.210568389
22.980061735,-0.323031051
22.985061743,-0.323031051
22.990061899,-0.294317180
22.995063073,-0.294317180
23.000083544,-0.002392823
23.005067348,-0.002392823
23.010063189,0.059820565
23.015062252,0.059820565
23.020063149,-0.220139679
23.025071434,-0.220139679
23.030062627,-0.457029117
23.035061876,-0.457029117
23.040061587,-0.401994197
23.045061947,-0.401994197
23.050101677,-0.136390888
23.055061425,-0.136390888
23.060061785,-0.136390888
23.065062237,0.215354034
23.070061430,0.215354034
23.075063123,0.294317180
23.080061298,0.294317180
23.085061676,-0.007178468
23.090061554,-0.007178468
23.095062599,-0.277567422
23.100061773,-0.277567422
23.105061892,-0.330209519
23.110062103,-0.330209519
23.115061889,-0.256032018
23.120063434,-0.256032018
23.125061756,0.016749758
23.130062301,0.016749758
23.135062624,0.007178468
23.140061595,0.007178468
23.145103991,-0.311066938
23.150061906,-0.311066938
23.155061303,-0.461814762
23.160061774,-0.461814762
23.165061596,-0.344566454
23.170061586,-0.344566454
23.175062427,-0.074177501
23.180061583,-0.074177501
23.185061535,0.275174599
23.190061394,0.275174599
23.195061939,0.244067905
23.200061706,0.244067905
23.205061658,-0.040677984
23.210061703,-0.040677984
23.215062637,-0.301495648
23.220063478,-0.301495648
23.225062578,-0.346959277
23.230061771,-0.346959277
23.235063001,-0.165104759
23.240094009,-0.165104759
23.245061832,0.057427742
23.250062247,0.057427742
23.255061440,-0.055034920
23.260061651,-0.055034920
23.265064178,-0.356530567
23.270061945,-0.356530567
23.275061119,-0.449850649
23.280061571,-0.449850649
23.285061357,-0.308674115
23.290061253,-0.308674115
23.295062150,0.002392823
23.300062251,0.002392823
23.305061721,0.311066938
23.310061710,0.311066938
23.315062570,0.222532502
23.320062652,0.222532502
23.325062049,-0.150747824
23.330061797,-0.150747824
23.335096786,-0.318245406
23.340062127,-0.318245406
23.345063413,-0.323031051
23.350061773,-0.323031051
23.355061632,-0.112462662
23.360061918,-0.112462662
23.365061814,0.071784678
23.370061526,0.071784678
23.375073830,-0.107677017
23.380063504,-0.107677017
23.385077123,-0.107677017
23.390062927,-0.409172665
23.395062157,-0.409172665
23.400061628,-0.437886536
23.405061840,-0.437886536
23.410061773,-0.270388954
23.415062892,-0.270388954
23.420063696,0.098105727
23.425062297,0.098105727
23.430127637,0.325423874
23.435062219,0.325423874
23.440061875,0.136390888
23.445061791,0.136390888
23.450062002,-0.196211453
23.455063232,-0.196211453
23.460061499,-0.323031051
23.465061599,-0.323031051
23.470061829,-0.291924357
23.475062745,-0.291924357
23.480083363,-0.050249275
23.485061890,-0.050249275
23.490061953,0.062213388
23.495061479,0.062213388
23.500061783,-0.165104759
23.505069902,-0.165104759
23.510063095,-0.449850649
23.515063381,-0.449850649
23.520062796,-0.406779842
23.525062230,-0.406779842
23.530068830,-0.196211453
23.535061190,-0.196211453
23.540061734,0.179461695
23.545061835,0.179461695
23.550060991,0.306281293
23.555062832,0.306281293
23.560061469,0.066999033
23.565061310,0.066999033
23.570062133,-0.224925324
23.575105955,-0.224925324
23.580061574,-0.330209519
23.585061915,-0.330209519
23.590061886,-0.275174599
23.595061894,-0.275174599
23.600062031,-0.023928226
23.605061687,-0.023928226
23.610060658,0.038285162
23.615063258,0.038285162
23.620062914,-0.260817663
23.625071996,-0.260817663
23.630061930,-0.457029117
23.635061864,-0.457029117
23.640061982,-0.380458793
23.645061712,-0.380458793
23.650061646,-0.126819598
23.655062561,-0.126819598
23.660061384,0.222532502
23.665061355,0.222532502
23.670112140,0.308674115
23.675062185,0.308674115
23.680061470,-0.007178468
23.685061497,-0.007178468
23.690061616,-0.277567422
23.695063179,-0.277567422
23.700061946,-0.277567422
23.705060620,-0.334995164
23.710061795,-0.334995164
23.715063154,-0.208175566
23.720079532,-0.208175566
23.725065188,0.035892339
23.730061011,0.035892339
23.735060908,-0.011964113
23.740061638,-0.011964113
23.745061053,-0.327816696
23.750061505,-0.327816696
23.755062605,-0.457029117
23.760061613,-0.457029117
23.765130898,-0.339780809
23.770062518,-0.339780809
23.775061803,-0.043070807
23.780061774,-0.043070807
23.785061652,0.279960244
23.790061271,0.279960244
23.795062834,0.234496615
23.800061027,0.234496615
23.805078979,-0.081355968
23.810063580,-0.081355968
23.815113865,-0.287138712
23.820063373,-0.287138712
23.825062807,-0.330209519
23.830062278,-0.330209519
23.835062878,-0.136390888
23.840061960,-0.136390888
23.845055560,0.083748791
23.850062290,0.083748791
23.855061520,-0.071784678
23.860062565,-0.071784678
23.865090869,-0.373280326
23.870062340,-0.373280326
23.875070051,-0.445065004
23.880063207,-0.445065004
23.885062233,-0.303888470
23.890061889,-0.303888470
23.895063101,0.038285162
23.900062201,0.038285162
23.905061801,0.306281293
23.910061754,0.306281293
23.915087520,0.179461695
23.920063158,0.179461695
23.925062610,-0.145962179
23.930062192,-0.145962179
23.935061700,-0.315852583
23.940061800,-0.315852583
23.945061734,-0.323031051
23.950062020,-0.323031051
23.955063046,-0.093320081
23.960062035,-0.093320081
23.965061876,0.095712904
23.970062069,0.095712904
23.975061558,-0.143569356
23.980061862,-0.143569356
23.985061704,-0.421136778
23.990061989,-0.421136778
23.995063682,-0.423529600
24.000062005,-0.423529600
24.005024291,-0.234496615
24.010141649,-0.234496615
24.015063528,-0.234496615
24.020062888,0.105284194
24.025071395,0.105284194
24.030062885,0.313459761
24.035061170,0.313459761
24.040061826,0.112462662
24.045061519,0.112462662
24.050061693,-0.227318147
24.055061497,-0.227318147
24.060086098,-0.313459761
24.065061439,-0.313459761
24.070060632,-0.294317180
24.075062140,-0.294317180
24.080061518,-0.064606210
24.085061451,-0.064606210
24.090062163,0.057427742
24.095062671,0.057427742
24.100061734,-0.212961211
24.105129704,-0.212961211
24.110065509,-0.442672181
24.115065387,-0.442672181
24.120063321,-0.433100891
24.125063569,-0.433100891
24.130062262,-0.198604276
24.135062159,-0.198604276
24.140062981,0.172283227
24.145061934,0.172283227
24.150060756,0.308674115
24.155094671,0.308674115
24.160061920,0.059820565
24.165060946,0.059820565
24.170062195,-0.241675083
24.175061814,-0.241675083
24.180061506,-0.342173632
24.185061996,-0.342173632
24.190061689,-0.265603309
24.195063270,-0.265603309
24.200141278,-0.004785645
24.205061749,-0.004785645
24.210061683,0.014356936
24.215061376,0.014356936
24.220066198,-0.294317180
24.225062891,-0.294317180
24.230061769,-0.480957343
24.235061036,-0.480957343
24.240061655,-0.366101858
24.245061793,-0.366101858
24.250094522,-0.110069840
24.255061938,-0.110069840
24.260062001,0.246460728
24.265061101,0.246460728
24.270061980,0.294317180
24.275062858,0.294317180
24.280061940,-0.021535403
24.285061929,-0.021535403
24.290061751,-0.284745889
24.295137258,-0.284745889
24.300061989,-0.344566454
24.305061627,-0.344566454
24.310061782,-0.203389921
24.315061957,-0.203389921
24.320062502,0.047856452
24.325062047,0.047856452
24.330061499,0.047856452
24.335062803,0.000000000
24.340061607,0.000000000
24.345103614,-0.327816696
24.350063104,-0.327816696
24.355062093,-0.471386052
24.360061731,-0.471386052
24.365061738,-0.346959277
24.370061672,-0.346959277
24.375077476,-0.033499516
24.380063465,-0.033499516
24.385061992,0.282353067
24.390062351,0.282353067
24.395061822,0.234496615
24.400062052,0.234496615
24.405061819,-0.086141614
24.410061216,-0.086141614
24.415063001,-0.311066938
24.420063676,-0.311066938
24.425061980,-0.315852583
24.430061673,-0.315852583
24.435062977,-0.141176533
24.440127058,-0.141176533
24.445061937,0.059820565
24.450061815,0.059820565
24.455062063,-0.081355968
24.460061997,-0.081355968
24.465061820,-0.380458793
24.470061661,-0.380458793
24.475063650,-0.447457826
24.480061898,-0.447457826
24.485061851,-0.291924357
24.490080210,-0.291924357
24.495061848,0.047856452
24.500061726,0.047856452
24.505030178,0.308674115
24.510062908,0.308674115
24.515064490,0.169890405
24.520063424,0.169890405
24.525062413,-0.143569356
24.530061643,-0.143569356
24.535060947,-0.313459761
24.540074954,-0.313459761
24.545061925,-0.294317180
24.550060878,-0.294317180
24.555062033,-0.117248307
24.560061726,-0.117248307
24.565061753,0.062213388
24.570062075,0.062213388
24.575062990,-0.119641130
24.580061591,-0.119641130
24.585119117,-0.440279358
24.590062143,-0.440279358
24.595061818,-0.428315245
24.600061789,-0.428315245
24.605061500,-0.239282260
24.610061656,-0.239282260
24.615062904,0.124426775
24.620062838,0.124426775
24.625061864,0.315852583
24.630061835,0.315852583
24.635072417,0.119641130
24.640062147,0.119641130
24.645061710,-0.198604276
24.650061866,-0.198604276
24.655061855,-0.198604276
24.660061678,-0.327816696
24.665061927,-0.327816696
24.670061786,-0.275174599
24.675062831,-0.275174599
24.680111838,-0.043070807
24.685061680,-0.043070807
24.690061836,0.059820565
24.695061788,0.059820565
24.700061574,-0.189032985
24.705061396,-0.189032985
24.710061330,-0.471386052
24.715062486,-0.471386052
24.720062827,-0.392422906
24.725063020,-0.392422906
24.730085898,-0.157926292
24.735061795,-0.157926292
24.740062228,0.205782744
24.745061569,0.205782744
24.750061596,0.301495648
24.755062807,0.301495648
24.760062074,0.040677984
24.765061563,0.040677984
24.770061701,-0.267996131
24.775129801,-0.267996131
24.780061587,-0.342173632
24.785061539,-0.342173632
24.790062028,-0.236889437
24.795061888,-0.236889437
24.800061525,0.016749758
24.805078255,0.016749758
24.810063726,0.040677984
24.815064048,0.040677984
24.820063445,-0.267996131
24.825110027,-0.267996131
24.830061905,-0.468993230
24.835061968,-0.468993230
24.840061680,-0.397208552
24.845062040,-0.397208552
24.850063566,-0.124426775
24.855061740,-0.124426775
24.860062285,0.234496615
24.865061459,0.234496615
24.870061375,0.284745889
24.875111030,0.284745889
24.880063575,-0.019142581
24.885062139,-0.019142581
24.890061869,-0.275174599
24.895062988,-0.275174599
24.900062088,-0.325423874
24.905061985,-0.325423874
24.910061641,-0.179461695
24.915063167,-0.179461695
24.920063860,0.043070807
24.925065534,0.043070807
24.930061968,-0.023928226
24.935063976,-0.023928226
24.940061798,-0.332602341
24.945061584,-0.332602341
24.950061740,-0.480957343
24.955064322,-0.480957343
24.960061792,-0.349352100
24.965061689,-0.349352100
24.970061993,-0.043070807
24.975061816,-0.043070807
24.980061934,-0.043070807
24.985061961,0.294317180
24.990061950,0.294317180
24.995062087,0.224925324
25.000061947,0.224925324
25.005021066,-0.105284194
25.010062703,-0.105284194
25.015063618,-0.315852583
25.020137959,-0.315852583
25.025075486,-0.332602341
25.030064382,-0.332602341
25.035062335,-0.122033953
25.040061528,-0.122033953
25.045061961,0.050249275
25.050062043,0.050249275
25.055061107,-0.095712904
25.060062077,-0.095712904
25.065061974,-0.392422906
25.070110092,-0.392422906
25.075062341,-0.445065004
25.080062423,-0.445065004
25.085061746,-0.306281293
25.090061679,-0.306281293
25.095063280,0.050249275
25.100061713,0.050249275
25.105061555,0.296710002
25.110061636,0.296710002
25.115063811,0.184247340
25.120073652,0.184247340
25.125062641,-0.160319114
25.130061816,-0.160319114
25.135061731,-0.330209519
25.140061868,-0.330209519
25.145061024,-0.296710002
25.150062032,-0.296710002
25.155063169,-0.088534436
25.160061677,-0.088534436
25.165119906,0.055034920
25.170061896,0.055034920
25.175061719,-0.114855485
25.180061727,-0.114855485
25.185061586,-0.399601374
25.190061890,-0.399601374
25.195062713,-0.468993230
25.200061535,-0.468993230
25.205061469,-0.246460728
25.210060625,-0.246460728
25.215068707,0.131605243
25.220063326,0.131605243
25.225061593,0.301495648
25.230062138,0.301495648
25.235062071,0.100498549
25.240061431,0.100498549
25.245061420,-0.215354034
25.250061372,-0.215354034
25.255062621,-0.334995164
25.260119350,-0.334995164
25.265061988,-0.284745889
25.270061607,-0.284745889
25.275061559,-0.040677984
25.280085326,-0.040677984
25.285092945,0.066999033
25.290063972,0.066999033
25.295062720,0.066999033
25.300062172,-0.191425808
25.305061643,-0.191425808
25.310061336,-0.457029117
25.315061584,-0.457029117
25.320064611,-0.433100891
25.325061822,-0.433100891
25.330061867,-0.155533469
25.335061579,-0.155533469
25.340061883,0.179461695
25.345062298,0.179461695
25.350066250,0.299102825
25.355062573,0.299102825
25.360061636,0.045463629
25.365126773,0.045463629
25.370062614,-0.258424841
25.375070381,-0.258424841
25.380063185,-0.346959277
25.385062304,-0.346959277
25.390061997,-0.232103792
25.395061783,-0.232103792
25.400061328,0.019142581
25.405061521,0.019142581
25.410061954,0.023928226
25.415105776,0.023928226
25.420063785,-0.253639196
25.425062107,-0.253639196
25.430062059,-0.497707101
25.435062345,-0.497707101
25.440061871,-0.392422906
25.445061786,-0.392422906
25.450061720,-0.098105727
25.455063135,-0.098105727
25.460061736,0.224925324
25.465072817,0.224925324
25.470062122,0.277567422
25.475061759,0.277567422
25.480061507,-0.002392823
25.485062256,-0.002392823
25.490061930,-0.299102825
25.495062697,-0.299102825
25.500062039,-0.344566454
25.505049232,-0.344566454
25.510150850,-0.189032985
25.515062173,-0.189032985
25.520066847,0.031106694
25.525062985,0.031106694
25.530061418,-0.021535403
25.535062463,-0.021535403
25.540061730,-0.337387987
25.545060738,-0.337387987
25.550061357,-0.468993230
25.555062643,-0.468993230
25.560108854,-0.339780809
25.565061732,-0.339780809
25.570061999,-0.026321049
25.575061711,-0.026321049
25.580061644,0.284745889
25.585061541,0.284745889
25.590061678,0.222532502
25.595062982,0.222532502
25.600061694,-0.090927259
25.605061609,-0.090927259
25.610065302,-0.090927259
25.615062125,-0.308674115
25.620062836,-0.308674115
25.625062325,-0.327816696
25.630061963,-0.327816696
25.635063082,-0.148355001
25.640061775,-0.148355001
25.645061671,0.088534436
25.650061531,0.088534436
25.655105020,-0.069391855
25.660061713,-0.069391855
25.665061462,-0.366101858
25.670062247,-0.366101858
25.675061588,-0.480957343
25.680061670,-0.480957343
25.685061474,-0.296710002
25.690061889,-0.296710002
25.695063119,0.033499516
25.700061942,0.033499516
25.705061190,0.301495648
25.710061920,0.301495648
25.715061613,0.200997098
25.720063621,0.200997098
25.725062851,-0.172283227
25.730063007,-0.172283227
25.735062830,-0.323031051
25.740061541,-0.323031051
25.745061530,-0.308674115
25.750122482,-0.308674115
25.755061453,-0.088534436
25.760061961,-0.088534436
25.765061395,0.098105727
25.770061828,0.098105727
25.775062188,-0.122033953
25.780061511,-0.122033953
25.785061537,-0.425922423
25.790062082,-0.425922423
25.795062664,-0.440279358
25.800071393,-0.440279358
25.805076123,-0.241675083
25.810063761,-0.241675083
25.815062324,0.105284194
25.820063202,0.105284194
25.825062599,0.306281293
25.830061644,0.306281293
25.835062577,0.129212420
25.840061696,0.129212420
25.845061667,-0.203389921
25.850090878,-0.203389921
25.855062257,-0.332602341
25.860062116,-0.332602341
25.865061476,-0.282353067
25.870061799,-0.282353067
25.875073065,-0.043070807
25.880063499,-0.043070807
25.885062081,0.062213388
25.890062274,0.062213388
25.895148781,-0.196211453
25.900062049,-0.196211453
25.905061334,-0.454636294
25.910061601,-0.454636294
25.915062665,-0.430708068
25.920063710,-0.430708068
25.925062088,-0.430708068
25.930061929,-0.160319114
25.935063029,-0.160319114
25.940061907,0.184247340
25.945095470,0.184247340
25.950062089,0.313459761
25.955061727,0.313459761
25.960061346,0.055034920
25.965061594,0.055034920
25.970061639,-0.272781776
25.975062702,-0.272781776
25.980061044,-0.373280326
25.985061644,-0.373280326
25.990124021,-0.253639196
25.995061956,-0.253639196
26.000061760,-0.002392823
26.005066730,-0.002392823
26.010063016,0.033499516
26.015062302,0.033499516
26.020063698,-0.263210486
26.025069021,-0.263210486
26.030063603,-0.471386052
26.035062073,-0.471386052
26.040107433,-0.368494680
26.045061978,-0.368494680
26.050062300,-0.098105727
26.055062419,-0.098105727
26.060062038,0.222532502
26.065061620,0.222532502
26.070060869,0.289531535
26.075062969,0.289531535
26.080061884,-0.033499516
26.085140447,-0.033499516
26.090062270,-0.287138712
26.095061611,-0.287138712
26.100061767,-0.323031051
26.105061682,-0.323031051
26.110061931,-0.198604276
26.115068642,-0.198604276
26.120063687,0.047856452
26.125061806,0.047856452
26.130061073,-0.007178468
26.135112617,-0.007178468
26.140061736,-0.337387987
26.145061392,-0.337387987
26.150062493,-0.495314278
26.155061649,-0.495314278
26.160060934,-0.342173632
26.165061664,-0.342173632
26.170060579,-0.011964113
26.175063217,-0.011964113
26.180061947,0.267996131
26.185063121,0.267996131
26.190061833,0.253639196
26.195061581,0.253639196
26.200061367,-0.081355968
26.205061504,-0.081355968
26.210061919,-0.323031051
26.215062909,-0.323031051
26.220063379,-0.327816696
26.225062017,-0.327816696
26.230104783,-0.150747824
26.235061736,-0.150747824
26.240061318,-0.150747824
26.245061696,0.057427742
26.250061667,0.057427742
26.255063008,-0.055034920
26.260061627,-0.055034920
26.265061579,-0.380458793
26.270061457,-0.380458793
26.275063668,-0.447457826
26.280063232,-0.447457826
26.285061332,-0.289531535
26.290061766,-0.289531535
26.295061477,0.045463629
26.300061559,0.045463629
26.305061474,0.315852583
26.310061501,0.315852583
26.315062749,0.169890405
26.320062535,0.169890405
26.325109357,-0.148355001
26.330061791,-0.148355001
26.335061299,-0.313459761
26.340061566,-0.313459761
26.345061407,-0.301495648
26.350063081,-0.301495648
26.355062256,-0.102891372
26.360061578,-0.102891372
26.365061197,0.064606210
26.370061316,0.064606210
26.375089935,-0.136390888
26.380062998,-0.136390888
26.385061617,-0.430708068
26.390062273,-0.430708068
26.395061947,-0.466600407
26.400061955,-0.466600407
26.405061833,-0.236889437
26.410061804,-0.236889437
26.415063108,0.110069840
26.420063375,0.110069840
26.425071772,0.303888470
26.430062946,0.303888470
26.435061121,0.105284194
26.440061554,0.105284194
26.445061895,-0.205782744
26.450061422,-0.205782744
26.455059689,-0.330209519
26.460061474,-0.330209519
26.465061908,-0.277567422
26.470101786,-0.277567422
26.475062016,-0.035892339
26.480061617,-0.035892339
26.485061921,0.040677984
26.490061984,0.040677984
26.495063084,-0.189032985
26.500061833,-0.189032985
26.505035804,-0.466600407
26.510063645,-0.466600407
26.515068078,-0.421136778
26.520114678,-0.421136778
26.525061390,-0.160319114
26.530062972,-0.160319114
26.535061998,0.162711937
26.540061025,0.162711937
26.545061458,0.311066938
26.550061651,0.311066938
26.555062937,0.050249275
26.560062167,0.050249275
26.565144822,0.050249275
26.570061775,-0.256032018
26.575061690,-0.256032018
26.580061772,-0.339780809
26.585061465,-0.339780809
26.590061843,-0.241675083
26.595063851,-0.241675083
26.600061673,0.011964113
26.605061459,0.011964113
26.610061578,0.014356936
26.615096270,0.014356936
26.620063093,-0.263210486
26.625062323,-0.263210486
26.630062053,-0.466600407
26.635062191,-0.466600407
26.640061735,-0.380458793
26.645061669,-0.380458793
26.650061881,-0.098105727
26.655062666,-0.098105727
26.660061878,0.229710970
26.665061682,0.229710970
26.670061541,0.265603309
26.675061605,0.265603309
26.680060705,-0.033499516
26.685061565,-0.033499516
26.690061665,-0.279960244
26.695062951,-0.279960244
26.700061847,-0.325423874
26.705061651,-0.325423874
26.710102825,-0.189032985
26.715062000,-0.189032985
26.720062675,0.031106694
26.725062534,0.031106694
26.730063412,-0.028713871
26.735062976,-0.028713871
26.740061706,-0.330209519
26.745061343,-0.330209519
26.750061443,-0.473778875
26.755063044,-0.473778875
26.760066811,-0.346959277
26.765061652,-0.346959277
26.770061808,-0.031106694
26.775060945,-0.031106694
26.780061601,0.272781776
26.785061683,0.272781776
26.790061709,0.224925324
26.795062865,0.224925324
26.800061503,-0.090927259
26.805146787,-0.090927259
26.810062703,-0.327816696
26.815063192,-0.327816696
26.820063126,-0.334995164
26.825062301,-0.334995164
26.830062512,-0.136390888
26.835063316,-0.136390888
26.840061509,0.069391855
26.845061628,0.069391855
26.850063488,-0.055034920
26.855113532,-0.055034920
26.860061614,-0.366101858
26.865061641,-0.366101858
26.870065074,-0.471386052
26.875072434,-0.471386052
26.880064479,-0.471386052
26.885062338,-0.296710002
26.890062550,-0.296710002
26.895064502,0.055034920
26.900061250,0.055034920
26.905093906,0.287138712
26.910062470,0.287138712
26.915061755,0.186640163
26.920064337,0.186640163
26.925065641,-0.138783711
26.930065390,-0.138783711
26.935063786,-0.337387987
26.940060702,-0.337387987
26.945061561,-0.318245406
26.950062161,-0.318245406
26.955067447,-0.093320081
26.960061214,-0.093320081
26.965061518,0.069391855
26.970061933,0.069391855
26.975061645,-0.141176533
26.980061708,-0.141176533
26.985061808,-0.413958310
26.990061335,-0.413958310
26.995062713,-0.459421939
27.000106850,-0.459421939
27.005068673,-0.248853550
27.010063051,-0.248853550
27.015062096,0.100498549
27.020062141,0.100498549
27.025068371,0.294317180
27.030063156,0.294317180
27.035061682,0.129212420
27.040061264,0.129212420
27.045061883,-0.215354034
27.050098928,-0.215354034
27.055061713,-0.330209519
27.060061814,-0.330209519
27.065060766,-0.267996131
27.070061163,-0.267996131
27.075063059,-0.028713871
27.080061715,-0.028713871
27.085061779,0.035892339
27.090062286,0.035892339
27.095140942,-0.200997098
27.100061839,-0.200997098
27.105061939,-0.437886536
27.110061929,-0.437886536
27.115061696,-0.430708068
27.120062740,-0.430708068
27.125062433,-0.153140646
27.130061793,-0.153140646
27.135062671,0.169890405
27.140061586,0.169890405
27.145096149,0.308674115
27.150061972,0.308674115
27.155061665,0.071784678
27.160061877,0.071784678
27.165061477,-0.265603309
27.170061633,-0.265603309
27.175062918,-0.337387987
27.180061482,-0.337387987
27.185061804,-0.222532502
27.190146515,-0.222532502
27.195061746,-0.222532502
27.200061698,-0.011964113
27.205061484,-0.011964113
27.210061862,0.016749758
27.215063425,0.016749758
27.220063229,-0.275174599
27.225061144,-0.275174599
27.230061430,-0.452243471
27.235063363,-0.452243471
27.240096223,-0.404387019
27.245061768,-0.404387019
27.250061924,-0.090927259
27.255061895,-0.090927259
27.260061550,0.222532502
27.265061466,0.222532502
27.270061918,0.277567422
27.275063166,0.277567422
27.280061674,-0.033499516
27.285139737,-0.033499516
27.290062153,-0.308674115
27.295061772,-0.308674115
27.300061705,-0.337387987
27.305061398,-0.337387987
27.310061424,-0.191425808
27.315062969,-0.191425808
27.320062681,0.031106694
27.325061744,0.031106694
27.330061659,-0.021535403
27.335092500,-0.021535403
27.340061656,-0.337387987
27.345061442,-0.337387987
27.350063542,-0.492921456
27.355062050,-0.492921456
27.360061761,-0.344566454
27.365061269,-0.344566454
27.370061629,-0.021535403
27.375077062,-0.021535403
27.380063515,0.284745889
27.385075282,0.284745889
27.390062826,0.244067905
27.395062019,0.244067905
27.400061546,-0.100498549
27.405061739,-0.100498549
27.410061672,-0.332602341
27.415063939,-0.332602341
27.420063299,-0.332602341
27.425062066,-0.332602341
27.430147388,-0.145962179
27.435062470,-0.145962179
27.440062682,0.069391855
27.445062042,0.069391855
27.450065272,-0.045463629
27.455063094,-0.045463629
27.460061250,-0.392422906
27.465061406,-0.392422906
27.470061988,-0.480957343
27.475062681,-0.480957343
27.480112299,-0.279960244
27.485061659,-0.279960244
27.490062000,0.062213388
27.495061286,0.062213388
27.500061849,0.308674115
27.505029024,0.308674115
27.510063013,0.308674115
27.515063835,0.174676050
27.520063362,0.174676050
27.525062092,-0.155533469
27.530111377,-0.155533469
27.535062015,-0.311066938
27.540061874,-0.311066938
27.545062382,-0.296710002
27.550061038,-0.296710002
27.555063398,-0.105284194
27.560061794,-0.105284194
27.565061821,0.069391855
27.570062014,0.069391855
27.575062984,-0.124426775
27.580070307,-0.124426775
27.585061555,-0.437886536
27.590061933,-0.437886536
27.595061756,-0.433100891
27.600061949,-0.433100891
27.605061920,-0.224925324
27.610061687,-0.224925324
27.615062620,0.122033953
27.620062962,0.122033953
27.625131246,0.313459761
27.630061959,0.313459761
27.635062022,0.136390888
27.640061678,0.136390888
27.645061278,-0.232103792
27.650061619,-0.232103792
27.655062868,-0.327816696
27.660061542,-0.327816696
27.665061513,-0.270388954
27.670061576,-0.270388954
27.675086010,-0.033499516
27.680061740,-0.033499516
27.685061785,0.076570323
27.690061663,0.076570323
27.695062134,-0.210568389
27.700061493,-0.210568389
27.705060538,-0.478564520
27.710062027,-0.478564520
27.715062646,-0.440279358
27.720140987,-0.440279358
27.725062106,-0.131605243
27.730063466,-0.131605243
27.735061788,0.174676050
27.740061370,0.174676050
27.745061322,0.306281293
27.750061571,0.306281293
27.755062801,0.055034920
27.760061938,0.055034920
27.765061668,-0.256032018
27.770098046,-0.256032018
27.775061795,-0.332602341
27.780061655,-0.332602341
27.785061496,-0.241675083
27.790061689,-0.241675083
27.795063067,0.002392823
27.800060482,0.002392823
27.805078008,0.040677984
27.810062979,0.040677984
27.815062820,-0.272781776
27.820088476,-0.272781776
27.825062150,-0.495314278
27.830062325,-0.495314278
27.835061907,-0.495314278
27.840061896,-0.380458793
27.845062107,-0.380458793
27.850064023,-0.098105727
27.855062067,-0.098105727
27.860061760,0.236889437
27.865061638,0.236889437
27.870062257,0.279960244
27.875074135,0.279960244
27.880063180,-0.031106694
27.885062095,-0.031106694
27.890062659,-0.306281293
27.895063222,-0.306281293
27.900061545,-0.313459761
27.905061793,-0.313459761
27.910061764,-0.162711937
27.915107308,-0.162711937
27.920062372,0.050249275
27.925062917,0.050249275
27.930062276,0.002392823
27.935062025,0.002392823
27.940062181,-0.334995164
27.945061448,-0.334995164
27.950061511,-0.478564520
27.955062871,-0.478564520
27.960060990,-0.339780809
27.965076423,-0.339780809
27.970062542,-0.021535403
27.975066272,-0.021535403
27.980063095,0.272781776
27.985061288,0.272781776
27.990062370,0.248853550
27.995062674,0.248853550
28.000060645,-0.086141614
28.005066763,-0.086141614
28.010063438,-0.318245406
28.015092390,-0.318245406
28.020063416,-0.320638228
28.025068405,-0.320638228
28.030063210,-0.150747824
28.035061810,-0.150747824
28.040061725,0.066999033
28.045061770,0.066999033
28.050061463,-0.064606210
28.055061248,-0.064606210
28.060061793,-0.378065971
28.065061968,-0.378065971
28.070061994,-0.461814762
28.075061983,-0.461814762
28.080061472,-0.303888470
28.085062184,-0.303888470
28.090061803,0.066999033
28.095062774,0.066999033
28.100061726,0.311066938
28.105061530,0.311066938
28.110103500,0.181854518
28.115064879,0.181854518
28.120063961,-0.165104759
28.125062135,-0.165104759
28.130060680,-0.327816696
28.135063928,-0.327816696
28.140061325,-0.308674115
28.145060703,-0.308674115
28.150062026,-0.308674115
28.155063089,-0.086141614
28.160073208,-0.086141614
28.165061864,0.078963146
28.170062186,0.078963146
28.175061602,-0.133998066
28.180061702,-0.133998066
28.185061506,-0.425922423
28.190061606,-0.425922423
28.195062929,-0.437886536
28.200061455,-0.437886536
28.205117018,-0.212961211
28.210061730,-0.212961211
28.215061034,0.136390888
28.220062986,0.136390888
28.225062216,0.320638228
28.230061761,0.320638228
28.235062695,0.133998066
28.240061425,0.133998066
28.245061544,-0.217746857
28.250061496,-0.217746857
28.255066578,-0.354137745
28.260061789,-0.354137745
28.265061649,-0.260817663
28.270061842,-0.260817663
28.275061738,-0.059820565
28.280061413,-0.059820565
28.285061384,0.050249275
28.290061614,0.050249275
28.295062658,-0.196211453
28.300108980,-0.196211453
28.305061711,-0.473778875
28.310061645,-0.473778875
28.315061708,-0.418743955
28.320062364,-0.418743955
28.325061760,-0.165104759
28.330061713,-0.165104759
28.335063072,0.177068872
28.340061339,0.177068872
28.345061273,0.308674115
28.350081170,0.308674115
28.355061770,0.050249275
28.360061963,0.050249275
28.365061693,-0.270388954
28.370061479,-0.270388954
28.375079449,-0.327816696
28.380063698,-0.327816696
28.385061965,-0.215354034
28.390061658,-0.215354034
28.395128961,-0.004785645
28.400061803,-0.004785645
28.405062255,0.043070807
28.410062096,0.043070807
28.415061789,-0.272781776
28.420063260,-0.272781776
28.425062008,-0.478564520
28.430061498,-0.478564520
28.435062672,-0.394815729
28.440061569,-0.394815729
28.445074650,-0.098105727
28.450061899,-0.098105727
28.455061425,0.222532502
28.460061729,0.222532502
28.465061774,0.222532502
28.470062004,0.296710002
28.475061364,0.296710002
28.480061631,-0.026321049
28.485061379,-0.026321049
28.490138072,-0.291924357
28.495067950,-0.291924357
28.500063588,-0.332602341
28.505065096,-0.332602341
28.510062974,-0.208175566
28.515062870,-0.208175566
28.520062878,0.028713871
28.525061516,0.028713871
28.530061209,-0.019142581
28.535063735,-0.019142581
28.540100798,-0.334995164
28.545061676,-0.334995164
28.550061888,-0.478564520
28.555061433,-0.478564520
28.560061885,-0.320638228
28.565061337,-0.320638228
28.570061456,-0.016749758
28.575062667,-0.016749758
28.580061583,0.272781776
28.585061535,0.272781776
28.590068857,0.248853550
28.595061958,0.248853550
28.600060799,-0.105284194
28.605061825,-0.105284194
28.610089092,-0.313459761
28.615078285,-0.313459761
28.620065015,-0.320638228
28.625062190,-0.320638228
28.630061512,-0.141176533
28.635062149,-0.141176533
28.640061583,0.069391855
28.645125072,0.069391855
28.650062395,-0.069391855
28.655061699,-0.069391855
28.660061633,-0.397208552
28.665061585,-0.397208552
28.670061741,-0.452243471
28.675063767,-0.452243471
28.680061738,-0.272781776
28.685061672,-0.272781776
28.690061661,0.062213388
28.695082261,0.062213388
28.700062417,0.330209519
28.705062017,0.330209519
28.710061710,0.186640163
28.715062755,0.186640163
28.720062930,-0.179461695
28.725061845,-0.179461695
28.730063964,-0.342173632
28.735063342,-0.342173632
28.740136886,-0.301495648
28.745061561,-0.301495648
28.750062180,-0.083748791
28.755062040,-0.083748791
28.760061547,0.074177501
28.765061981,0.074177501
28.770062618,-0.114855485
28.775062793,-0.114855485
28.780061449,-0.445065004
28.785061364,-0.445065004
28.790089112,-0.445065004
28.795062028,-0.447457826
28.800061832,-0.447457826
28.805075710,-0.212961211
28.810063588,-0.212961211
28.815063262,0.131605243
28.820063437,0.131605243
28.825061426,0.325423874
28.830061989,0.325423874
28.835063497,0.114855485
28.840087986,0.114855485
28.845062087,-0.227318147
28.850064724,-0.227318147
28.855061917,-0.320638228
28.860061795,-0.320638228
28.865062173,-0.267996131
28.870061681,-0.267996131
28.875078133,-0.028713871
28.880063363,-0.028713871
28.885061612,0.050249275
28.890068490,0.050249275
28.895061739,-0.205782744
28.900061672,-0.205782744
28.905061347,-0.476171697
28.910061558,-0.476171697
28.915062696,-0.406779842
28.920063481,-0.406779842
28.925062081,-0.172283227
28.930061904,-0.172283227
28.935117485,0.174676050
28.940061734,0.174676050
28.945061631,0.320638228
28.950062065,0.320638228
28.955061869,0.055034920
28.960061840,0.055034920
28.965061940,-0.279960244
28.970061503,-0.279960244
28.975062955,-0.337387987
28.980061463,-0.337387987
28.985089397,-0.248853550
28.990062775,-0.248853550
28.995062320,0.019142581
29.000061754,0.019142581
29.005066354,0.026321049
29.010063158,0.026321049
29.015063518,-0.284745889
29.020063266,-0.284745889
29.025067496,-0.488135810
29.030063152,-0.488135810
29.035090771,-0.361316213
29.040061538,-0.361316213
29.045061935,-0.076570323
29.050062516,-0.076570323
29.055061858,0.229710970
29.060062032,0.229710970
29.065061484,0.270388954
29.070060844,0.270388954
29.075063129,-0.043070807
29.080136599,-0.043070807
29.085065145,-0.303888470
29.090063708,-0.303888470
29.095061179,-0.318245406
29.100061242,-0.318245406
29.105061620,-0.318245406
29.110060702,-0.198604276
29.115064043,-0.198604276
29.120063625,0.045463629
29.125061837,0.045463629
29.130096714,-0.007178468
29.135062148,-0.007178468
29.140061934,-0.346959277
29.145061738,-0.346959277
29.150061598,-0.476171697
29.155062828,-0.476171697
29.160061743,-0.325423874
29.165061640,-0.325423874
29.170061832,-0.028713871
29.175144247,-0.028713871
29.180061552,0.287138712
29.185061522,0.287138712
29.190062326,0.234496615
29.195061594,0.234496615
29.200061509,-0.112462662
29.205061442,-0.112462662
29.210061450,-0.330209519
29.215062754,-0.330209519
29.220063669,-0.315852583
29.225061677,-0.315852583
29.230060555,-0.148355001
29.235060859,-0.148355001
29.240060626,0.076570323
29.245060819,0.076570323
29.250060494,-0.045463629
29.255061539,-0.045463629
29.260060213,-0.401994197
29.265059980,-0.401994197
29.270060284,-0.471386052
29.275060588,-0.471386052
29.280060429,-0.289531535
29.285060956,-0.289531535
29.290060019,0.047856452
29.295061341,0.047856452
29.300060127,0.339780809
29.305060116,0.339780809
29.310060346,0.177068872
29.315083354,0.177068872
29.320062954,-0.172283227
29.325060833,-0.172283227
29.330060359,-0.327816696
29.335061200,-0.327816696
29.340060078,-0.306281293
29.345060493,-0.306281293
29.350068797,-0.088534436
29.355067286,-0.088534436
29.360061887,0.078963146
29.365060376,0.078963146
29.370060754,-0.138783711
29.375071021,-0.138783711
29.380062492,-0.457029117
29.385060852,-0.457029117
29.390060822,-0.445065004
29.395062534,-0.445065004
29.400060671,-0.229710970
29.405060901,-0.229710970
29.410061261,0.129212420
29.415061269,0.129212420
29.420065184,0.129212420
29.425060414,0.311066938
29.430060551,0.311066938
29.435061559,0.112462662
29.440061733,0.112462662
29.445060574,-0.212961211
29.450060508,-0.212961211
29.455060460,-0.330209519
29.460060931,-0.330209519
29.465060531,-0.275174599
29.470061002,-0.275174599
29.475062399,-0.052642097
29.480060499,-0.052642097
29.485061063,0.059820565
29.490060348,0.059820565
29.495060504,-0.220139679
29.500060753,-0.220139679
29.505069075,-0.457029117
29.510062546,-0.457029117
29.515062146,-0.406779842
29.520061043,-0.406779842
29.525060884,-0.150747824
29.530060466,-0.150747824
29.535060937,0.181854518
29.540060481,0.181854518
29.545060563,0.308674115
29.550060719,0.308674115
29.555062060,0.019142581
29.560060568,0.019142581
29.565060631,-0.263210486
29.570061361,-0.263210486
29.575060591,-0.337387987
29.580060395,-0.337387987
29.585060736,-0.236889437
29.590060207,-0.236889437
29.595061548,0.014356936
29.600060908,0.014356936
29.605060490,0.002392823
29.610060646,0.002392823
29.615060968,-0.291924357
29.620060957,-0.291924357
29.625060762,-0.490528633
29.630060417,-0.490528633
29.635060296,-0.366101858
29.640060396,-0.366101858
29.645060367,-0.088534436
29.650060374,-0.088534436
29.655061456,0.234496615
29.660060890,0.234496615
29.665060879,0.275174599
29.670060480,0.275174599
29.675060617,-0.050249275
29.680060310,-0.050249275
29.685060021,-0.294317180
29.690060492,-0.294317180
29.695061315,-0.313459761
29.700060711,-0.313459761
29.705060515,-0.186640163
29.710060449,-0.186640163
29.715060383,0.043070807
29.720065576,0.043070807
29.725061769,-0.021535403
29.730064091,-0.021535403
29.735061821,-0.354137745
29.740060348,-0.354137745
29.745060689,-0.354137745
29.750061011,-0.485742988
29.755059815,-0.485742988
29.760060971,-0.325423874
29.765064294,-0.325423874
29.770060468,-0.007178468
29.775061124,-0.007178468
29.780060299,0.308674115
29.785060195,0.308674115
29.790060462,0.229710970
29.795060803,0.229710970
29.800060200,-0.126819598
29.805075430,-0.126819598
29.810062271,-0.330209519
29.815061149,-0.330209519
29.820064676,-0.308674115
29.825061887,-0.308674115
29.830060710,-0.129212420
29.835060791,-0.129212420
29.840060558,0.083748791
29.845060714,0.083748791
29.850060870,-0.081355968
29.855062211,-0.081355968
29.860060627,-0.390030084
29.865147615,-0.390030084
29.870059401,-0.457029117
29.875069224,-0.457029117
29.880060547,-0.270388954
29.885059628,-0.270388954
29.890060784,0.064606210
29.895060496,0.064606210
29.900060337,0.323031051
29.905060437,0.323031051
29.910060797,0.160319114
29.915061101,0.160319114
29.920064738,-0.181854518
29.925061079,-0.181854518
29.930060680,-0.323031051
29.935060725,-0.323031051
29.940060955,-0.294317180
29.945060740,-0.294317180
29.950060915,-0.102891372
29.955061330,-0.102891372
29.960060467,0.071784678
29.965060993,0.071784678
29.970060242,-0.150747824
29.975060639,-0.150747824
29.980060424,-0.461814762
29.985060395,-0.461814762
29.990060810,-0.435493713
29.995060744,-0.435493713
