t_sec,imu_m_s2,x_cmd_mm,fit_m_s2
3.0023,0.239282,-2.4818,-0.065587
3.0032,0.239282,-2.4633,-0.065596
3.0041,0.239282,-2.4392,-0.065601
3.0051,0.239282,-2.4093,-0.065603
3.0060,0.239282,-2.3735,-0.065602
3.0069,0.239282,-2.3320,-0.065597
3.0082,0.239282,-2.2667,-0.065584
3.0094,0.239282,-2.1914,-0.065566
3.0107,0.239282,-2.1062,-0.065541
3.0119,-0.007178,-2.0117,-0.065510
3.0132,-0.007178,-1.9082,-0.065474
3.0144,-0.007178,-1.7943,-0.065430
3.0157,-0.007178,-1.6758,-0.065383
3.0169,-0.007178,-1.5487,-0.065330
3.0182,-0.007178,-1.4144,-0.065271
3.0194,-0.007178,-1.2729,-0.065208
3.0207,-0.007178,-1.1266,-0.065140
3.0219,-0.007178,-0.9756,-0.065068
3.0232,-0.028714,-0.8204,-0.064992
3.0244,-0.028714,-0.6610,-0.064912
3.0257,-0.028714,-0.4987,-0.064829
3.0269,-0.028714,-0.3342,-0.064743
3.0282,-0.028714,-0.1682,-0.064655
3.0294,-0.028714,-0.0014,-0.064564
3.0307,-0.028714,0.1662,-0.064472
3.0319,-0.028714,0.3318,-0.064378
3.0332,-0.064606,0.4961,-0.064284
3.0344,-0.064606,0.6585,-0.064189
3.0357,-0.064606,0.8179,-0.064094
3.0369,-0.064606,0.9736,-0.064000
3.0382,-0.064606,1.1251,-0.063906
3.0394,-0.064606,1.2715,-0.063814
3.0407,-0.064606,1.4123,-0.063723
3.0419,-0.064606,1.5468,-0.063634
3.0432,-0.380459,1.6743,-0.063548
3.0444,-0.380459,1.7945,-0.063464
3.0457,-0.380459,1.9066,-0.063384
3.0469,-0.380459,2.0102,-0.063307
3.0482,-0.380459,2.1049,-0.063234
3.0494,-0.380459,2.1902,-0.063166
3.0507,-0.380459,2.2685,-0.063099
3.0545,-0.215354,2.4327,-0.062937
3.0555,-0.215354,2.4597,-0.062902
3.0564,-0.215354,2.4788,-0.062873
3.0573,-0.215354,2.4918,-0.062847
3.0582,-0.215354,2.4987,-0.062825
3.0591,-0.215354,2.4996,-0.062805
3.0601,-0.215354,2.4942,-0.062789
3.0610,-0.215354,2.4828,-0.062776
3.0619,-0.215354,2.4654,-0.062767
3.0632,-0.026321,2.4334,-0.062761
3.0644,-0.026321,2.3899,-0.062760
3.0657,-0.026321,2.3356,-0.062766
3.0669,-0.026321,2.2709,-0.062778
3.0682,-0.026321,2.1961,-0.062796
3.0694,-0.026321,2.1115,-0.062820
3.0707,-0.026321,2.0175,-0.062851
3.0719,-0.026321,1.9145,-0.062887
3.0732,-0.026321,1.8030,-0.062929
3.0744,-0.026321,1.6835,-0.062977
3.0757,-0.026321,1.5564,-0.063030
3.0769,-0.026321,1.4224,-0.063088
3.0782,-0.026321,1.2822,-0.063151
3.0794,-0.026321,1.1361,-0.063219
3.0807,-0.026321,0.9850,-0.063291
3.0819,-0.026321,0.8296,-0.063367
3.0832,-0.009571,0.6704,-0.063446
3.0844,-0.009571,0.5082,-0.063529
3.0857,-0.009571,0.3438,-0.063615
3.0869,-0.009571,0.1779,-0.063703
3.0882,-0.009571,0.0099,-0.063794
3.0894,-0.009571,-0.1575,-0.063886
3.0907,-0.009571,-0.3221,-0.063979
3.0919,-0.009571,-0.4866,-0.064073
3.0932,-0.064606,-0.6490,-0.064168
3.0944,-0.064606,-0.8086,-0.064263
3.0957,-0.064606,-0.9646,-0.064357
3.0969,-0.064606,-1.1163,-0.064451
3.0982,-0.064606,-1.2630,-0.064544
3.0994,-0.064606,-1.4043,-0.064635
3.1007,-0.064606,-1.5390,-0.064723
3.1019,-0.064606,-1.6670,-0.064810
3.1032,-0.064606,-1.7876,-0.064894
3.1044,0.035892,-1.9002,-0.064974
3.1057,0.035892,-2.0048,-0.065051
3.1069,0.035892,-2.0997,-0.065124
3.1082,0.035892,-2.1854,-0.065193
3.1094,0.035892,-2.2615,-0.065258
3.1107,0.035892,-2.3276,-0.065317
3.1119,0.035892,-2.3833,-0.065372
3.1156,0.189033,-2.4853,-0.065502
3.1166,0.189033,-2.4961,-0.065527
3.1175,0.189033,-2.4999,-0.065548
3.1184,0.189033,-2.4977,-0.065566
3.1194,0.189033,-2.4895,-0.065580
3.1203,0.189033,-2.4752,-0.065591
3.1212,0.189033,-2.4549,-0.065599
3.1221,0.189033,-2.4287,-0.065603
3.1232,0.189033,-2.3927,-0.065603
3.1244,-0.471386,-2.3391,-0.065598
3.1257,-0.471386,-2.2750,-0.065586
3.1269,-0.471386,-2.2008,-0.065568
3.1282,-0.471386,-2.1167,-0.065544
3.1294,-0.471386,-2.0233,-0.065514
3.1307,-0.471386,-1.9207,-0.065478
3.1319,-0.471386,-1.8096,-0.065436
3.1332,-0.471386,-1.6907,-0.065389
3.1344,0.145962,-1.5641,-0.065336
3.1357,0.145962,-1.4305,-0.065278
3.1369,0.145962,-1.2905,-0.065216
3.1382,0.145962,-1.1448,-0.065148
3.1394,0.145962,-0.9940,-0.065076
3.1407,0.145962,-0.8388,-0.065001
3.1419,0.145962,-0.6798,-0.064921
3.1432,0.145962,-0.5178,-0.064839
3.1444,0.155533,-0.3535,-0.064753
3.1457,0.155533,-0.1876,-0.064665
3.1469,0.155533,-0.0209,-0.064575
3.1482,0.155533,0.1459,-0.064483
3.1494,0.155533,0.3121,-0.064389
3.1507,0.155533,0.4768,-0.064295
3.1519,0.155533,0.6409,-0.064200
3.1532,0.155533,0.8000,-0.064105
3.1544,0.102891,0.9556,-0.064011
3.1557,0.102891,1.1074,-0.063917
3.1569,0.102891,1.2545,-0.063825
3.1582,0.102891,1.3959,-0.063734
3.1594,0.102891,1.5313,-0.063644
3.1607,0.102891,1.6597,-0.063558
3.1619,0.102891,1.7807,-0.063474
3.1632,0.102891,1.8938,-0.063393
3.1668,-0.344566,2.1713,-0.063181
3.1677,-0.344566,2.2327,-0.063130
3.1687,-0.344566,2.2861,-0.063084
3.1696,-0.344566,2.3337,-0.063040
3.1705,-0.344566,2.3752,-0.062999
3.1715,-0.344566,2.4107,-0.062962
3.1724,-0.344566,2.4404,-0.062927
3.1733,-0.344566,2.4642,-0.062896
3.1744,-0.382852,2.4848,-0.062862
3.1757,-0.382852,2.4976,-0.062830
3.1769,-0.382852,2.4993,-0.062803
3.1782,-0.382852,2.4899,-0.062783
3.1794,-0.382852,2.4694,-0.062769
3.1807,-0.382852,2.4379,-0.062761
3.1819,-0.382852,2.3955,-0.062760
3.1832,-0.382852,2.3425,-0.062765
3.1844,-0.382852,2.2790,-0.062776
3.1857,-0.263210,2.2054,-0.062793
3.1869,-0.263210,2.1219,-0.062817
3.1882,-0.263210,2.0287,-0.062847
3.1894,-0.263210,1.9267,-0.062882
3.1907,-0.263210,1.8165,-0.062924
3.1919,-0.263210,1.6980,-0.062971
3.1932,-0.263210,1.5718,-0.063023
3.1944,-0.263210,1.4387,-0.063081
3.1957,-0.069392,1.2991,-0.063143
3.1969,-0.069392,1.1537,-0.063210
3.1982,-0.069392,1.0032,-0.063282
3.1994,-0.069392,0.8481,-0.063357
3.2007,-0.069392,0.6894,-0.063437
3.2019,-0.069392,0.5276,-0.063519
3.2032,-0.069392,0.3634,-0.063604
3.2044,-0.069392,0.1975,-0.063692
3.2057,0.258425,0.0305,-0.063783
3.2069,0.258425,-0.1360,-0.063874
3.2082,0.258425,-0.3024,-0.063968
3.2094,0.258425,-0.4672,-0.064062
3.2107,0.258425,-0.6300,-0.064157
3.2119,0.258425,-0.7900,-0.064252
3.2132,0.258425,-0.9465,-0.064346
3.2144,0.258425,-1.0988,-0.064440
3.2178,0.098106,-1.4835,-0.064687
3.2187,0.098106,-1.5860,-0.064755
3.2197,0.098106,-1.6794,-0.064818
3.2206,0.098106,-1.7686,-0.064880
3.2215,0.098106,-1.8534,-0.064940
3.2224,0.098106,-1.9337,-0.064999
3.2234,0.098106,-2.0093,-0.065055
3.2244,0.098106,-2.0889,-0.065116
3.2257,0.251246,-2.1758,-0.065185
3.2269,0.251246,-2.2531,-0.065250
3.2282,0.251246,-2.3203,-0.065310
3.2294,0.251246,-2.3773,-0.065366
3.2307,0.251246,-2.4236,-0.065415
3.2319,0.251246,-2.4591,-0.065460
3.2332,0.251246,-2.4837,-0.065498
3.2344,0.251246,-2.4972,-0.065531
3.2357,-0.447458,-2.4995,-0.065558
3.2369,-0.447458,-2.4908,-0.065579
3.2382,-0.447458,-2.4709,-0.065593
3.2394,-0.447458,-2.4400,-0.065601
3.2407,-0.447458,-2.3983,-0.065603
3.2419,-0.447458,-2.3459,-0.065599
3.2432,-0.447458,-2.2830,-0.065588
3.2444,-0.447458,-2.2100,-0.065571
3.2457,-0.078963,-2.1271,-0.065547
3.2469,-0.078963,-2.0347,-0.065518
3.2482,-0.078963,-1.9333,-0.065483
3.2494,-0.078963,-1.8233,-0.065442
3.2507,-0.078963,-1.7051,-0.065395
3.2519,-0.078963,-1.5793,-0.065343
3.2532,-0.078963,-1.4466,-0.065285
3.2544,-0.078963,-1.3073,-0.065223
3.2557,-0.136391,-1.1624,-0.065156
3.2569,-0.136391,-1.0119,-0.065085
3.2582,-0.136391,-0.8572,-0.065010
3.2594,-0.136391,-0.6987,-0.064931
3.2607,-0.136391,-0.5369,-0.064849
3.2619,-0.136391,-0.3728,-0.064763
3.2632,-0.136391,-0.2071,-0.064676
3.2644,-0.136391,-0.0405,-0.064586
3.2657,-0.136391,0.1265,-0.064494
3.2688,0.174676,0.5430,-0.064257
3.2698,0.174676,0.6692,-0.064183
3.2707,0.174676,0.7872,-0.064113
3.2716,0.174676,0.9031,-0.064043
3.2725,0.174676,1.0169,-0.063973
3.2735,0.174676,1.1281,-0.063904
3.2744,0.174676,1.2366,-0.063836
3.2757,0.174676,1.3798,-0.063744
3.2769,-0.026321,1.5157,-0.063655
3.2782,-0.026321,1.6450,-0.063568
3.2794,-0.026321,1.7670,-0.063484
3.2807,-0.026321,1.8809,-0.063403
3.2819,-0.026321,1.9866,-0.063325
3.2832,-0.026321,2.0834,-0.063251
3.2844,-0.026321,2.1709,-0.063182
3.2857,-0.026321,2.2488,-0.063116
3.2869,-0.184247,2.3167,-0.063056
3.2882,-0.184247,2.3742,-0.063000
3.2894,-0.184247,2.4211,-0.062950
3.2907,-0.184247,2.4573,-0.062905
3.2919,-0.184247,2.4825,-0.062866
3.2932,-0.184247,2.4967,-0.062833
3.2944,-0.184247,2.4997,-0.062806
3.2957,-0.184247,2.4916,-0.062785
3.2969,-0.131605,2.4724,-0.062770
3.2982,-0.131605,2.4422,-0.062762
3.2994,-0.131605,2.4011,-0.062760
3.3007,-0.131605,2.3493,-0.062764
3.3019,-0.131605,2.2870,-0.062774
3.3032,-0.131605,2.2146,-0.062791
3.3044,-0.131605,2.1323,-0.062814
3.3057,-0.131605,2.0405,-0.062843
3.3069,-0.466600,1.9396,-0.062878
3.3082,-0.466600,1.8288,-0.062919
3.3094,-0.466600,1.7122,-0.062965
3.3107,-0.466600,1.5869,-0.063017
3.3119,-0.466600,1.4544,-0.063074
3.3132,-0.466600,1.3156,-0.063136
3.3144,-0.466600,1.1709,-0.063202
3.3157,-0.466600,1.0210,-0.063273
3.3169,-0.019143,0.8665,-0.063348
3.3199,-0.019143,0.4794,-0.063544
3.3209,-0.019143,0.3543,-0.063609
3.3218,-0.019143,0.2319,-0.063674
3.3227,-0.019143,0.1091,-0.063740
3.3236,-0.019143,-0.0141,-0.063807
3.3246,-0.019143,-0.1369,-0.063875
3.3257,-0.019143,-0.2829,-0.063957
3.3269,0.038285,-0.4479,-0.064051
3.3282,0.038285,-0.6108,-0.064146
3.3294,0.038285,-0.7713,-0.064241
3.3307,0.038285,-0.9283,-0.064335
3.3319,0.038285,-1.0813,-0.064429
3.3332,0.038285,-1.2290,-0.064522
3.3344,0.038285,-1.3715,-0.064613
3.3357,0.038285,-1.5079,-0.064703
3.3369,0.038285,-1.6376,-0.064790
3.3382,0.148355,-1.7599,-0.064874
3.3394,0.148355,-1.8746,-0.064956
3.3407,0.148355,-1.9806,-0.065033
3.3419,0.148355,-2.0780,-0.065107
3.3432,0.148355,-2.1661,-0.065177
3.3444,0.148355,-2.2445,-0.065243
3.3457,0.148355,-2.3130,-0.065304
3.3469,0.148355,-2.3711,-0.065359
3.3482,0.200997,-2.4187,-0.065410
3.3494,0.200997,-2.4555,-0.065455
3.3507,0.200997,-2.4813,-0.065494
3.3519,0.200997,-2.4962,-0.065528
3.3532,0.200997,-2.4998,-0.065555
3.3544,0.200997,-2.4924,-0.065577
3.3557,0.200997,-2.4738,-0.065592
3.3569,0.200997,-2.4443,-0.065601
3.3582,-0.318245,-2.4038,-0.065603
3.3594,-0.318245,-2.3526,-0.065600
3.3607,-0.318245,-2.2909,-0.065589
3.3619,-0.318245,-2.2191,-0.065573
3.3632,-0.318245,-2.1373,-0.065551
3.3644,-0.318245,-2.0461,-0.065522
3.3657,-0.318245,-1.9457,-0.065487
3.3669,-0.318245,-1.8367,-0.065447
3.3685,-0.057428,-1.6835,-0.065386
3.3712,-0.057428,-1.4006,-0.065265
3.3722,-0.057428,-1.2942,-0.065217
3.3731,-0.057428,-1.1872,-0.065168
3.3740,-0.057428,-1.0776,-0.065116
3.3749,-0.057428,-0.9652,-0.065063
3.3759,-0.057428,-0.8504,-0.065007
3.3769,-0.057428,-0.7175,-0.064940
3.3782,-0.081356,-0.5561,-0.064859
3.3794,-0.081356,-0.3922,-0.064774
3.3807,-0.081356,-0.2267,-0.064686
3.3819,-0.081356,-0.0601,-0.064596
3.3832,-0.081356,0.1067,-0.064505
3.3844,-0.081356,0.2731,-0.064412
3.3857,-0.081356,0.4383,-0.064317
3.3869,-0.081356,0.6015,-0.064223
3.3882,0.078963,0.7620,-0.064128
3.3894,0.078963,0.9191,-0.064033
3.3907,0.078963,1.0722,-0.063939
3.3919,0.078963,1.2204,-0.063846
3.3932,0.078963,1.3633,-0.063755
3.3944,0.078963,1.5000,-0.063665
3.3957,0.078963,1.6301,-0.063578
3.3969,0.078963,1.7529,-0.063493
3.3982,-0.081356,1.8679,-0.063412
3.3994,-0.081356,1.9746,-0.063334
3.4007,-0.081356,2.0725,-0.063260
3.4019,-0.081356,2.1611,-0.063189
3.4032,-0.081356,2.2402,-0.063124
3.4044,-0.081356,2.3092,-0.063063
3.4057,-0.081356,2.3680,-0.063007
3.4069,-0.081356,2.4162,-0.062956
3.4082,-0.208176,2.4536,-0.062910
3.4094,-0.208176,2.4801,-0.062871
3.4107,-0.208176,2.4956,-0.062837
3.4119,-0.208176,2.4999,-0.062809
3.4132,-0.208176,2.4931,-0.062787
3.4144,-0.208176,2.4752,-0.062772
3.4157,-0.208176,2.4463,-0.062762
3.4169,-0.208176,2.4065,-0.062760
3.4182,-0.208176,2.3559,-0.062763
3.4196,-0.122034,2.2820,-0.062775
3.4225,-0.122034,2.1000,-0.062824
3.4235,-0.122034,2.0287,-0.062847
3.4244,-0.122034,1.9543,-0.062873
3.4253,-0.122034,1.8752,-0.062901
3.4262,-0.122034,1.7916,-0.062933
3.4271,-0.122034,1.7037,-0.062968
3.4282,-0.122034,1.6020,-0.063010
3.4294,-0.392423,1.4705,-0.063067
3.4307,-0.392423,1.3323,-0.063128
3.4319,-0.392423,1.1880,-0.063194
3.4332,-0.392423,1.0388,-0.063265
3.4344,-0.392423,0.8848,-0.063339
3.4357,-0.392423,0.7269,-0.063418
3.4369,-0.392423,0.5657,-0.063499
3.4382,-0.392423,0.4020,-0.063584
3.4394,0.064606,0.2363,-0.063672
3.4407,0.064606,0.0699,-0.063761
3.4419,0.064606,-0.0969,-0.063853
3.4432,0.064606,-0.2633,-0.063946
3.4444,0.064606,-0.4286,-0.064040
3.4457,0.064606,-0.5919,-0.064135
3.4469,0.064606,-0.7526,-0.064229
3.4482,0.064606,-0.9100,-0.064324
3.4494,0.045464,-1.0633,-0.064418
3.4507,0.045464,-1.2119,-0.064511
3.4519,0.045464,-1.3550,-0.064603
3.4532,0.045464,-1.4922,-0.064692
3.4544,0.045464,-1.6227,-0.064780
3.4557,0.045464,-1.7459,-0.064864
3.4569,0.045464,-1.8614,-0.064946
3.4582,0.045464,-1.9686,-0.065024
3.4594,0.090927,-2.0672,-0.065099
3.4607,0.090927,-2.1563,-0.065169
3.4619,0.090927,-2.2358,-0.065235
3.4632,0.090927,-2.3054,-0.065297
3.4644,0.090927,-2.3648,-0.065353
3.4657,0.090927,-2.4136,-0.065404
3.4669,0.090927,-2.4517,-0.065450
3.4682,0.090927,-2.4789,-0.065490
3.4694,-0.033500,-2.4950,-0.065524
3.4710,-0.033500,-2.4994,-0.065559
3.4750,-0.033500,-2.4303,-0.065602
3.4760,-0.033500,-2.3957,-0.065603
3.4769,-0.033500,-2.3575,-0.065600
3.4779,-0.033500,-2.3136,-0.065594
3.4788,-0.033500,-2.2641,-0.065584
3.4797,0.098106,-2.2092,-0.065571
3.4806,0.098106,-2.1489,-0.065554
3.4816,0.098106,-2.0835,-0.065534
3.4825,0.098106,-2.0130,-0.065511
3.4834,0.098106,-1.9376,-0.065484
3.4844,0.098106,-1.8498,-0.065452
3.4857,0.098106,-1.7336,-0.065406
3.4869,0.098106,-1.6096,-0.065356
3.4882,0.098106,-1.4784,-0.065299
3.4894,-0.282353,-1.3406,-0.065238
3.4907,-0.282353,-1.1969,-0.065173
3.4919,-0.282353,-1.0478,-0.065102
3.4932,-0.282353,-0.8940,-0.065028
3.4944,-0.282353,-0.7363,-0.064950
3.4957,-0.282353,-0.5753,-0.064868
3.4969,-0.282353,-0.4117,-0.064784
3.4982,-0.282353,-0.2463,-0.064697
3.4994,-0.282353,-0.0798,-0.064607
3.5007,0.035892,0.0871,-0.064515
3.5019,0.035892,0.2536,-0.064423
3.5032,0.035892,0.4189,-0.064329
3.5044,0.035892,0.5824,-0.064234
3.5057,0.035892,0.7433,-0.064139
3.5069,0.035892,0.9008,-0.064044
3.5082,0.035892,1.0544,-0.063950
3.5094,0.035892,1.2033,-0.063857
3.5107,-0.038285,1.3468,-0.063765
3.5119,-0.038285,1.4842,-0.063676
3.5132,-0.038285,1.6152,-0.063588
3.5144,-0.038285,1.7389,-0.063503
3.5157,-0.038285,1.8548,-0.063421
3.5169,-0.038285,1.9625,-0.063343
3.5182,-0.038285,2.0615,-0.063268
3.5194,-0.038285,2.1512,-0.063198
3.5207,0.038285,2.2314,-0.063131
3.5219,0.038285,2.3016,-0.063070
3.5232,0.038285,2.3621,-0.063013
3.5259,0.038285,2.4571,-0.062906
3.5269,0.038285,2.4772,-0.062876
3.5278,0.038285,2.4908,-0.062850
3.5287,0.038285,2.4983,-0.062827
3.5297,0.038285,2.4998,-0.062807
3.5307,-0.248854,2.4945,-0.062789
3.5319,-0.248854,2.4779,-0.062773
3.5332,-0.248854,2.4503,-0.062763
3.5344,-0.248854,2.4117,-0.062760
3.5357,-0.248854,2.3624,-0.062762
3.5369,-0.248854,2.3026,-0.062771
3.5382,-0.248854,2.2325,-0.062786
3.5394,-0.248854,2.1525,-0.062808
3.5407,-0.193819,2.0629,-0.062835
3.5419,-0.193819,1.9641,-0.062869
3.5432,-0.193819,1.8565,-0.062908
3.5444,-0.193819,1.7407,-0.062954
3.5457,-0.193819,1.6171,-0.063004
3.5469,-0.193819,1.4863,-0.063060
3.5482,-0.193819,1.3489,-0.063121
3.5494,-0.193819,1.2055,-0.063186
3.5507,-0.251246,1.0567,-0.063256
3.5519,-0.251246,0.9032,-0.063330
3.5532,-0.251246,0.7457,-0.063408
3.5544,-0.251246,0.5849,-0.063490
3.5557,-0.251246,0.4214,-0.063574
3.5569,-0.251246,0.2561,-0.063661
3.5582,-0.251246,0.0896,-0.063751
3.5594,-0.251246,-0.0775,-0.063842
3.5607,-0.050249,-0.2438,-0.063935
3.5619,-0.050249,-0.4092,-0.064029
3.5632,-0.050249,-0.5728,-0.064123
3.5644,-0.050249,-0.7341,-0.064218
3.5657,-0.050249,-0.8917,-0.064313
3.5669,-0.050249,-1.0455,-0.064407
3.5682,-0.050249,-1.1947,-0.064500
3.5694,-0.050249,-1.3385,-0.064592
3.5707,0.062213,-1.4764,-0.064682
3.5719,0.062213,-1.6077,-0.064770
3.5732,0.062213,-1.7319,-0.064855
3.5744,0.062213,-1.8484,-0.064937
3.5770,0.062213,-2.0618,-0.065095
3.5779,0.062213,-2.1304,-0.065149
3.5788,0.062213,-2.1922,-0.065199
3.5798,0.062213,-2.2487,-0.065246
3.5807,0.062213,-2.2998,-0.065292
3.5819,0.361316,-2.3584,-0.065347
3.5832,0.361316,-2.4084,-0.065398
3.5844,0.361316,-2.4478,-0.065445
3.5857,0.361316,-2.4763,-0.065485
3.5869,0.361316,-2.4937,-0.065520
3.5882,0.361316,-2.5000,-0.065549
3.5894,0.361316,-2.4951,-0.065572
3.5907,0.361316,-2.4792,-0.065589
3.5919,-0.165105,-2.4522,-0.065599
3.5932,-0.165105,-2.4143,-0.065603
3.5944,-0.165105,-2.3656,-0.065601
3.5957,-0.165105,-2.3064,-0.065592
3.5969,-0.165105,-2.2369,-0.065577
3.5982,-0.165105,-2.1575,-0.065556
3.5994,-0.165105,-2.0683,-0.065529
3.6007,-0.165105,-1.9701,-0.065496
3.6019,-0.074178,-1.8631,-0.065457
3.6032,-0.074178,-1.7477,-0.065412
3.6044,-0.074178,-1.6246,-0.065362
3.6057,-0.074178,-1.4942,-0.065306
3.6069,-0.074178,-1.3571,-0.065246
3.6082,-0.074178,-1.2141,-0.065180
3.6094,-0.074178,-1.0656,-0.065111
3.6107,-0.074178,-0.9123,-0.065037
3.6119,-0.181855,-0.7552,-0.064959
3.6132,-0.181855,-0.5945,-0.064878
3.6144,-0.181855,-0.4312,-0.064794
3.6157,-0.181855,-0.2658,-0.064707
3.6169,-0.181855,-0.0994,-0.064618
3.6182,-0.181855,0.0675,-0.064526
3.6194,-0.181855,0.2340,-0.064434
3.6207,-0.181855,0.3995,-0.064340
3.6219,-0.043071,0.5633,-0.064245
3.6232,-0.043071,0.7245,-0.064150
3.6244,-0.043071,0.8825,-0.064055
3.6257,-0.043071,1.0367,-0.063961
3.6281,-0.043071,1.3263,-0.063779
3.6291,-0.043071,1.4314,-0.063710
3.6300,-0.043071,1.5308,-0.063645
3.6309,-0.043071,1.6274,-0.063580
3.6319,-0.004786,1.7248,-0.063513
3.6332,-0.004786,1.8416,-0.063431
3.6344,-0.004786,1.9503,-0.063352
3.6357,-0.004786,2.0503,-0.063277
3.6369,-0.004786,2.1411,-0.063206
3.6382,-0.004786,2.2225,-0.063139
3.6394,-0.004786,2.2939,-0.063077
3.6407,-0.004786,2.3551,-0.063019
3.6419,-0.052642,2.4058,-0.062967
3.6432,-0.052642,2.4458,-0.062921
3.6444,-0.052642,2.4749,-0.062880
3.6457,-0.052642,2.4930,-0.062844
3.6469,-0.052642,2.4999,-0.062815
3.6482,-0.052642,2.4957,-0.062792
3.6494,-0.052642,2.4804,-0.062775
3.6507,-0.052642,2.4541,-0.062764
3.6519,-0.162712,2.4165,-0.062760
3.6532,-0.162712,2.3682,-0.062762
3.6544,-0.162712,2.3101,-0.062770
3.6557,-0.162712,2.2413,-0.062784
3.6569,-0.162712,2.1624,-0.062805
3.6582,-0.162712,2.0739,-0.062832
3.6594,-0.162712,1.9760,-0.062865
3.6607,-0.162712,1.8696,-0.062904
3.6619,-0.162712,1.7547,-0.062948
3.6632,-0.258425,1.6320,-0.062998
3.6644,-0.258425,1.5022,-0.063053
3.6657,-0.258425,1.3655,-0.063113
3.6669,-0.258425,1.2226,-0.063178
3.6682,-0.258425,1.0744,-0.063248
3.6694,-0.258425,0.9213,-0.063322
3.6707,-0.258425,0.7644,-0.063399
3.6719,-0.258425,0.6039,-0.063480
3.6732,-0.189033,0.4407,-0.063564
3.6744,-0.189033,0.2756,-0.063651
3.6757,-0.189033,0.1092,-0.063740
3.6769,-0.189033,-0.0580,-0.063831
3.6792,-0.189033,-0.3634,-0.064003
3.6801,-0.189033,-0.4879,-0.064074
3.6811,-0.189033,-0.6080,-0.064144
3.6820,-0.189033,-0.7267,-0.064214
3.6832,-0.014357,-0.8733,-0.064302
3.6844,-0.014357,-1.0277,-0.064396
3.6857,-0.014357,-1.1774,-0.064489
3.6869,-0.014357,-1.3219,-0.064581
3.6882,-0.014357,-1.4605,-0.064671
3.6894,-0.014357,-1.5926,-0.064759
3.6907,-0.014357,-1.7178,-0.064845
3.6919,-0.014357,-1.8350,-0.064927
3.6932,0.232104,-1.9441,-0.065006
3.6944,0.232104,-2.0446,-0.065082
3.6957,0.232104,-2.1360,-0.065153
3.6969,0.232104,-2.2179,-0.065220
3.6982,0.232104,-2.2899,-0.065283
3.6994,0.232104,-2.3518,-0.065340
3.7007,0.232104,-2.4031,-0.065393
3.7019,0.232104,-2.4437,-0.065440
3.7032,0.040678,-2.4735,-0.065481
3.7044,0.040678,-2.4922,-0.065517
3.7057,0.040678,-2.4998,-0.065546
3.7069,0.040678,-2.4963,-0.065570
3.7082,0.040678,-2.4816,-0.065587
3.7094,0.040678,-2.4560,-0.065598
3.7107,0.040678,-2.4193,-0.065603
3.7119,0.040678,-2.3719,-0.065602
3.7132,0.071785,-2.3139,-0.065594
3.7144,0.071785,-2.2456,-0.065580
3.7157,0.071785,-2.1674,-0.065559
3.7169,0.071785,-2.0795,-0.065533
3.7182,0.071785,-1.9822,-0.065500
3.7194,0.071785,-1.8761,-0.065462
3.7207,0.071785,-1.7617,-0.065418
3.7219,0.071785,-1.6394,-0.065368
3.7232,-0.239282,-1.5099,-0.065313
3.7244,-0.239282,-1.3736,-0.065253
3.7257,-0.239282,-1.2312,-0.065188
3.7269,-0.239282,-1.0833,-0.065119
3.7282,-0.239282,-0.9300,-0.065046
3.7306,-0.239282,-0.6142,-0.064888
3.7316,-0.239282,-0.4851,-0.064822
3.7326,-0.239282,-0.3588,-0.064756
3.7336,0.078963,-0.2284,-0.064687
3.7345,0.078963,-0.1019,-0.064619
3.7357,0.078963,0.0481,-0.064537
3.7369,0.078963,0.2144,-0.064445
3.7382,0.078963,0.3801,-0.064351
3.7394,0.078963,0.5441,-0.064256
3.7407,0.078963,0.7055,-0.064161
3.7419,0.078963,0.8639,-0.064067
3.7432,0.078963,1.0185,-0.063972
3.7444,-0.294317,1.1687,-0.063879
3.7457,-0.294317,1.3135,-0.063787
3.7469,-0.294317,1.4525,-0.063697
3.7482,-0.294317,1.5850,-0.063609
3.7494,-0.294317,1.7105,-0.063523
3.7507,-0.294317,1.8283,-0.063440
3.7519,-0.294317,1.9379,-0.063361
3.7532,-0.294317,2.0390,-0.063285
3.7544,0.078963,2.1309,-0.063214
3.7557,0.078963,2.2134,-0.063146
3.7569,0.078963,2.2860,-0.063084
3.7582,0.078963,2.3484,-0.063026
3.7594,0.078963,2.4004,-0.062973
3.7607,0.078963,2.4416,-0.062926
3.7619,0.078963,2.4720,-0.062884
3.7632,0.078963,2.4914,-0.062848
3.7644,-0.141177,2.4997,-0.062818
3.7657,-0.141177,2.4968,-0.062794
3.7669,-0.141177,2.4828,-0.062777
3.7682,-0.141177,2.4578,-0.062765
3.7694,-0.141177,2.4217,-0.062760
3.7707,-0.141177,2.3750,-0.062761
3.7719,-0.141177,2.3176,-0.062768
3.7732,-0.141177,2.2499,-0.062782
3.7744,-0.110070,2.1722,-0.062802
3.7757,-0.110070,2.0848,-0.062828
3.7769,-0.110070,1.9881,-0.062861
3.7782,-0.110070,1.8822,-0.062899
3.7794,-0.110070,1.7683,-0.062943
3.7821,-0.110070,1.4977,-0.063055
3.7830,-0.110070,1.3949,-0.063100
3.7840,-0.334995,1.2906,-0.063147
3.7849,-0.334995,1.1838,-0.063196
3.7858,-0.334995,1.0740,-0.063248
3.7869,-0.334995,0.9396,-0.063313
3.7882,-0.334995,0.7831,-0.063390
3.7894,-0.334995,0.6230,-0.063470
3.7907,-0.334995,0.4600,-0.063554
3.7919,-0.334995,0.2950,-0.063640
3.7932,-0.334995,0.1288,-0.063729
3.7944,0.019143,-0.0380,-0.063820
3.7957,0.019143,-0.2047,-0.063913
3.7969,0.019143,-0.3704,-0.064007
3.7982,0.019143,-0.5345,-0.064101
3.7994,0.019143,-0.6965,-0.064196
3.8007,0.019143,-0.8549,-0.064291
3.8019,0.019143,-1.0097,-0.064385
3.8032,0.019143,-1.1600,-0.064479
3.8044,-0.196211,-1.3052,-0.064571
3.8057,-0.196211,-1.4445,-0.064661
3.8069,-0.196211,-1.5774,-0.064749
3.8082,-0.196211,-1.7033,-0.064835
3.8094,-0.196211,-1.8216,-0.064918
3.8107,-0.196211,-1.9317,-0.064997
3.8119,-0.196211,-2.0333,-0.065073
3.8132,-0.196211,-2.1258,-0.065145
3.8144,-0.196211,-2.2088,-0.065213
3.8157,0.174676,-2.2820,-0.065276
3.8169,0.174676,-2.3450,-0.065334
3.8182,0.174676,-2.3976,-0.065387
3.8194,0.174676,-2.4395,-0.065434
3.8207,0.174676,-2.4705,-0.065476
3.8219,0.174676,-2.4906,-0.065513
3.8232,0.174676,-2.4995,-0.065543
3.8244,0.174676,-2.4973,-0.065567
3.8257,0.071785,-2.4839,-0.065585
3.8269,0.071785,-2.4595,-0.065597
3.8282,0.071785,-2.4242,-0.065603
3.8294,0.071785,-2.3780,-0.065602
3.8307,0.071785,-2.3212,-0.065595
3.8319,0.071785,-2.2541,-0.065582
3.8332,0.071785,-2.1770,-0.065562
3.8370,0.380459,-1.8817,-0.065464
3.8380,0.380459,-1.7937,-0.065430
3.8389,0.380459,-1.7057,-0.065395
3.8398,0.380459,-1.6136,-0.065357
3.8407,0.380459,-1.5177,-0.065316
3.8416,0.380459,-1.4181,-0.065273
3.8426,0.380459,-1.3150,-0.065227
3.8435,0.380459,-1.2089,-0.065178
3.8444,0.380459,-1.0996,-0.065127
3.8457,-0.557528,-0.9487,-0.065055
3.8469,-0.557528,-0.7924,-0.064978
3.8482,-0.557528,-0.6324,-0.064897
3.8494,-0.557528,-0.4697,-0.064814
3.8507,-0.557528,-0.3048,-0.064728
3.8519,-0.557528,-0.1386,-0.064639
3.8532,-0.557528,0.0282,-0.064548
3.8544,-0.557528,0.1949,-0.064456
3.8557,-0.011964,0.3607,-0.064362
3.8569,-0.011964,0.5249,-0.064267
3.8582,-0.011964,0.6868,-0.064172
3.8594,-0.011964,0.8456,-0.064078
3.8607,-0.011964,1.0007,-0.063983
3.8619,-0.011964,1.1513,-0.063890
3.8632,-0.011964,1.2968,-0.063798
3.8644,-0.011964,1.4365,-0.063707
3.8657,0.074178,1.5698,-0.063619
3.8669,0.074178,1.6961,-0.063533
3.8682,0.074178,1.8148,-0.063450
3.8694,0.074178,1.9255,-0.063370
3.8707,0.074178,2.0276,-0.063294
3.8719,0.074178,2.1205,-0.063222
3.8732,0.074178,2.2041,-0.063154
3.8744,0.074178,2.2779,-0.063091
3.8757,-0.016750,2.3417,-0.063032
3.8769,-0.016750,2.3948,-0.062979
3.8782,-0.016750,2.4374,-0.062931
3.8794,-0.016750,2.4690,-0.062889
3.8807,-0.016750,2.4897,-0.062852
3.8819,-0.016750,2.4993,-0.062821
3.8832,-0.016750,2.4977,-0.062797
3.8844,-0.016750,2.4850,-0.062778
3.8857,-0.124427,2.4613,-0.062766
3.8869,-0.124427,2.4266,-0.062760
3.8882,-0.124427,2.3810,-0.062761
3.8917,-0.124427,2.1921,-0.062797
3.8927,-0.124427,2.1266,-0.062816
3.8936,-0.124427,2.0593,-0.062837
3.8946,-0.124427,1.9871,-0.062861
3.8955,-0.124427,1.9097,-0.062889
3.8964,-0.313460,1.8283,-0.062919
3.8973,-0.313460,1.7423,-0.062953
3.8982,-0.313460,1.6520,-0.062990
3.8994,-0.313460,1.5332,-0.063040
3.9007,-0.313460,1.3981,-0.063099
3.9019,-0.313460,1.2568,-0.063163
3.9032,-0.313460,1.1098,-0.063231
3.9044,-0.313460,0.9577,-0.063304
3.9057,-0.313460,0.8017,-0.063380
3.9069,-0.191426,0.6419,-0.063461
3.9082,-0.191426,0.4793,-0.063544
3.9094,-0.191426,0.3146,-0.063630
3.9107,-0.191426,0.1485,-0.063719
3.9119,-0.191426,-0.0184,-0.063809
3.9132,-0.191426,-0.1851,-0.063902
3.9144,-0.191426,-0.3510,-0.063995
3.9157,-0.191426,-0.5153,-0.064090
3.9169,-0.241675,-0.6774,-0.064185
3.9182,-0.241675,-0.8364,-0.064280
3.9194,-0.241675,-0.9919,-0.064374
3.9207,-0.241675,-1.1427,-0.064468
3.9219,-0.241675,-1.2884,-0.064560
3.9232,-0.241675,-1.4288,-0.064651
3.9244,-0.241675,-1.5622,-0.064739
3.9257,-0.241675,-1.6889,-0.064825
3.9269,0.167498,-1.8081,-0.064908
3.9282,0.167498,-1.9192,-0.064988
3.9294,0.167498,-2.0219,-0.065064
3.9307,0.167498,-2.1156,-0.065137
3.9319,0.167498,-2.1996,-0.065205
3.9332,0.167498,-2.2739,-0.065268
3.9344,0.167498,-2.3382,-0.065327
3.9357,0.167498,-2.3920,-0.065381
3.9369,0.112463,-2.4352,-0.065429
3.9382,0.112463,-2.4675,-0.065472
3.9394,0.112463,-2.4888,-0.065509
3.9419,0.112463,-2.4981,-0.065565
3.9429,0.112463,-2.4900,-0.065580
3.9438,0.112463,-2.4760,-0.065591
3.9447,0.112463,-2.4560,-0.065598
3.9457,0.112463,-2.4289,-0.065603
3.9469,0.210568,-2.3840,-0.065602
3.9482,0.210568,-2.3285,-0.065596
3.9494,0.210568,-2.2626,-0.065583
3.9507,0.210568,-2.1866,-0.065565
3.9519,0.210568,-2.1009,-0.065539
3.9532,0.210568,-2.0058,-0.065508
3.9544,0.210568,-1.9018,-0.065471
3.9557,0.210568,-1.7893,-0.065428
3.9569,-0.203390,-1.6689,-0.065380
3.9582,-0.203390,-1.5410,-0.065326
3.9594,-0.203390,-1.4063,-0.065268
3.9607,-0.203390,-1.2652,-0.065204
3.9619,-0.203390,-1.1186,-0.065136
3.9632,-0.203390,-0.9669,-0.065063
3.9644,-0.203390,-0.8109,-0.064987
3.9657,-0.203390,-0.6514,-0.064907
3.9669,-0.126820,-0.4890,-0.064824
3.9682,-0.126820,-0.3243,-0.064738
3.9694,-0.126820,-0.1582,-0.064649
3.9707,-0.126820,0.0085,-0.064559
3.9719,-0.126820,0.1753,-0.064466
3.9732,-0.126820,0.3413,-0.064373
3.9744,-0.126820,0.5057,-0.064278
3.9757,-0.126820,0.6679,-0.064184
3.9769,-0.126820,0.8272,-0.064089
3.9782,-0.093320,0.9827,-0.063994
3.9794,-0.093320,1.1340,-0.063901
3.9807,-0.093320,1.2809,-0.063808
3.9819,-0.093320,1.4203,-0.063718
3.9832,-0.093320,1.5544,-0.063629
3.9844,-0.093320,1.6816,-0.063543
3.9857,-0.093320,1.8013,-0.063459
3.9869,-0.093320,1.9129,-0.063379
3.9882,-0.007178,2.0160,-0.063303
3.9894,-0.007178,2.1102,-0.063230
3.9907,-0.007178,2.1950,-0.063162
3.9930,-0.007178,2.3249,-0.063048
3.9939,-0.007178,2.3685,-0.063006
3.9948,-0.007178,2.4051,-0.062968
3.9957,-0.007178,2.4357,-0.062933
3.9969,-0.007178,2.4659,-0.062893
3.9982,-0.069392,2.4878,-0.062856
3.9994,-0.069392,2.4987,-0.062825
4.0007,-0.069392,2.4985,-0.062799
4.0019,-0.069392,2.4871,-0.062780
4.0032,-0.069392,2.4647,-0.062767
4.0044,-0.069392,2.4312,-0.062760
4.0057,-0.069392,2.3870,-0.062760
4.0069,-0.069392,2.3321,-0.062766
4.0082,-0.095713,2.2668,-0.062778
4.0094,-0.095713,2.1914,-0.062797
4.0107,-0.095713,2.1062,-0.062822
4.0119,-0.095713,2.0117,-0.062853
4.0132,-0.095713,1.9082,-0.062889
4.0144,-0.095713,1.7962,-0.062932
4.0157,-0.095713,1.6762,-0.062980
4.0169,-0.095713,1.5487,-0.063033
4.0182,-0.059821,1.4144,-0.063092
4.0194,-0.059821,1.2736,-0.063155
4.0207,-0.059821,1.1273,-0.063223
4.0219,-0.059821,0.9760,-0.063295
4.0232,-0.059821,0.8203,-0.063371
4.0244,-0.059821,0.6609,-0.063451
4.0257,-0.059821,0.4986,-0.063534
4.0269,-0.059821,0.3341,-0.063620
4.0282,-0.378066,0.1681,-0.063708
4.0294,-0.378066,0.0013,-0.063799
4.0307,-0.378066,-0.1655,-0.063891
4.0319,-0.378066,-0.3318,-0.063985
4.0332,-0.378066,-0.4962,-0.064079
4.0344,-0.378066,-0.6585,-0.064174
4.0357,-0.378066,-0.8180,-0.064269
4.0369,-0.378066,-0.9737,-0.064363
4.0382,-0.074178,-1.1251,-0.064457
4.0394,-0.074178,-1.2715,-0.064549
4.0407,-0.074178,-1.4123,-0.064640
4.0419,-0.074178,-1.5468,-0.064729
4.0439,-0.074178,-1.7448,-0.064864
4.0448,-0.074178,-1.8322,-0.064925
4.0457,-0.074178,-1.9138,-0.064984
4.0469,-0.074178,-2.0102,-0.065056
4.0482,0.177069,-2.1049,-0.065128
4.0494,0.177069,-2.1902,-0.065197
4.0507,0.177069,-2.2657,-0.065261
4.0519,0.177069,-2.3311,-0.065320
4.0532,0.177069,-2.3862,-0.065375
4.0544,0.177069,-2.4306,-0.065424
4.0557,0.177069,-2.4642,-0.065467
4.0569,0.177069,-2.4869,-0.065505
4.0582,0.177069,-2.4984,-0.065536
4.0594,0.011964,-2.4988,-0.065562
4.0607,0.011964,-2.4881,-0.065582
4.0619,0.011964,-2.4663,-0.065595
4.0632,0.011964,-2.4335,-0.065602
4.0644,0.011964,-2.3898,-0.065603
4.0657,0.011964,-2.3356,-0.065597
4.0669,0.011964,-2.2709,-0.065585
4.0682,0.011964,-2.1961,-0.065567
4.0694,0.215354,-2.1115,-0.065543
4.0707,0.215354,-2.0175,-0.065512
4.0719,0.215354,-1.9145,-0.065476
4.0732,0.215354,-1.8030,-0.065434
4.0744,0.215354,-1.6835,-0.065386
4.0757,0.215354,-1.5564,-0.065333
4.0769,0.215354,-1.4225,-0.065275
4.0782,0.215354,-1.2821,-0.065212
4.0794,-0.294317,-1.1360,-0.065144
4.0807,-0.294317,-0.9850,-0.065072
4.0819,-0.294317,-0.8296,-0.064996
4.0832,-0.294317,-0.6705,-0.064917
4.0844,-0.294317,-0.5081,-0.064834
4.0857,-0.294317,-0.3438,-0.064748
4.0869,-0.294317,-0.1778,-0.064660
4.0882,-0.294317,-0.0102,-0.064569
4.0894,-0.172283,0.1577,-0.064476
4.0907,-0.172283,0.3223,-0.064384
4.0919,-0.172283,0.4866,-0.064290
4.0953,-0.172283,0.9255,-0.064029
4.0963,-0.172283,1.0450,-0.063956
4.0972,-0.172283,1.1558,-0.063887
4.0982,-0.172283,1.2638,-0.063819
4.0991,-0.062213,1.3685,-0.063751
4.1000,-0.062213,1.4701,-0.063685
4.1009,-0.062213,1.5679,-0.063620
4.1019,-0.062213,1.6671,-0.063553
4.1032,-0.062213,1.7877,-0.063469
4.1044,-0.062213,1.9014,-0.063388
4.1057,-0.062213,2.0046,-0.063311
4.1069,-0.062213,2.0997,-0.063238
4.1082,-0.062213,2.1854,-0.063170
4.1094,0.095713,2.2615,-0.063105
4.1107,0.095713,2.3277,-0.063046
4.1119,0.095713,2.3833,-0.062991
4.1132,0.095713,2.4283,-0.062942
4.1144,0.095713,2.4626,-0.062898
4.1157,0.095713,2.4858,-0.062860
4.1169,0.095713,2.4980,-0.062828
4.1182,0.095713,2.4991,-0.062802
4.1194,-0.119641,2.4890,-0.062782
4.1207,-0.119641,2.4679,-0.062768
4.1219,-0.119641,2.4357,-0.062761
4.1232,-0.119641,2.3927,-0.062760
4.1244,-0.119641,2.3390,-0.062765
4.1257,-0.119641,2.2750,-0.062777
4.1269,-0.119641,2.2008,-0.062795
4.1282,-0.119641,2.1168,-0.062818
4.1294,-0.222533,2.0233,-0.062849
4.1307,-0.222533,1.9207,-0.062885
4.1319,-0.222533,1.8096,-0.062926
4.1332,-0.222533,1.6907,-0.062974
4.1344,-0.222533,1.5640,-0.063027
4.1357,-0.222533,1.4305,-0.063084
4.1369,-0.222533,1.2905,-0.063147
4.1382,-0.222533,1.1448,-0.063215
4.1394,-0.222533,0.9940,-0.063286
4.1407,-0.112463,0.8388,-0.063362
4.1419,-0.112463,0.6798,-0.063441
4.1432,-0.112463,0.5178,-0.063524
4.1467,-0.112463,0.0532,-0.063770
4.1476,-0.112463,-0.0769,-0.063842
4.1486,-0.112463,-0.2009,-0.063911
4.1495,-0.112463,-0.3235,-0.063980
4.1504,0.040678,-0.4451,-0.064049
4.1513,0.040678,-0.5669,-0.064120
4.1523,0.040678,-0.6941,-0.064195
4.1534,0.040678,-0.8253,-0.064273
4.1544,0.040678,-0.9559,-0.064352
4.1557,0.040678,-1.1075,-0.064446
4.1569,0.040678,-1.2545,-0.064538
4.1582,0.040678,-1.3959,-0.064629
4.1594,0.040678,-1.5311,-0.064718
4.1607,-0.332602,-1.6596,-0.064805
4.1619,-0.332602,-1.7806,-0.064889
4.1632,-0.332602,-1.8937,-0.064969
4.1644,-0.332602,-1.9984,-0.065047
4.1657,-0.332602,-2.0941,-0.065120
4.1669,-0.332602,-2.1805,-0.065189
4.1682,-0.332602,-2.2573,-0.065254
4.1694,-0.332602,-2.3241,-0.065314
4.1707,-0.074178,-2.3803,-0.065369
4.1719,-0.074178,-2.4260,-0.065418
4.1732,-0.074178,-2.4608,-0.065462
4.1744,-0.074178,-2.4848,-0.065501
4.1757,-0.074178,-2.4976,-0.065533
4.1769,-0.074178,-2.4993,-0.065559
4.1782,-0.074178,-2.4899,-0.065580
4.1794,-0.074178,-2.4694,-0.065594
4.1807,0.059821,-2.4379,-0.065602
4.1819,0.059821,-2.3955,-0.065603
4.1832,0.059821,-2.3425,-0.065598
4.1844,0.059821,-2.2791,-0.065587
4.1857,0.059821,-2.2054,-0.065570
4.1869,0.059821,-2.1220,-0.065546
4.1882,0.059821,-2.0290,-0.065516
4.1894,0.059821,-1.9268,-0.065480
4.1907,0.157926,-1.8162,-0.065439
4.1919,0.157926,-1.6979,-0.065392
4.1932,0.157926,-1.5718,-0.065340
4.1944,0.157926,-1.4386,-0.065282
4.1983,0.157926,-0.9804,-0.065070
4.1993,0.157926,-0.8577,-0.065010
4.2002,0.157926,-0.7407,-0.064952
4.2012,0.217747,-0.6224,-0.064892
4.2021,0.217747,-0.5027,-0.064831
4.2030,0.217747,-0.3819,-0.064768
4.2039,0.217747,-0.2598,-0.064704
4.2049,0.217747,-0.1371,-0.064638
4.2058,0.217747,-0.0140,-0.064571
4.2069,0.217747,0.1363,-0.064488
4.2082,0.217747,0.3023,-0.064395
4.2094,0.217747,0.4672,-0.064301
4.2107,-0.177069,0.6300,-0.064206
4.2119,-0.177069,0.7900,-0.064111
4.2132,-0.177069,0.9464,-0.064016
4.2144,-0.177069,1.0987,-0.063923
4.2157,-0.177069,1.2461,-0.063830
4.2169,-0.177069,1.3879,-0.063739
4.2182,-0.177069,1.5235,-0.063650
4.2194,-0.177069,1.6524,-0.063563
4.2207,-0.177069,1.7738,-0.063479
4.2219,-0.332602,1.8874,-0.063398
4.2232,-0.332602,1.9925,-0.063321
4.2244,-0.332602,2.0888,-0.063247
4.2257,-0.332602,2.1758,-0.063178
4.2269,-0.332602,2.2531,-0.063113
4.2282,-0.332602,2.3203,-0.063052
4.2294,-0.332602,2.3772,-0.062997
4.2307,-0.332602,2.4237,-0.062947
4.2319,-0.009571,2.4591,-0.062903
4.2332,-0.009571,2.4837,-0.062864
4.2344,-0.009571,2.4972,-0.062832
4.2357,-0.009571,2.4995,-0.062805
4.2369,-0.009571,2.4908,-0.062784
4.2382,-0.009571,2.4709,-0.062770
4.2394,-0.009571,2.4401,-0.062761
4.2407,-0.009571,2.3983,-0.062760
4.2419,-0.167498,2.3459,-0.062764
4.2432,-0.167498,2.2830,-0.062775
4.2444,-0.167498,2.2100,-0.062792
4.2457,-0.167498,2.1271,-0.062815
4.2469,-0.167498,2.0347,-0.062845
4.2496,-0.167498,1.8030,-0.062929
4.2506,-0.167498,1.7139,-0.062964
4.2515,-0.157926,1.6219,-0.063002
4.2524,-0.157926,1.5264,-0.063043
4.2533,-0.157926,1.4270,-0.063086
4.2544,-0.157926,1.3072,-0.063140
4.2557,-0.157926,1.1624,-0.063206
4.2569,-0.157926,1.0120,-0.063278
4.2582,-0.157926,0.8573,-0.063353
4.2594,-0.157926,0.6987,-0.063432
4.2607,-0.157926,0.5370,-0.063514
4.2619,0.181855,0.3730,-0.063599
4.2632,0.181855,0.2072,-0.063687
4.2644,0.181855,0.0405,-0.063777
4.2657,0.181855,-0.1263,-0.063869
4.2669,0.181855,-0.2926,-0.063962
4.2682,0.181855,-0.4576,-0.064057
4.2694,0.181855,-0.6205,-0.064151
4.2707,0.181855,-0.7807,-0.064246
4.2719,-0.251246,-0.9374,-0.064341
4.2732,-0.251246,-1.0899,-0.064435
4.2744,-0.251246,-1.2376,-0.064527
4.2757,-0.251246,-1.3797,-0.064619
4.2769,-0.251246,-1.5157,-0.064708
4.2782,-0.251246,-1.6449,-0.064795
4.2794,-0.251246,-1.7669,-0.064879
4.2807,-0.251246,-1.8809,-0.064960
4.2819,-0.236889,-1.9866,-0.065038
4.2832,-0.236889,-2.0834,-0.065112
4.2844,-0.236889,-2.1710,-0.065181
4.2857,-0.236889,-2.2488,-0.065247
4.2869,-0.236889,-2.3167,-0.065307
4.2882,-0.236889,-2.3742,-0.065362
4.2894,-0.236889,-2.4211,-0.065413
4.2907,-0.236889,-2.4575,-0.065458
4.2919,-0.083749,-2.4825,-0.065496
4.2932,-0.083749,-2.4967,-0.065530
4.2944,-0.083749,-2.4997,-0.065557
4.2957,-0.083749,-2.4916,-0.065578
4.2969,-0.083749,-2.4724,-0.065593
4.3004,-0.083749,-2.3597,-0.065600
4.3014,-0.083749,-2.3137,-0.065594
4.3023,-0.035892,-2.2640,-0.065584
4.3032,-0.035892,-2.2087,-0.065570
4.3042,-0.035892,-2.1486,-0.065554
4.3051,-0.035892,-2.0829,-0.065534
4.3060,-0.035892,-2.0122,-0.065510
4.3069,-0.035892,-1.9368,-0.065484
4.3082,-0.035892,-1.8299,-0.065444
4.3094,-0.035892,-1.7123,-0.065398
4.3107,-0.035892,-1.5870,-0.065346
4.3119,-0.035892,-1.4546,-0.065289
4.3132,0.267996,-1.3157,-0.065227
4.3144,0.267996,-1.1709,-0.065160
4.3157,0.267996,-1.0210,-0.065089
4.3169,0.267996,-0.8665,-0.065014
4.3182,0.267996,-0.7081,-0.064936
4.3194,0.267996,-0.5466,-0.064854
4.3207,0.267996,-0.3827,-0.064769
4.3219,0.267996,-0.2170,-0.064681
4.3232,0.086142,-0.0504,-0.064591
4.3244,0.086142,0.1166,-0.064499
4.3257,0.086142,0.2828,-0.064406
4.3269,0.086142,0.4479,-0.064312
4.3282,0.086142,0.6110,-0.064217
4.3294,0.086142,0.7713,-0.064122
4.3307,0.086142,0.9284,-0.064027
4.3319,0.086142,1.0812,-0.063934
4.3332,-0.083749,1.2290,-0.063841
4.3344,-0.083749,1.3715,-0.063749
4.3357,-0.083749,1.5078,-0.063660
4.3369,-0.083749,1.6374,-0.063573
4.3382,-0.083749,1.7599,-0.063489
4.3394,-0.083749,1.8744,-0.063407
4.3407,-0.083749,1.9807,-0.063329
4.3419,-0.083749,2.0780,-0.063255
4.3432,-0.287139,2.1661,-0.063185
4.3444,-0.287139,2.2445,-0.063120
4.3457,-0.287139,2.3130,-0.063059
4.3469,-0.287139,2.3711,-0.063003
4.3482,-0.287139,2.4187,-0.062953
4.3515,-0.287139,2.4923,-0.062846
4.3524,-0.287139,2.4991,-0.062823
4.3534,0.090927,2.4994,-0.062804
4.3543,0.090927,2.4936,-0.062788
4.3552,0.090927,2.4818,-0.062776
4.3561,0.090927,2.4639,-0.062767
4.3570,0.090927,2.4401,-0.062761
4.3582,0.090927,2.4038,-0.062760
4.3594,0.090927,2.3526,-0.062763
4.3607,0.090927,2.2909,-0.062773
4.3619,0.090927,2.2191,-0.062790
4.3632,-0.339781,2.1374,-0.062812
4.3644,-0.339781,2.0461,-0.062841
4.3657,-0.339781,1.9457,-0.062876
4.3669,-0.339781,1.8367,-0.062916
4.3682,-0.339781,1.7194,-0.062962
4.3694,-0.339781,1.5945,-0.063014
4.3707,-0.339781,1.4625,-0.063070
4.3719,-0.339781,1.3240,-0.063132
4.3732,-0.339781,1.1796,-0.063198
4.3744,-0.112463,1.0300,-0.063269
4.3757,-0.112463,0.8757,-0.063344
4.3769,-0.112463,0.7175,-0.063422
4.3782,-0.112463,0.5562,-0.063504
4.3794,-0.112463,0.3922,-0.063589
4.3807,-0.112463,0.2268,-0.063677
4.3819,-0.112463,0.0602,-0.063767
4.3832,-0.112463,-0.1067,-0.063858
4.3844,0.071785,-0.2731,-0.063951
4.3857,0.071785,-0.4382,-0.064045
4.3869,0.071785,-0.6015,-0.064140
4.3882,0.071785,-0.7619,-0.064235
4.3894,0.071785,-0.9190,-0.064330
4.3907,0.071785,-1.0721,-0.064424
4.3919,0.071785,-1.2205,-0.064517
4.3932,0.071785,-1.3633,-0.064608
4.3944,-0.236889,-1.5001,-0.064698
4.3957,-0.236889,-1.6301,-0.064785
4.3969,-0.236889,-1.7529,-0.064869
4.3982,-0.236889,-1.8680,-0.064951
4.3994,-0.236889,-1.9746,-0.065029
4.4035,-0.236889,-2.2586,-0.065255
4.4045,-0.445065,-2.3135,-0.065304
4.4054,-0.445065,-2.3574,-0.065346
4.4063,-0.445065,-2.3955,-0.065385
4.4073,-0.445065,-2.4279,-0.065420
4.4082,-0.445065,-2.4542,-0.065453
4.4091,-0.445065,-2.4747,-0.065483
4.4100,-0.445065,-2.4891,-0.065510
4.4109,-0.445065,-2.4976,-0.065533
4.4119,-0.445065,-2.4999,-0.065554
4.4132,-0.445065,-2.4931,-0.065576
4.4144,0.296710,-2.4752,-0.065591
4.4157,0.296710,-2.4463,-0.065600
4.4169,0.296710,-2.4065,-0.065603
4.4182,0.296710,-2.3559,-0.065600
4.4194,0.296710,-2.2948,-0.065590
4.4207,0.296710,-2.2236,-0.065574
4.4219,0.296710,-2.1424,-0.065552
4.4232,0.296710,-2.0517,-0.065524
4.4244,-0.093320,-1.9519,-0.065489
4.4257,-0.093320,-1.8433,-0.065449
4.4269,-0.093320,-1.7265,-0.065404
4.4282,-0.093320,-1.6021,-0.065352
4.4294,-0.093320,-1.4705,-0.065296
4.4307,-0.093320,-1.3323,-0.065235
4.4319,-0.093320,-1.1880,-0.065168
4.4332,-0.093320,-1.0389,-0.065098
4.4344,0.114855,-0.8848,-0.065023
4.4357,0.114855,-0.7269,-0.064945
4.4369,0.114855,-0.5657,-0.064863
4.4382,0.114855,-0.4020,-0.064779
4.4394,0.114855,-0.2364,-0.064691
4.4407,0.114855,-0.0701,-0.064602
4.4419,0.114855,0.0970,-0.064510
4.4432,0.114855,0.2634,-0.064417
4.4444,0.045464,0.4286,-0.064323
4.4457,0.045464,0.5919,-0.064228
4.4469,0.045464,0.7527,-0.064133
4.4482,0.045464,0.9100,-0.064039
4.4494,0.045464,1.0633,-0.063945
4.4507,0.045464,1.2119,-0.063852
4.4539,0.045464,1.5710,-0.063618
4.4549,0.203390,1.6685,-0.063552
4.4558,0.203390,1.7583,-0.063490
4.4567,0.203390,1.8437,-0.063429
4.4576,0.203390,1.9245,-0.063371
4.4585,0.203390,2.0007,-0.063314
4.4595,0.203390,2.0720,-0.063260
4.4607,0.203390,2.1563,-0.063193
4.4619,0.203390,2.2359,-0.063127
4.4632,0.203390,2.3054,-0.063066
4.4644,0.203390,2.3648,-0.063010
4.4657,-0.368495,2.4136,-0.062959
4.4669,-0.368495,2.4517,-0.062913
4.4682,-0.368495,2.4789,-0.062873
4.4694,-0.368495,2.4950,-0.062839
4.4707,-0.368495,2.5000,-0.062811
4.4719,-0.368495,2.4938,-0.062788
4.4732,-0.368495,2.4766,-0.062772
4.4744,-0.368495,2.4483,-0.062763
4.4757,-0.071785,2.4091,-0.062760
4.4769,-0.071785,2.3592,-0.062763
4.4782,-0.071785,2.2988,-0.062772
4.4794,-0.071785,2.2280,-0.062788
4.4807,-0.071785,2.1475,-0.062809
4.4819,-0.071785,2.0573,-0.062837
4.4832,-0.071785,1.9580,-0.062871
4.4844,-0.071785,1.8499,-0.062911
4.4857,-0.241675,1.7336,-0.062956
4.4869,-0.241675,1.6096,-0.063007
4.4882,-0.241675,1.4784,-0.063063
4.4894,-0.241675,1.3406,-0.063125
4.4907,-0.241675,1.1969,-0.063190
4.4919,-0.241675,1.0478,-0.063261
4.4932,-0.241675,0.8936,-0.063335
4.4944,-0.241675,0.7363,-0.063413
4.4957,-0.052642,0.5752,-0.063494
4.4969,-0.052642,0.4117,-0.063579
4.4982,-0.052642,0.2463,-0.063666
4.4994,-0.052642,0.0798,-0.063756
4.5007,-0.052642,-0.0871,-0.063847
4.5019,-0.052642,-0.2536,-0.063940
4.5054,-0.165105,-0.7062,-0.064202
4.5063,-0.165105,-0.8275,-0.064274
4.5072,-0.165105,-0.9430,-0.064344
4.5082,-0.165105,-1.0560,-0.064414
4.5091,-0.165105,-1.1663,-0.064482
4.5100,-0.165105,-1.2736,-0.064550
4.5109,-0.165105,-1.3780,-0.064618
4.5119,-0.165105,-1.4843,-0.064687
4.5132,-0.165105,-1.6152,-0.064775
4.5144,-0.165105,-1.7389,-0.064860
4.5157,0.000000,-1.8548,-0.064941
4.5169,0.000000,-1.9625,-0.065020
4.5182,0.000000,-2.0614,-0.065095
4.5194,0.000000,-2.1513,-0.065165
4.5207,0.000000,-2.2314,-0.065232
4.5219,0.000000,-2.3016,-0.065293
4.5232,0.000000,-2.3616,-0.065350
4.5244,0.000000,-2.4111,-0.065401
4.5257,-0.157926,-2.4498,-0.065447
4.5269,-0.157926,-2.4776,-0.065488
4.5282,-0.157926,-2.4943,-0.065522
4.5294,-0.157926,-2.5000,-0.065551
4.5307,-0.157926,-2.4945,-0.065573
4.5319,-0.157926,-2.4779,-0.065590
4.5332,-0.157926,-2.4503,-0.065600
4.5344,-0.157926,-2.4117,-0.065603
4.5357,-0.157926,-2.3624,-0.065601
4.5369,-0.117248,-2.3026,-0.065592
4.5382,-0.117248,-2.2325,-0.065576
4.5394,-0.117248,-2.1524,-0.065555
4.5407,-0.117248,-2.0630,-0.065527
4.5419,-0.117248,-1.9642,-0.065494
4.5432,-0.117248,-1.8566,-0.065454
4.5444,-0.117248,-1.7406,-0.065409
4.5457,-0.117248,-1.6171,-0.065359
4.5469,0.110070,-1.4863,-0.065303
4.5482,0.110070,-1.3489,-0.065242
4.5494,0.110070,-1.2055,-0.065177
4.5507,0.110070,-1.0567,-0.065107
4.5519,0.110070,-0.9031,-0.065032
4.5536,0.110070,-0.6895,-0.064926
4.5567,-0.002393,-0.2790,-0.064714
4.5577,-0.002393,-0.1528,-0.064646
4.5586,-0.002393,-0.0295,-0.064580
4.5595,-0.002393,0.0938,-0.064512
4.5604,-0.002393,0.2163,-0.064444
4.5614,-0.002393,0.3385,-0.064374
4.5623,-0.002393,0.4600,-0.064305
4.5632,-0.002393,0.5805,-0.064235
4.5644,-0.002393,0.7340,-0.064144
4.5657,-0.002393,0.8917,-0.064050
4.5669,0.117248,1.0455,-0.063956
4.5682,0.117248,1.1947,-0.063862
4.5694,0.117248,1.3385,-0.063771
4.5707,0.117248,1.4764,-0.063681
4.5719,0.117248,1.6077,-0.063593
4.5732,0.117248,1.7318,-0.063508
4.5744,0.117248,1.8482,-0.063426
4.5757,0.117248,1.9564,-0.063347
4.5769,-0.011964,2.0559,-0.063272
4.5782,-0.011964,2.1462,-0.063202
4.5794,-0.011964,2.2270,-0.063135
4.5807,-0.011964,2.2978,-0.063073
4.5819,-0.011964,2.3584,-0.063016
4.5832,-0.011964,2.4084,-0.062964
4.5844,-0.011964,2.4478,-0.062918
4.5857,-0.011964,2.4763,-0.062877
4.5869,-0.133998,2.4937,-0.062842
4.5882,-0.133998,2.5000,-0.062814
4.5894,-0.133998,2.4951,-0.062791
4.5907,-0.133998,2.4792,-0.062774
4.5919,-0.133998,2.4522,-0.062764
4.5932,-0.133998,2.4143,-0.062760
4.5944,-0.133998,2.3656,-0.062762
4.5957,-0.133998,2.3064,-0.062770
4.5969,-0.160319,2.2369,-0.062785
4.5982,-0.160319,2.1575,-0.062806
4.5994,-0.160319,2.0684,-0.062834
4.6007,-0.160319,1.9701,-0.062867
4.6019,-0.160319,1.8630,-0.062906
4.6032,-0.160319,1.7477,-0.062951
4.6044,-0.160319,1.6246,-0.063001
4.6057,-0.160319,1.4929,-0.063057
4.6085,-0.200997,1.1752,-0.063200
4.6094,-0.200997,1.0623,-0.063254
4.6104,-0.200997,0.9496,-0.063308
4.6113,-0.200997,0.8343,-0.063364
4.6122,-0.200997,0.7174,-0.063422
4.6132,-0.200997,0.5942,-0.063485
4.6144,-0.200997,0.4311,-0.063569
4.6157,-0.200997,0.2658,-0.063656
4.6169,-0.200997,0.0994,-0.063745
4.6182,-0.153141,-0.0675,-0.063836
4.6194,-0.153141,-0.2342,-0.063929
4.6207,-0.153141,-0.3995,-0.064023
4.6219,-0.153141,-0.5633,-0.064118
4.6232,-0.153141,-0.7245,-0.064213
4.6244,-0.153141,-0.8825,-0.064307
4.6257,-0.153141,-1.0366,-0.064402
4.6269,-0.153141,-1.1860,-0.064495
4.6282,-0.019143,-1.3302,-0.064587
4.6294,-0.019143,-1.4684,-0.064677
4.6307,-0.019143,-1.6002,-0.064765
4.6319,-0.019143,-1.7249,-0.064850
4.6332,-0.019143,-1.8416,-0.064932
4.6344,-0.019143,-1.9503,-0.065011
4.6357,-0.019143,-2.0503,-0.065086
4.6369,-0.019143,-2.1412,-0.065157
4.6382,-0.093320,-2.2225,-0.065224
4.6394,-0.093320,-2.2939,-0.065286
4.6407,-0.093320,-2.3551,-0.065343
4.6419,-0.093320,-2.4058,-0.065396
4.6432,-0.093320,-2.4458,-0.065442
4.6444,-0.093320,-2.4749,-0.065483
4.6457,-0.093320,-2.4929,-0.065518
4.6469,-0.093320,-2.4999,-0.065548
4.6482,-0.129212,-2.4957,-0.065571
4.6494,-0.129212,-2.4804,-0.065588
4.6507,-0.129212,-2.4541,-0.065599
4.6519,-0.129212,-2.4165,-0.065603
4.6532,-0.129212,-2.3682,-0.065601
4.6544,-0.129212,-2.3100,-0.065593
4.6557,-0.129212,-2.2413,-0.065579
4.6570,-0.129212,-2.1525,-0.065555
4.6597,0.100499,-1.9507,-0.065489
4.6607,0.100499,-1.8687,-0.065459
4.6616,0.100499,-1.7847,-0.065427
4.6625,0.100499,-1.6963,-0.065391
4.6634,0.100499,-1.6036,-0.065353
4.6644,0.100499,-1.5020,-0.065310
4.6657,0.100499,-1.3654,-0.065249
4.6669,0.100499,-1.2227,-0.065184
4.6682,0.066999,-1.0745,-0.065115
4.6694,0.066999,-0.9212,-0.065041
4.6707,0.066999,-0.7643,-0.064964
4.6719,0.066999,-0.6039,-0.064883
4.6732,0.066999,-0.4407,-0.064799
4.6744,0.066999,-0.2756,-0.064712
4.6757,0.066999,-0.1092,-0.064623
4.6769,0.066999,0.0577,-0.064532
4.6782,-0.102891,0.2242,-0.064439
4.6794,-0.102891,0.3899,-0.064345
4.6807,-0.102891,0.5537,-0.064251
4.6819,-0.102891,0.7151,-0.064156
4.6832,-0.102891,0.8733,-0.064061
4.6844,-0.102891,1.0277,-0.063967
4.6857,-0.102891,1.1774,-0.063873
4.6869,-0.102891,1.3219,-0.063781
4.6882,0.112463,1.4605,-0.063691
4.6894,0.112463,1.5926,-0.063603
4.6907,0.112463,1.7176,-0.063518
4.6919,0.112463,1.8352,-0.063435
4.6932,0.112463,1.9441,-0.063357
4.6944,0.112463,2.0446,-0.063281
4.6957,0.112463,2.1360,-0.063210
4.6969,0.112463,2.2179,-0.063143
4.6982,0.112463,2.2899,-0.063080
4.6994,-0.045464,2.3518,-0.063023
4.7007,-0.045464,2.4031,-0.062970
4.7019,-0.045464,2.4438,-0.062923
4.7032,-0.045464,2.4735,-0.062882
4.7044,-0.045464,2.4922,-0.062846
4.7057,-0.045464,2.4998,-0.062817
4.7069,-0.045464,2.4963,-0.062793
4.7083,-0.045464,2.4797,-0.062774
4.7107,-0.083749,2.4183,-0.062760
4.7116,-0.083749,2.3833,-0.062760
4.7125,-0.083749,2.3432,-0.062765
4.7135,-0.083749,2.2975,-0.062772
4.7144,-0.083749,2.2455,-0.062783
4.7157,-0.083749,2.1673,-0.062804
4.7169,-0.083749,2.0794,-0.062830
4.7182,-0.083749,1.9822,-0.062863
4.7194,-0.291924,1.8759,-0.062901
4.7207,-0.291924,1.7617,-0.062945
4.7219,-0.291924,1.6395,-0.062995
4.7232,-0.291924,1.5099,-0.063050
4.7244,-0.291924,1.3736,-0.063110
4.7257,-0.291924,1.2312,-0.063174
4.7269,-0.291924,1.0833,-0.063244
4.7282,-0.291924,0.9306,-0.063317
4.7294,-0.083749,0.7738,-0.063394
4.7307,-0.083749,0.6133,-0.063475
4.7319,-0.083749,0.4502,-0.063559
4.7332,-0.083749,0.2848,-0.063646
4.7344,-0.083749,0.1191,-0.063735
4.7357,-0.083749,-0.0481,-0.063826
4.7369,-0.083749,-0.2144,-0.063918
4.7382,-0.083749,-0.3800,-0.064012
4.7394,-0.141177,-0.5440,-0.064107
4.7407,-0.141177,-0.7055,-0.064201
4.7419,-0.141177,-0.8639,-0.064296
4.7432,-0.141177,-1.0185,-0.064391
4.7444,-0.141177,-1.1686,-0.064484
4.7457,-0.141177,-1.3134,-0.064576
4.7469,-0.141177,-1.4524,-0.064666
4.7482,-0.141177,-1.5849,-0.064754
4.7494,-0.021535,-1.7105,-0.064840
4.7507,-0.021535,-1.8283,-0.064922
4.7519,-0.021535,-1.9380,-0.065002
4.7532,-0.021535,-2.0390,-0.065077
4.7544,-0.021535,-2.1310,-0.065149
4.7557,-0.021535,-2.2134,-0.065216
4.7569,-0.021535,-2.2860,-0.065279
4.7582,-0.021535,-2.3485,-0.065337
4.7595,-0.122034,-2.4036,-0.065393
4.7617,-0.122034,-2.4685,-0.065473
4.7627,-0.122034,-2.4853,-0.065502
4.7636,-0.122034,-2.4956,-0.065526
4.7645,-0.122034,-2.4999,-0.065547
4.7657,-0.122034,-2.4968,-0.065569
4.7669,-0.122034,-2.4828,-0.065586
4.7682,-0.122034,-2.4578,-0.065598
4.7694,0.059821,-2.4218,-0.065603
4.7707,0.059821,-2.3750,-0.065602
4.7719,0.059821,-2.3176,-0.065594
4.7732,0.059821,-2.2499,-0.065581
4.7744,0.059821,-2.1722,-0.065561
4.7757,0.059821,-2.0848,-0.065534
4.7769,0.059821,-1.9881,-0.065502
4.7782,0.059821,-1.8826,-0.065464
4.7794,0.059821,-1.7686,-0.065420
4.7807,-0.114855,-1.6468,-0.065371
4.7819,-0.114855,-1.5177,-0.065316
4.7832,-0.114855,-1.3818,-0.065257
4.7844,-0.114855,-1.2397,-0.065192
4.7857,-0.114855,-1.0921,-0.065123
4.7869,-0.114855,-0.9397,-0.065050
4.7882,-0.114855,-0.7831,-0.064973
4.7894,-0.114855,-0.6230,-0.064893
4.7907,0.145962,-0.4600,-0.064809
4.7919,0.145962,-0.2951,-0.064722
4.7932,0.145962,-0.1288,-0.064634
4.7944,0.145962,0.0380,-0.064543
4.7957,0.145962,0.2047,-0.064450
4.7969,0.145962,0.3704,-0.064356
4.7982,0.145962,0.5345,-0.064262
4.7994,0.145962,0.6964,-0.064167
4.8007,-0.167498,0.8550,-0.064072
4.8019,-0.167498,1.0097,-0.063978
4.8032,-0.167498,1.1601,-0.063884
4.8044,-0.167498,1.3053,-0.063792
4.8057,-0.167498,1.4445,-0.063702
4.8069,-0.167498,1.5774,-0.063614
4.8082,-0.167498,1.7033,-0.063528
4.8094,-0.167498,1.8216,-0.063445
4.8107,0.009571,1.9320,-0.063365
4.8131,0.009571,2.1248,-0.063219
4.8141,0.009571,2.1883,-0.063167
4.8150,0.009571,2.2452,-0.063119
4.8159,0.009571,2.2966,-0.063074
4.8169,0.009571,2.3451,-0.063029
4.8182,0.009571,2.3976,-0.062976
4.8194,0.009571,2.4395,-0.062928
4.8207,-0.004786,2.4705,-0.062886
4.8219,-0.004786,2.4906,-0.062850
4.8232,-0.004786,2.4995,-0.062820
4.8244,-0.004786,2.4973,-0.062795
4.8257,-0.004786,2.4840,-0.062777
4.8269,-0.004786,2.4596,-0.062766
4.8282,-0.004786,2.4242,-0.062760
4.8294,-0.004786,2.3776,-0.062761
4.8307,0.040678,2.3211,-0.062768
4.8319,0.040678,2.2541,-0.062781
4.8332,0.040678,2.1770,-0.062801
4.8344,0.040678,2.0902,-0.062827
4.8357,0.040678,1.9941,-0.062859
4.8369,0.040678,1.8890,-0.062896
4.8382,0.040678,1.7756,-0.062940
4.8394,0.040678,1.6541,-0.062989
4.8407,-0.232104,1.5255,-0.063043
4.8419,-0.232104,1.3900,-0.063102
4.8432,-0.232104,1.2483,-0.063167
4.8444,-0.232104,1.1010,-0.063235
4.8457,-0.232104,0.9488,-0.063308
4.8469,-0.232104,0.7924,-0.063385
4.8482,-0.232104,0.6325,-0.063465
4.8494,-0.232104,0.4697,-0.063549
4.8507,-0.232104,0.3049,-0.063635
4.8519,-0.334995,0.1386,-0.063724
4.8532,-0.334995,-0.0282,-0.063815
4.8544,-0.334995,-0.1949,-0.063907
4.8557,-0.334995,-0.3608,-0.064001
4.8569,-0.334995,-0.5250,-0.064096
4.8582,-0.334995,-0.6869,-0.064190
4.8594,-0.334995,-0.8457,-0.064285
4.8607,-0.334995,-1.0008,-0.064380
4.8619,-0.004786,-1.1517,-0.064473
4.8656,-0.004786,-1.5656,-0.064741
4.8666,-0.004786,-1.6657,-0.064809
4.8675,-0.004786,-1.7556,-0.064871
4.8684,-0.004786,-1.8412,-0.064932
4.8694,-0.004786,-1.9222,-0.064990
4.8703,-0.004786,-1.9985,-0.065047
4.8712,0.260818,-2.0700,-0.065101
4.8721,0.260818,-2.1364,-0.065153
4.8732,0.260818,-2.2043,-0.065209
4.8744,0.260818,-2.2780,-0.065272
4.8757,0.260818,-2.3416,-0.065330
4.8769,0.260818,-2.3948,-0.065384
4.8782,0.260818,-2.4373,-0.065432
4.8794,0.260818,-2.4690,-0.065474
4.8807,0.260818,-2.4897,-0.065511
4.8819,-0.390030,-2.4993,-0.065541
4.8832,-0.390030,-2.4977,-0.065566
4.8844,-0.390030,-2.4850,-0.065585
4.8857,-0.390030,-2.4613,-0.065597
4.8869,-0.390030,-2.4266,-0.065603
4.8882,-0.390030,-2.3810,-0.065602
4.8894,-0.390030,-2.3249,-0.065596
4.8907,-0.390030,-2.2584,-0.065583
4.8919,-0.093320,-2.1818,-0.065563
4.8932,-0.093320,-2.0956,-0.065538
4.8944,-0.093320,-2.0000,-0.065506
4.8957,-0.093320,-1.8954,-0.065469
4.8969,-0.093320,-1.7825,-0.065426
4.8982,-0.093320,-1.6616,-0.065377
4.8994,-0.093320,-1.5331,-0.065323
4.9007,-0.093320,-1.3983,-0.065264
4.9019,-0.088534,-1.2568,-0.065200
4.9032,-0.088534,-1.1097,-0.065132
4.9044,-0.088534,-0.9578,-0.065059
4.9057,-0.088534,-0.8016,-0.064982
4.9069,-0.088534,-0.6419,-0.064902
4.9082,-0.088534,-0.4793,-0.064819
4.9094,-0.088534,-0.3146,-0.064733
4.9107,-0.088534,-0.1484,-0.064644
4.9119,0.200997,0.0184,-0.064553
4.9132,0.200997,0.1854,-0.064461
4.9161,0.200997,0.5685,-0.064242
4.9170,0.200997,0.6912,-0.064170
4.9179,0.200997,0.8087,-0.064100
4.9189,0.200997,0.9244,-0.064030
4.9198,0.200997,1.0376,-0.063961
4.9207,0.200997,1.1483,-0.063892
4.9219,0.021535,1.2885,-0.063803
4.9232,0.021535,1.4284,-0.063712
4.9244,0.021535,1.5621,-0.063624
4.9257,0.021535,1.6889,-0.063538
4.9269,0.021535,1.8080,-0.063455
4.9282,0.021535,1.9192,-0.063375
4.9294,0.021535,2.0218,-0.063298
4.9307,0.021535,2.1155,-0.063226
4.9319,0.021535,2.1996,-0.063158
4.9332,0.205783,2.2739,-0.063094
4.9344,0.205783,2.3382,-0.063036
4.9357,0.205783,2.3920,-0.062982
4.9369,0.205783,2.4351,-0.062934
4.9382,0.205783,2.4675,-0.062891
4.9394,0.205783,2.4888,-0.062854
4.9407,0.205783,2.4990,-0.062823
4.9419,0.205783,2.4981,-0.062798
4.9432,-0.251246,2.4861,-0.062779
4.9444,-0.251246,2.4630,-0.062767
4.9457,-0.251246,2.4289,-0.062760
4.9469,-0.251246,2.3840,-0.062760
4.9482,-0.251246,2.3285,-0.062767
4.9494,-0.251246,2.2626,-0.062779
4.9507,-0.251246,2.1866,-0.062798
4.9519,-0.251246,2.1010,-0.062823
4.9532,-0.090927,2.0058,-0.062855
4.9544,-0.090927,1.9019,-0.062892
4.9557,-0.090927,1.7893,-0.062934
4.9569,-0.090927,1.6688,-0.062983
4.9582,-0.090927,1.5410,-0.063036
4.9594,-0.090927,1.4059,-0.063095
4.9607,-0.090927,1.2652,-0.063159
4.9619,-0.090927,1.1186,-0.063227
4.9632,-0.265603,0.9669,-0.063299
4.9644,-0.265603,0.8109,-0.063376
4.9657,-0.265603,0.6514,-0.063456
4.9691,-0.265603,0.1925,-0.063695
4.9701,-0.265603,0.0624,-0.063765
4.9710,-0.265603,-0.0610,-0.063833
4.9720,-0.265603,-0.1841,-0.063901
4.9729,-0.217747,-0.3064,-0.063970
4.9738,-0.217747,-0.4281,-0.064040
4.9747,-0.217747,-0.5489,-0.064109
4.9757,-0.217747,-0.6683,-0.064179
4.9769,-0.217747,-0.8272,-0.064274
4.9782,-0.217747,-0.9827,-0.064369
4.9794,-0.217747,-1.1341,-0.064462
4.9807,-0.217747,-1.2800,-0.064554
4.9819,-0.217747,-1.4206,-0.064645
4.9832,0.021535,-1.5544,-0.064734
4.9844,0.021535,-1.6816,-0.064820
4.9857,0.021535,-1.8013,-0.064903
4.9869,0.021535,-1.9129,-0.064983
4.9882,0.021535,-2.0160,-0.065060
4.9894,0.021535,-2.1102,-0.065133
4.9907,0.021535,-2.1949,-0.065201
4.9919,0.021535,-2.2698,-0.065265
4.9932,-0.023928,-2.3347,-0.065324
4.9944,-0.023928,-2.3891,-0.065378
4.9957,-0.023928,-2.4329,-0.065426
4.9969,-0.023928,-2.4659,-0.065469
4.9982,-0.023928,-2.4878,-0.065507
4.9994,-0.023928,-2.4987,-0.065538
5.0007,-0.023928,-2.4985,-0.065563
5.0019,-0.023928,-2.4871,-0.065583
5.0032,-0.064606,-2.4647,-0.065596
5.0044,-0.064606,-2.4313,-0.065602
5.0057,-0.064606,-2.3870,-0.065603
5.0069,-0.064606,-2.3313,-0.065597
5.0082,-0.064606,-2.2666,-0.065584
5.0094,-0.064606,-2.1913,-0.065566
5.0107,-0.064606,-2.1062,-0.065541
5.0119,-0.064606,-2.0117,-0.065510
5.0132,-0.064606,-1.9082,-0.065474
5.0144,-0.081356,-1.7962,-0.065431
5.0157,-0.081356,-1.6762,-0.065383
5.0173,-0.081356,-1.5057,-0.065311
5.0198,-0.081356,-1.2250,-0.065186
5.0208,-0.081356,-1.1134,-0.065133
5.0217,-0.081356,-1.0019,-0.065080
5.0226,-0.081356,-0.8879,-0.065025
5.0235,0.076570,-0.7716,-0.064968
5.0245,0.076570,-0.6538,-0.064908
5.0257,0.076570,-0.4985,-0.064829
5.0269,0.076570,-0.3340,-0.064743
5.0282,0.076570,-0.1680,-0.064655
5.0294,0.076570,-0.0013,-0.064564
5.0307,0.076570,0.1655,-0.064472
5.0319,0.076570,0.3318,-0.064378
5.0332,0.076570,0.4961,-0.064284
5.0344,-0.167498,0.6585,-0.064189
5.0357,-0.167498,0.8179,-0.064094
5.0369,-0.167498,0.9737,-0.064000
5.0382,-0.167498,1.1251,-0.063906
5.0394,-0.167498,1.2717,-0.063814
5.0407,-0.167498,1.4123,-0.063723
5.0419,-0.167498,1.5467,-0.063634
5.0432,-0.167498,1.6743,-0.063548
5.0444,0.059821,1.7944,-0.063464
5.0457,0.059821,1.9066,-0.063384
5.0469,0.059821,2.0102,-0.063307
5.0482,0.059821,2.1049,-0.063234
5.0494,0.059821,2.1902,-0.063166
5.0507,0.059821,2.2657,-0.063102
5.0519,0.059821,2.3311,-0.063042
5.0532,0.059821,2.3862,-0.062988
5.0544,0.186640,2.4306,-0.062939
5.0557,0.186640,2.4642,-0.062896
5.0569,0.186640,2.4868,-0.062858
5.0582,0.186640,2.4984,-0.062826
5.0594,0.186640,2.4988,-0.062801
5.0607,0.186640,2.4881,-0.062781
5.0619,0.186640,2.4663,-0.062768
5.0632,0.186640,2.4335,-0.062761
5.0644,-0.186640,2.3898,-0.062760
5.0657,-0.186640,2.3356,-0.062766
5.0669,-0.186640,2.2709,-0.062778
5.0684,-0.186640,2.1830,-0.062799
5.0705,-0.186640,2.0271,-0.062847
5.0715,-0.186640,1.9508,-0.062874
5.0724,-0.186640,1.8695,-0.062904
5.0733,-0.186640,1.7854,-0.062936
5.0744,-0.035892,1.6834,-0.062977
5.0757,-0.035892,1.5564,-0.063030
5.0769,-0.035892,1.4224,-0.063088
5.0782,-0.035892,1.2822,-0.063151
5.0794,-0.035892,1.1359,-0.063219
5.0807,-0.035892,0.9850,-0.063291
5.0819,-0.035892,0.8296,-0.063367
5.0832,-0.035892,0.6704,-0.063446
5.0844,-0.325424,0.5082,-0.063529
5.0857,-0.325424,0.3438,-0.063615
5.0869,-0.325424,0.1779,-0.063703
5.0882,-0.325424,0.0101,-0.063794
5.0894,-0.325424,-0.1577,-0.063887
5.0907,-0.325424,-0.3225,-0.063979
5.0919,-0.325424,-0.4865,-0.064073
5.0932,-0.325424,-0.6491,-0.064168
5.0944,-0.325424,-0.8086,-0.064263
5.0957,-0.342174,-0.9646,-0.064357
5.0969,-0.342174,-1.1163,-0.064451
5.0982,-0.342174,-1.2631,-0.064544
5.0994,-0.342174,-1.4042,-0.064635
5.1007,-0.342174,-1.5390,-0.064723
5.1019,-0.342174,-1.6670,-0.064810
5.1032,-0.342174,-1.7876,-0.064894
5.1044,-0.342174,-1.9002,-0.064974
5.1057,0.258425,-2.0043,-0.065051
5.1069,0.258425,-2.0997,-0.065124
5.1082,0.258425,-2.1853,-0.065193
5.1094,0.258425,-2.2616,-0.065258
5.1107,0.258425,-2.3276,-0.065317
5.1119,0.258425,-2.3833,-0.065372
5.1132,0.258425,-2.4283,-0.065421
5.1144,0.258425,-2.4626,-0.065465
5.1157,-0.093320,-2.4858,-0.065503
5.1169,-0.093320,-2.4980,-0.065535
5.1182,-0.093320,-2.4991,-0.065561
5.1195,-0.093320,-2.4883,-0.065582
5.1220,-0.093320,-2.4335,-0.065602
5.1229,-0.093320,-2.4016,-0.065603
5.1238,-0.093320,-2.3644,-0.065601
5.1248,-0.093320,-2.3216,-0.065595
5.1257,-0.124427,-2.2731,-0.065586
5.1269,-0.124427,-2.2007,-0.065568
5.1282,-0.124427,-2.1167,-0.065544
5.1294,-0.124427,-2.0233,-0.065514
5.1307,-0.124427,-1.9205,-0.065478
5.1319,-0.124427,-1.8097,-0.065436
5.1332,-0.124427,-1.6907,-0.065389
5.1344,-0.124427,-1.5641,-0.065336
5.1357,0.023928,-1.4305,-0.065278
5.1369,0.023928,-1.2906,-0.065216
5.1382,0.023928,-1.1449,-0.065148
5.1394,0.023928,-0.9941,-0.065077
5.1407,0.023928,-0.8388,-0.065001
5.1419,0.023928,-0.6798,-0.064921
5.1432,0.023928,-0.5178,-0.064839
5.1444,0.023928,-0.3535,-0.064753
5.1457,-0.124427,-0.1877,-0.064665
5.1469,-0.124427,-0.0209,-0.064575
5.1482,-0.124427,0.1459,-0.064483
5.1494,-0.124427,0.3121,-0.064389
5.1507,-0.124427,0.4768,-0.064295
5.1519,-0.124427,0.6394,-0.064200
5.1532,-0.124427,0.8008,-0.064105
5.1544,-0.124427,0.9560,-0.064011
5.1557,0.308674,1.1076,-0.063917
5.1569,0.308674,1.2546,-0.063825
5.1582,0.308674,1.3960,-0.063734
5.1594,0.308674,1.5314,-0.063644
5.1607,0.308674,1.6597,-0.063558
5.1619,0.308674,1.7807,-0.063474
5.1632,0.308674,1.8938,-0.063393
5.1644,0.308674,1.9985,-0.063316
5.1657,-0.289532,2.0942,-0.063243
5.1669,-0.289532,2.1806,-0.063174
5.1682,-0.289532,2.2573,-0.063109
5.1694,-0.289532,2.3242,-0.063049
5.1706,-0.289532,2.3799,-0.062995
5.1734,-0.289532,2.4667,-0.062892
5.1744,-0.289532,2.4841,-0.062863
5.1753,-0.289532,2.4950,-0.062839
5.1762,0.191426,2.4997,-0.062817
5.1771,0.191426,2.4985,-0.062799
5.1782,0.191426,2.4899,-0.062783
5.1794,0.191426,2.4694,-0.062769
5.1807,0.191426,2.4379,-0.062761
5.1819,0.191426,2.3955,-0.062760
5.1832,0.191426,2.3425,-0.062765
5.1844,0.191426,2.2790,-0.062776
5.1857,0.191426,2.2054,-0.062793
5.1869,-0.174676,2.1219,-0.062817
5.1882,-0.174676,2.0290,-0.062847
5.1894,-0.174676,1.9271,-0.062882
5.1907,-0.174676,1.8165,-0.062924
5.1919,-0.174676,1.6975,-0.062971
5.1932,-0.174676,1.5716,-0.063023
5.1944,-0.174676,1.4385,-0.063081
5.1957,-0.174676,1.2989,-0.063143
5.1969,0.043071,1.1536,-0.063211
5.1982,0.043071,1.0030,-0.063282
5.1994,0.043071,0.8480,-0.063357
5.2007,0.043071,0.6894,-0.063437
5.2019,0.043071,0.5276,-0.063519
5.2032,0.043071,0.3634,-0.063604
5.2044,0.043071,0.1974,-0.063692
5.2057,0.043071,0.0307,-0.063783
5.2069,-0.248854,-0.1361,-0.063875
5.2082,-0.248854,-0.3023,-0.063968
5.2094,-0.248854,-0.4672,-0.064062
5.2107,-0.248854,-0.6300,-0.064157
5.2119,-0.248854,-0.7900,-0.064252
5.2132,-0.248854,-0.9465,-0.064346
5.2144,-0.248854,-1.0988,-0.064440
5.2157,-0.248854,-1.2461,-0.064533
5.2169,-0.208176,-1.3879,-0.064624
5.2182,-0.208176,-1.5235,-0.064713
5.2194,-0.208176,-1.6524,-0.064800
5.2207,-0.208176,-1.7739,-0.064884
5.2219,-0.208176,-1.8901,-0.064967
5.2250,-0.208176,-2.1310,-0.065149
5.2259,-0.208176,-2.1944,-0.065201
5.2269,-0.631705,-2.2507,-0.065248
5.2278,-0.631705,-2.3016,-0.065293
5.2287,-0.631705,-2.3468,-0.065335
5.2296,-0.631705,-2.3863,-0.065375
5.2307,-0.631705,-2.4237,-0.065416
5.2319,-0.631705,-2.4591,-0.065460
5.2332,-0.631705,-2.4837,-0.065498
5.2344,-0.631705,-2.4972,-0.065531
5.2357,-0.631705,-2.4995,-0.065558
5.2369,0.330210,-2.4908,-0.065579
5.2382,0.330210,-2.4709,-0.065593
5.2394,0.330210,-2.4401,-0.065601
5.2407,0.330210,-2.3983,-0.065603
5.2419,0.330210,-2.3459,-0.065599
5.2432,0.330210,-2.2831,-0.065588
5.2444,0.330210,-2.2100,-0.065571
5.2457,0.330210,-2.1271,-0.065547
5.2469,0.028714,-2.0348,-0.065518
5.2482,0.028714,-1.9334,-0.065483
5.2494,0.028714,-1.8233,-0.065442
5.2507,0.028714,-1.7051,-0.065395
5.2519,0.028714,-1.5794,-0.065343
5.2532,0.028714,-1.4466,-0.065285
5.2544,0.028714,-1.3073,-0.065223
5.2557,0.028714,-1.1623,-0.065156
5.2569,0.028714,-1.0120,-0.065085
5.2582,0.074178,-0.8573,-0.065010
5.2594,0.074178,-0.6985,-0.064931
5.2607,0.074178,-0.5372,-0.064849
5.2619,0.074178,-0.3730,-0.064763
5.2632,0.074178,-0.2072,-0.064676
5.2644,0.074178,-0.0405,-0.064586
5.2657,0.074178,0.1263,-0.064494
5.2669,0.074178,0.2926,-0.064400
5.2682,0.069392,0.4576,-0.064306
5.2694,0.069392,0.6206,-0.064211
5.2707,0.069392,0.7807,-0.064117
5.2719,0.069392,0.9374,-0.064022
5.2732,0.069392,1.0913,-0.063927
5.2772,0.069392,1.5429,-0.063637
5.2781,0.038285,1.6438,-0.063569
5.2791,0.038285,1.7347,-0.063506
5.2800,0.038285,1.8213,-0.063445
5.2809,0.038285,1.9034,-0.063386
5.2818,0.038285,1.9809,-0.063329
5.2828,0.038285,2.0535,-0.063274
5.2837,0.038285,2.1212,-0.063221
5.2846,0.038285,2.1838,-0.063171
5.2857,0.038285,2.2489,-0.063116
5.2869,0.038285,2.3167,-0.063056
5.2882,-0.313460,2.3742,-0.063000
5.2894,-0.313460,2.4211,-0.062950
5.2907,-0.313460,2.4573,-0.062905
5.2919,-0.313460,2.4825,-0.062866
5.2932,-0.313460,2.4967,-0.062833
5.2944,-0.313460,2.4997,-0.062806
5.2957,-0.313460,2.4916,-0.062785
5.2969,-0.313460,2.4724,-0.062770
5.2982,0.033500,2.4422,-0.062762
5.2994,0.033500,2.4010,-0.062760
5.3007,0.033500,2.3493,-0.062764
5.3019,0.033500,2.2870,-0.062774
5.3032,0.033500,2.2146,-0.062791
5.3044,0.033500,2.1322,-0.062814
5.3057,0.033500,2.0404,-0.062843
5.3069,0.033500,1.9395,-0.062878
5.3082,-0.019143,1.8300,-0.062919
5.3094,-0.019143,1.7123,-0.062965
5.3107,-0.019143,1.5870,-0.063017
5.3119,-0.019143,1.4545,-0.063074
5.3132,-0.019143,1.3157,-0.063136
5.3144,-0.019143,1.1709,-0.063202
5.3157,-0.019143,1.0209,-0.063273
5.3169,-0.019143,0.8664,-0.063348
5.3182,-0.028714,0.7080,-0.063427
5.3194,-0.028714,0.5465,-0.063509
5.3207,-0.028714,0.3826,-0.063594
5.3219,-0.028714,0.2170,-0.063682
5.3232,-0.028714,0.0503,-0.063772
5.3249,-0.028714,-0.1780,-0.063898
5.3276,-0.028714,-0.5371,-0.064103
5.3285,-0.169890,-0.6602,-0.064175
5.3295,-0.169890,-0.7782,-0.064245
5.3304,-0.169890,-0.8953,-0.064315
5.3313,-0.169890,-1.0116,-0.064386
5.3323,-0.169890,-1.1243,-0.064456
5.3332,-0.169890,-1.2330,-0.064525
5.3344,-0.169890,-1.3717,-0.064613
5.3357,-0.169890,-1.5079,-0.064703
5.3369,-0.169890,-1.6375,-0.064790
5.3382,-0.169890,-1.7599,-0.064874
5.3394,-0.277567,-1.8746,-0.064956
5.3407,-0.277567,-1.9806,-0.065033
5.3419,-0.277567,-2.0780,-0.065107
5.3432,-0.277567,-2.1661,-0.065177
5.3444,-0.277567,-2.2445,-0.065243
5.3457,-0.277567,-2.3129,-0.065304
5.3469,-0.277567,-2.3711,-0.065359
5.3482,-0.277567,-2.4187,-0.065410
5.3494,-0.153141,-2.4555,-0.065455
5.3507,-0.153141,-2.4813,-0.065494
5.3519,-0.153141,-2.4962,-0.065528
5.3532,-0.153141,-2.4998,-0.065555
5.3544,-0.153141,-2.4924,-0.065577
5.3557,-0.153141,-2.4738,-0.065592
5.3569,-0.153141,-2.4443,-0.065601
5.3582,-0.153141,-2.4038,-0.065603
5.3594,-0.078963,-2.3526,-0.065600
5.3607,-0.078963,-2.2910,-0.065589
5.3619,-0.078963,-2.2191,-0.065573
5.3632,-0.078963,-2.1374,-0.065551
5.3644,-0.078963,-2.0462,-0.065522
5.3657,-0.078963,-1.9457,-0.065487
5.3669,-0.078963,-1.8366,-0.065447
5.3682,-0.078963,-1.7194,-0.065401
5.3694,0.043071,-1.5945,-0.065349
5.3707,0.043071,-1.4625,-0.065292
5.3719,0.043071,-1.3240,-0.065231
5.3732,0.043071,-1.1796,-0.065164
5.3744,0.043071,-1.0299,-0.065094
5.3757,0.043071,-0.8756,-0.065019
5.3788,0.043071,-0.4679,-0.064813
5.3798,-0.004786,-0.3415,-0.064747
5.3807,-0.004786,-0.2189,-0.064682
5.3816,-0.004786,-0.0960,-0.064616
5.3826,-0.004786,0.0269,-0.064549
5.3835,-0.004786,0.1501,-0.064481
5.3844,-0.004786,0.2725,-0.064412
5.3857,-0.004786,0.4384,-0.064317
5.3869,-0.004786,0.6015,-0.064223
5.3882,-0.004786,0.7620,-0.064128
5.3894,0.222533,0.9192,-0.064033
5.3907,0.222533,1.0722,-0.063939
5.3919,0.222533,1.2205,-0.063846
5.3932,0.222533,1.3633,-0.063755
5.3944,0.222533,1.5000,-0.063665
5.3957,0.222533,1.6301,-0.063578
5.3969,0.222533,1.7529,-0.063493
5.3982,0.222533,1.8679,-0.063412
5.3994,-0.258425,1.9747,-0.063334
5.4007,-0.258425,2.0725,-0.063260
5.4019,-0.258425,2.1611,-0.063190
5.4032,-0.258425,2.2402,-0.063124
5.4044,-0.258425,2.3092,-0.063063
5.4057,-0.258425,2.3680,-0.063007
5.4069,-0.258425,2.4162,-0.062956
5.4082,-0.258425,2.4536,-0.062910
5.4094,-0.258425,2.4801,-0.062871
5.4107,-0.076570,2.4956,-0.062837
5.4119,-0.076570,2.4999,-0.062809
5.4132,-0.076570,2.4931,-0.062787
5.4144,-0.076570,2.4752,-0.062772
5.4157,-0.076570,2.4463,-0.062762
5.4169,-0.076570,2.4065,-0.062760
5.4182,-0.076570,2.3560,-0.062763
5.4194,-0.076570,2.2949,-0.062773
5.4207,0.038285,2.2236,-0.062789
5.4219,0.038285,2.1424,-0.062811
5.4232,0.038285,2.0517,-0.062839
5.4244,0.038285,1.9519,-0.062873
5.4257,0.038285,1.8433,-0.062914
5.4273,0.038285,1.6905,-0.062974
5.4298,0.038285,1.4326,-0.063084
5.4307,0.033500,1.3261,-0.063131
5.4316,0.033500,1.2181,-0.063180
5.4326,0.033500,1.1088,-0.063232
5.4335,0.033500,0.9971,-0.063285
5.4344,0.033500,0.8832,-0.063340
5.4357,0.033500,0.7268,-0.063418
5.4369,0.033500,0.5657,-0.063499
5.4382,0.033500,0.4020,-0.063584
5.4394,0.033500,0.2363,-0.063672
5.4407,-0.093320,0.0700,-0.063761
5.4419,-0.093320,-0.0969,-0.063853
5.4432,-0.093320,-0.2633,-0.063946
5.4444,-0.093320,-0.4286,-0.064040
5.4457,-0.093320,-0.5919,-0.064135
5.4469,-0.093320,-0.7526,-0.064229
5.4482,-0.093320,-0.9100,-0.064324
5.4494,-0.093320,-1.0633,-0.064418
5.4507,-0.165105,-1.2119,-0.064511
5.4519,-0.165105,-1.3550,-0.064603
5.4532,-0.165105,-1.4921,-0.064692
5.4544,-0.165105,-1.6227,-0.064780
5.4557,-0.165105,-1.7459,-0.064864
5.4569,-0.165105,-1.8614,-0.064946
5.4582,-0.165105,-1.9686,-0.065024
5.4594,-0.165105,-2.0670,-0.065099
5.4607,-0.177069,-2.1563,-0.065169
5.4619,-0.177069,-2.2359,-0.065235
5.4632,-0.177069,-2.3054,-0.065297
5.4644,-0.177069,-2.3648,-0.065353
5.4657,-0.177069,-2.4136,-0.065404
5.4669,-0.177069,-2.4517,-0.065450
5.4682,-0.177069,-2.4789,-0.065490
5.4694,-0.177069,-2.4950,-0.065524
5.4707,-0.256032,-2.5000,-0.065552
5.4719,-0.256032,-2.4938,-0.065574
5.4732,-0.256032,-2.4766,-0.065590
5.4744,-0.256032,-2.4483,-0.065600
5.4757,-0.256032,-2.4091,-0.065603
5.4769,-0.256032,-2.3592,-0.065600
5.4783,-0.256032,-2.2885,-0.065589
5.4810,-0.043071,-2.1256,-0.065547
5.4819,-0.043071,-2.0563,-0.065525
5.4828,-0.043071,-1.9837,-0.065501
5.4838,-0.043071,-1.9065,-0.065473
5.4847,-0.043071,-1.8246,-0.065442
5.4857,-0.043071,-1.7336,-0.065406
5.4869,-0.043071,-1.6096,-0.065356
5.4882,-0.043071,-1.4784,-0.065299
5.4894,-0.043071,-1.3406,-0.065238
5.4907,-0.043071,-1.1969,-0.065173
5.4919,0.105284,-1.0478,-0.065102
5.4932,0.105284,-0.8940,-0.065028
5.4944,0.105284,-0.7363,-0.064950
5.4957,0.105284,-0.5753,-0.064868
5.4969,0.105284,-0.4117,-0.064784
5.4982,0.105284,-0.2463,-0.064697
5.4994,0.105284,-0.0798,-0.064607
5.5007,0.105284,0.0871,-0.064515
5.5019,0.174676,0.2535,-0.064423
5.5032,0.174676,0.4189,-0.064329
5.5044,0.174676,0.5824,-0.064234
5.5057,0.174676,0.7433,-0.064139
5.5069,0.174676,0.9008,-0.064044
5.5082,0.174676,1.0544,-0.063950
5.5094,0.174676,1.2033,-0.063857
5.5107,0.174676,1.3468,-0.063765
5.5119,0.031107,1.4843,-0.063676
5.5132,0.031107,1.6152,-0.063588
5.5144,0.031107,1.7389,-0.063503
5.5157,0.031107,1.8547,-0.063421
5.5169,0.031107,1.9624,-0.063343
5.5182,0.031107,2.0614,-0.063268
5.5194,0.031107,2.1512,-0.063198
5.5207,0.031107,2.2314,-0.063131
5.5219,-0.244068,2.3016,-0.063070
5.5232,-0.244068,2.3616,-0.063013
5.5244,-0.244068,2.4111,-0.062962
5.5257,-0.244068,2.4498,-0.062915
5.5269,-0.244068,2.4776,-0.062875
5.5282,-0.244068,2.4943,-0.062841
5.5295,-0.244068,2.5000,-0.062811
5.5322,-0.035892,2.4716,-0.062770
5.5332,-0.035892,2.4488,-0.062763
5.5341,-0.035892,2.4210,-0.062760
5.5351,-0.035892,2.3873,-0.062760
5.5360,-0.035892,2.3478,-0.062764
5.5369,-0.035892,2.3028,-0.062771
5.5382,-0.035892,2.2325,-0.062786
5.5394,-0.035892,2.1524,-0.062808
5.5407,-0.035892,2.0629,-0.062835
5.5419,-0.076570,1.9641,-0.062869
5.5432,-0.076570,1.8565,-0.062908
5.5444,-0.076570,1.7407,-0.062954
5.5457,-0.076570,1.6171,-0.063004
5.5469,-0.076570,1.4863,-0.063060
5.5482,-0.076570,1.3489,-0.063121
5.5494,-0.076570,1.2055,-0.063186
5.5507,-0.076570,1.0567,-0.063256
5.5519,0.052642,0.9032,-0.063330
5.5532,0.052642,0.7457,-0.063408
5.5544,0.052642,0.5849,-0.063490
5.5557,0.052642,0.4214,-0.063574
5.5569,0.052642,0.2561,-0.063661
5.5582,0.052642,0.0896,-0.063751
5.5594,0.052642,-0.0774,-0.063842
5.5607,0.052642,-0.2438,-0.063935
5.5619,0.004786,-0.4092,-0.064029
5.5632,0.004786,-0.5728,-0.064123
5.5644,0.004786,-0.7339,-0.064218
5.5657,0.004786,-0.8917,-0.064313
5.5669,0.004786,-1.0455,-0.064407
5.5682,0.004786,-1.1945,-0.064500
5.5694,0.004786,-1.3383,-0.064592
5.5707,0.004786,-1.4764,-0.064682
5.5719,0.004786,-1.6077,-0.064770
5.5732,-0.210568,-1.7318,-0.064855
5.5744,-0.210568,-1.8482,-0.064937
5.5757,-0.210568,-1.9564,-0.065015
5.5769,-0.210568,-2.0559,-0.065090
5.5782,-0.210568,-2.1462,-0.065161
5.5794,-0.210568,-2.2269,-0.065228
5.5807,-0.210568,-2.2979,-0.065290
5.5836,-0.239282,-2.4247,-0.065417
5.5846,-0.239282,-2.4524,-0.065451
5.5855,-0.239282,-2.4733,-0.065481
5.5864,-0.239282,-2.4882,-0.065508
5.5873,-0.239282,-2.4972,-0.065531
5.5883,-0.239282,-2.5000,-0.065552
5.5894,-0.239282,-2.4951,-0.065572
5.5907,-0.239282,-2.4792,-0.065589
5.5919,-0.239282,-2.4522,-0.065599
5.5932,-0.270389,-2.4143,-0.065603
5.5944,-0.270389,-2.3656,-0.065601
5.5957,-0.270389,-2.3064,-0.065592
5.5969,-0.270389,-2.2369,-0.065577
5.5982,-0.270389,-2.1575,-0.065556
5.5994,-0.270389,-2.0684,-0.065529
5.6007,-0.270389,-1.9701,-0.065496
5.6019,-0.270389,-1.8631,-0.065457
5.6032,-0.052642,-1.7477,-0.065412
5.6044,-0.052642,-1.6246,-0.065362
5.6057,-0.052642,-1.4942,-0.065306
5.6069,-0.052642,-1.3572,-0.065246
5.6082,-0.052642,-1.2141,-0.065180
5.6094,-0.052642,-1.0656,-0.065111
5.6107,-0.052642,-0.9124,-0.065037
5.6119,-0.052642,-0.7550,-0.064959
5.6132,0.028714,-0.5944,-0.064878
5.6144,0.028714,-0.4311,-0.064794
5.6157,0.028714,-0.2658,-0.064707
5.6169,0.028714,-0.0994,-0.064618
5.6182,0.028714,0.0674,-0.064526
5.6194,0.028714,0.2341,-0.064433
5.6207,0.028714,0.3994,-0.064340
5.6219,0.028714,0.5633,-0.064245
5.6232,0.131605,0.7245,-0.064150
5.6244,0.131605,0.8825,-0.064055
5.6257,0.131605,1.0369,-0.063961
5.6269,0.131605,1.1860,-0.063868
5.6282,0.131605,1.3302,-0.063776
5.6294,0.131605,1.4685,-0.063686
5.6307,0.131605,1.6002,-0.063598
5.6321,0.131605,1.7436,-0.063500
5.6351,0.133998,2.0046,-0.063311
5.6360,0.133998,2.0775,-0.063256
5.6369,0.133998,2.1435,-0.063204
5.6379,0.133998,2.2042,-0.063154
5.6388,0.133998,2.2596,-0.063107
5.6397,0.133998,2.3095,-0.063062
5.6407,0.133998,2.3551,-0.063019
5.6419,0.133998,2.4058,-0.062967
5.6432,-0.272782,2.4458,-0.062921
5.6444,-0.272782,2.4749,-0.062880
5.6457,-0.272782,2.4929,-0.062844
5.6469,-0.272782,2.4999,-0.062815
5.6482,-0.272782,2.4957,-0.062792
5.6494,-0.272782,2.4804,-0.062775
5.6507,-0.272782,2.4541,-0.062764
5.6519,-0.272782,2.4168,-0.062760
5.6532,-0.272782,2.3683,-0.062762
5.6544,-0.078963,2.3099,-0.062770
5.6557,-0.078963,2.2413,-0.062784
5.6569,-0.078963,2.1624,-0.062805
5.6582,-0.078963,2.0739,-0.062832
5.6594,-0.078963,1.9760,-0.062865
5.6607,-0.078963,1.8696,-0.062904
5.6619,-0.078963,1.7547,-0.062948
5.6632,-0.078963,1.6320,-0.062998
5.6644,-0.043071,1.5021,-0.063053
5.6657,-0.043071,1.3654,-0.063113
5.6669,-0.043071,1.2227,-0.063178
5.6682,-0.043071,1.0745,-0.063248
5.6694,-0.043071,0.9215,-0.063321
5.6707,-0.043071,0.7642,-0.063399
5.6719,-0.043071,0.6039,-0.063480
5.6732,-0.043071,0.4408,-0.063564
5.6744,-0.002393,0.2756,-0.063651
5.6757,-0.002393,0.1091,-0.063740
5.6769,-0.002393,-0.0577,-0.063831
5.6782,-0.002393,-0.2243,-0.063924
5.6794,-0.002393,-0.3899,-0.064018
5.6807,-0.002393,-0.5537,-0.064112
5.6819,-0.002393,-0.7151,-0.064207
5.6834,-0.002393,-0.9095,-0.064324
5.6862,-0.004786,-1.2371,-0.064527
5.6871,-0.004786,-1.3453,-0.064596
5.6880,-0.004786,-1.4477,-0.064663
5.6890,-0.004786,-1.5463,-0.064728
5.6899,-0.004786,-1.6411,-0.064792
5.6908,-0.004786,-1.7319,-0.064855
5.6919,-0.004786,-1.8351,-0.064927
5.6932,-0.004786,-1.9443,-0.065006
5.6944,-0.232104,-2.0447,-0.065082
5.6957,-0.232104,-2.1361,-0.065153
5.6969,-0.232104,-2.2179,-0.065220
5.6982,-0.232104,-2.2900,-0.065283
5.6994,-0.232104,-2.3518,-0.065340
5.7007,-0.232104,-2.4031,-0.065393
5.7019,-0.232104,-2.4437,-0.065440
5.7032,-0.232104,-2.4735,-0.065481
5.7044,-0.133998,-2.4922,-0.065517
5.7057,-0.133998,-2.4998,-0.065546
5.7069,-0.133998,-2.4963,-0.065570
5.7082,-0.133998,-2.4817,-0.065587
5.7094,-0.133998,-2.4560,-0.065598
5.7107,-0.133998,-2.4194,-0.065603
5.7119,-0.133998,-2.3719,-0.065602
5.7132,-0.133998,-2.3139,-0.065594
5.7144,-0.296710,-2.2456,-0.065580
5.7157,-0.296710,-2.1673,-0.065559
5.7169,-0.296710,-2.0794,-0.065533
5.7182,-0.296710,-1.9822,-0.065500
5.7194,-0.296710,-1.8760,-0.065462
5.7207,-0.296710,-1.7617,-0.065418
5.7219,-0.296710,-1.6395,-0.065368
5.7232,-0.296710,-1.5099,-0.065313
5.7244,-0.107677,-1.3737,-0.065253
5.7257,-0.107677,-1.2312,-0.065188
5.7269,-0.107677,-1.0833,-0.065119
5.7282,-0.107677,-0.9305,-0.065046
5.7294,-0.107677,-0.7736,-0.064968
5.7307,-0.107677,-0.6127,-0.064887
5.7319,-0.107677,-0.4488,-0.064803
5.7332,-0.107677,-0.2849,-0.064717
5.7347,0.059821,-0.0793,-0.064607
5.7372,0.059821,0.2536,-0.064423
5.7381,0.059821,0.3798,-0.064351
5.7391,0.059821,0.5011,-0.064281
5.7400,0.059821,0.6212,-0.064211
5.7409,0.059821,0.7398,-0.064141
5.7419,0.059821,0.8641,-0.064067
5.7432,0.059821,1.0186,-0.063972
5.7444,0.059821,1.1687,-0.063879
5.7457,0.311067,1.3135,-0.063787
5.7469,0.311067,1.4525,-0.063697
5.7482,0.311067,1.5850,-0.063608
5.7494,0.311067,1.7104,-0.063523
5.7507,0.311067,1.8283,-0.063440
5.7519,0.311067,1.9380,-0.063361
5.7532,0.311067,2.0390,-0.063285
5.7544,0.311067,2.1309,-0.063214
5.7557,-0.110070,2.2134,-0.063146
5.7569,-0.110070,2.2860,-0.063084
5.7582,-0.110070,2.3484,-0.063026
5.7594,-0.110070,2.4004,-0.062973
5.7607,-0.110070,2.4416,-0.062926
5.7619,-0.110070,2.4720,-0.062884
5.7632,-0.110070,2.4914,-0.062848
5.7644,-0.110070,2.4997,-0.062818
5.7657,-0.059821,2.4968,-0.062794
5.7669,-0.059821,2.4828,-0.062777
5.7682,-0.059821,2.4578,-0.062765
5.7694,-0.059821,2.4218,-0.062760
5.7707,-0.059821,2.3750,-0.062761
5.7719,-0.059821,2.3176,-0.062768
5.7732,-0.059821,2.2499,-0.062782
5.7744,-0.059821,2.1722,-0.062802
5.7757,-0.220140,2.0848,-0.062828
5.7769,-0.220140,1.9881,-0.062861
5.7782,-0.220140,1.8825,-0.062899
5.7794,-0.220140,1.7686,-0.062942
5.7807,-0.220140,1.6468,-0.062992
5.7819,-0.220140,1.5176,-0.063046
5.7832,-0.220140,1.3818,-0.063106
5.7844,-0.220140,1.2397,-0.063171
5.7859,-0.035892,1.0670,-0.063251
5.7881,-0.035892,0.7862,-0.063388
5.7891,-0.035892,0.6650,-0.063449
5.7900,-0.035892,0.5455,-0.063510
5.7909,-0.035892,0.4246,-0.063572
5.7919,-0.035892,0.2950,-0.063640
5.7932,-0.035892,0.1288,-0.063729
5.7944,-0.035892,-0.0380,-0.063820
5.7957,-0.126820,-0.2047,-0.063913
5.7969,-0.126820,-0.3704,-0.064007
5.7982,-0.126820,-0.5346,-0.064101
5.7994,-0.126820,-0.6965,-0.064196
5.8007,-0.126820,-0.8549,-0.064291
5.8019,-0.126820,-1.0097,-0.064385
5.8032,-0.126820,-1.1600,-0.064478
5.8044,-0.126820,-1.3052,-0.064571
5.8057,-0.126820,-1.4445,-0.064661
5.8069,0.081356,-1.5774,-0.064749
5.8082,0.081356,-1.7033,-0.064835
5.8094,0.081356,-1.8216,-0.064918
5.8107,0.081356,-1.9317,-0.064997
5.8119,0.081356,-2.0333,-0.065073
5.8132,0.081356,-2.1258,-0.065145
5.8144,0.081356,-2.2088,-0.065213
5.8157,0.081356,-2.2820,-0.065276
5.8169,-0.246461,-2.3451,-0.065334
5.8182,-0.246461,-2.3976,-0.065387
5.8194,-0.246461,-2.4395,-0.065434
5.8207,-0.246461,-2.4705,-0.065476
5.8219,-0.246461,-2.4906,-0.065513
5.8232,-0.246461,-2.4995,-0.065543
5.8244,-0.246461,-2.4973,-0.065567
5.8257,-0.246461,-2.4840,-0.065585
5.8269,-0.023928,-2.4595,-0.065597
5.8282,-0.023928,-2.4242,-0.065603
5.8294,-0.023928,-2.3780,-0.065602
5.8307,-0.023928,-2.3211,-0.065595
5.8319,-0.023928,-2.2541,-0.065582
5.8332,-0.023928,-2.1770,-0.065562
5.8344,-0.023928,-2.0902,-0.065536
5.8357,-0.023928,-1.9940,-0.065504
5.8369,-0.380459,-1.8852,-0.065465
5.8405,-0.380459,-1.5454,-0.065328
5.8414,-0.380459,-1.4398,-0.065283
5.8424,-0.380459,-1.3372,-0.065237
5.8433,-0.380459,-1.2312,-0.065188
5.8442,-0.380459,-1.1224,-0.065138
5.8451,-0.380459,-1.0111,-0.065085
5.8461,-0.380459,-0.8974,-0.065030
5.8470,-0.064606,-0.7814,-0.064972
5.8482,-0.064606,-0.6322,-0.064897
5.8494,-0.064606,-0.4697,-0.064814
5.8507,-0.064606,-0.3048,-0.064728
5.8519,-0.064606,-0.1386,-0.064639
5.8532,-0.064606,0.0282,-0.064548
5.8544,-0.064606,0.1949,-0.064456
5.8557,-0.064606,0.3607,-0.064362
5.8569,-0.026321,0.5250,-0.064267
5.8582,-0.026321,0.6868,-0.064172
5.8594,-0.026321,0.8459,-0.064077
5.8607,-0.026321,1.0007,-0.063983
5.8619,-0.026321,1.1513,-0.063890
5.8632,-0.026321,1.2968,-0.063798
5.8644,-0.026321,1.4365,-0.063707
5.8657,-0.026321,1.5698,-0.063619
5.8669,0.200997,1.6961,-0.063533
5.8682,0.200997,1.8148,-0.063450
5.8694,0.200997,1.9255,-0.063370
5.8707,0.200997,2.0275,-0.063294
5.8719,0.200997,2.1206,-0.063222
5.8732,0.200997,2.2042,-0.063154
5.8744,0.200997,2.2780,-0.063091
5.8757,0.200997,2.3416,-0.063032
5.8769,0.241675,2.3948,-0.062979
5.8782,0.241675,2.4374,-0.062931
5.8794,0.241675,2.4690,-0.062889
5.8807,0.241675,2.4897,-0.062852
5.8819,0.241675,2.4993,-0.062821
5.8832,0.241675,2.4977,-0.062797
5.8844,0.241675,2.4850,-0.062778
5.8857,0.241675,2.4613,-0.062766
5.8869,0.241675,2.4266,-0.062760
5.8882,-0.483350,2.3810,-0.062761
5.8908,-0.483350,2.2477,-0.062783
5.8918,-0.483350,2.1896,-0.062797
5.8927,-0.483350,2.1273,-0.062815
5.8936,-0.483350,2.0601,-0.062836
5.8946,-0.483350,1.9878,-0.062861
5.8957,-0.483350,1.8954,-0.062894
5.8969,-0.483350,1.7825,-0.062937
5.8982,0.052642,1.6616,-0.062986
5.8994,0.052642,1.5331,-0.063040
5.9007,0.052642,1.3981,-0.063099
5.9019,0.052642,1.2567,-0.063163
5.9032,0.052642,1.1098,-0.063231
5.9044,0.052642,0.9579,-0.063304
5.9057,0.052642,0.8017,-0.063380
5.9069,0.052642,0.6420,-0.063461
5.9082,0.002393,0.4793,-0.063544
5.9094,0.002393,0.3146,-0.063630
5.9107,0.002393,0.1484,-0.063719
5.9119,0.002393,-0.0184,-0.063809
5.9132,0.002393,-0.1851,-0.063902
5.9144,0.002393,-0.3510,-0.063995
5.9157,0.002393,-0.5154,-0.064090
5.9169,0.002393,-0.6774,-0.064185
5.9182,0.043071,-0.8364,-0.064280
5.9194,0.043071,-0.9917,-0.064374
5.9207,0.043071,-1.1426,-0.064468
5.9219,0.043071,-1.2884,-0.064560
5.9232,0.043071,-1.4284,-0.064650
5.9244,0.043071,-1.5621,-0.064739
5.9257,0.043071,-1.6888,-0.064825
5.9269,0.043071,-1.8080,-0.064908
5.9282,-0.112463,-1.9191,-0.064988
5.9294,-0.112463,-2.0231,-0.065065
5.9307,-0.112463,-2.1156,-0.065137
5.9319,-0.112463,-2.1997,-0.065205
5.9332,-0.112463,-2.2739,-0.065268
5.9344,-0.112463,-2.3382,-0.065327
5.9357,-0.112463,-2.3920,-0.065381
5.9369,-0.112463,-2.4352,-0.065429
5.9382,-0.150748,-2.4675,-0.065472
5.9394,-0.150748,-2.4888,-0.065509
5.9424,-0.150748,-2.4947,-0.065573
5.9433,-0.150748,-2.4832,-0.065586
5.9443,-0.150748,-2.4659,-0.065595
5.9452,-0.150748,-2.4427,-0.065601
5.9461,-0.150748,-2.4136,-0.065603
5.9470,-0.150748,-2.3786,-0.065602
5.9482,-0.440279,-2.3285,-0.065596
5.9494,-0.440279,-2.2626,-0.065583
5.9507,-0.440279,-2.1866,-0.065565
5.9519,-0.440279,-2.1009,-0.065539
5.9532,-0.440279,-2.0058,-0.065508
5.9544,-0.440279,-1.9018,-0.065471
5.9557,-0.440279,-1.7893,-0.065428
5.9569,-0.440279,-1.6689,-0.065380
5.9582,-0.212961,-1.5410,-0.065326
5.9594,-0.212961,-1.4063,-0.065268
5.9607,-0.212961,-1.2652,-0.065204
5.9619,-0.212961,-1.1186,-0.065136
5.9632,-0.212961,-0.9669,-0.065063
5.9644,-0.212961,-0.8110,-0.064987
5.9657,-0.212961,-0.6514,-0.064907
5.9669,-0.212961,-0.4890,-0.064824
5.9682,-0.212961,-0.3243,-0.064738
5.9694,0.122034,-0.1582,-0.064649
5.9707,0.122034,0.0085,-0.064559
5.9719,0.122034,0.1753,-0.064466
5.9732,0.122034,0.3413,-0.064373
5.9744,0.122034,0.5057,-0.064278
5.9757,0.122034,0.6680,-0.064184
5.9769,0.122034,0.8271,-0.064089
5.9782,0.122034,0.9827,-0.063994
5.9794,0.028714,1.1340,-0.063901
5.9807,0.028714,1.2799,-0.063808
5.9819,0.028714,1.4204,-0.063718
5.9832,0.028714,1.5545,-0.063629
5.9844,0.028714,1.6816,-0.063543
5.9857,0.028714,1.8013,-0.063459
5.9869,0.028714,1.9129,-0.063379
5.9882,0.028714,2.0160,-0.063303
5.9894,0.342174,2.1101,-0.063230
5.9907,0.342174,2.1960,-0.063161
5.9936,0.342174,2.3561,-0.063018
5.9946,0.342174,2.3957,-0.062978
5.9955,0.342174,2.4282,-0.062942
5.9964,0.342174,2.4545,-0.062909
5.9973,0.342174,2.4749,-0.062880
5.9983,0.342174,2.4892,-0.062853
5.9994,-0.064606,2.4987,-0.062825
6.0007,-0.064606,2.4985,-0.062799
6.0019,-0.064606,2.4871,-0.062780
6.0032,-0.064606,2.4647,-0.062767
6.0044,-0.064606,2.4312,-0.062760
6.0057,-0.064606,2.3870,-0.062760
6.0069,-0.064606,2.3321,-0.062766
6.0082,-0.064606,2.2668,-0.062778
6.0094,-0.244068,2.1914,-0.062797
6.0107,-0.244068,2.1062,-0.062822
6.0119,-0.244068,2.0117,-0.062853
6.0132,-0.244068,1.9082,-0.062889
6.0144,-0.244068,1.7962,-0.062932
6.0157,-0.244068,1.6762,-0.062980
6.0169,-0.244068,1.5488,-0.063033
6.0182,-0.244068,1.4144,-0.063092
6.0194,-0.119641,1.2735,-0.063155
6.0207,-0.119641,1.1274,-0.063223
6.0219,-0.119641,0.9760,-0.063295
6.0232,-0.119641,0.8203,-0.063371
6.0244,-0.119641,0.6609,-0.063451
6.0257,-0.119641,0.4986,-0.063534
6.0269,-0.119641,0.3341,-0.063620
6.0282,-0.119641,0.1681,-0.063708
6.0294,-0.028714,0.0013,-0.063799
6.0307,-0.028714,-0.1656,-0.063891
6.0319,-0.028714,-0.3318,-0.063985
6.0332,-0.028714,-0.4962,-0.064079
6.0344,-0.028714,-0.6585,-0.064174
6.0357,-0.028714,-0.8179,-0.064268
6.0369,-0.028714,-0.9737,-0.064363
6.0382,-0.028714,-1.1251,-0.064457
6.0394,-0.035892,-1.2715,-0.064549
6.0407,-0.035892,-1.4123,-0.064640
6.0441,-0.035892,-1.7623,-0.064876
6.0450,-0.035892,-1.8523,-0.064940
6.0460,-0.035892,-1.9329,-0.064998
6.0469,-0.035892,-2.0086,-0.065054
6.0478,-0.035892,-2.0794,-0.065109
6.0487,-0.035892,-2.1452,-0.065160
6.0496,-0.047856,-2.2057,-0.065210
6.0507,-0.047856,-2.2657,-0.065261
6.0519,-0.047856,-2.3312,-0.065321
6.0532,-0.047856,-2.3862,-0.065375
6.0544,-0.047856,-2.4306,-0.065424
6.0557,-0.047856,-2.4642,-0.065467
6.0569,-0.047856,-2.4869,-0.065505
6.0582,-0.047856,-2.4984,-0.065536
6.0594,-0.047856,-2.4988,-0.065562
6.0607,-0.145962,-2.4881,-0.065582
6.0619,-0.145962,-2.4663,-0.065595
6.0632,-0.145962,-2.4335,-0.065602
6.0644,-0.145962,-2.3898,-0.065603
6.0657,-0.145962,-2.3356,-0.065597
6.0669,-0.145962,-2.2709,-0.065585
6.0682,-0.145962,-2.1961,-0.065567
6.0694,-0.145962,-2.1115,-0.065543
6.0707,-0.370888,-2.0175,-0.065512
6.0719,-0.370888,-1.9145,-0.065476
6.0732,-0.370888,-1.8030,-0.065434
6.0744,-0.370888,-1.6835,-0.065386
6.0757,-0.370888,-1.5564,-0.065333
6.0769,-0.370888,-1.4224,-0.065275
6.0782,-0.370888,-1.2821,-0.065212
6.0794,-0.370888,-1.1359,-0.065144
6.0807,-0.119641,-0.9851,-0.065072
6.0819,-0.119641,-0.8295,-0.064996
6.0832,-0.119641,-0.6696,-0.064916
6.0844,-0.119641,-0.5081,-0.064834
6.0857,-0.119641,-0.3438,-0.064748
6.0869,-0.119641,-0.1778,-0.064660
6.0882,-0.119641,-0.0101,-0.064569
6.0894,-0.119641,0.1576,-0.064476
6.0907,-0.057428,0.3232,-0.064383
6.0919,-0.057428,0.4866,-0.064290
6.0949,-0.057428,0.8714,-0.064062
6.0959,-0.057428,0.9920,-0.063989
6.0968,-0.057428,1.1040,-0.063919
6.0977,-0.057428,1.2133,-0.063851
6.0986,-0.057428,1.3194,-0.063783
6.0996,-0.057428,1.4224,-0.063716
6.1007,0.294317,1.5391,-0.063639
6.1019,0.294317,1.6670,-0.063553
6.1032,0.294317,1.7876,-0.063469
6.1044,0.294317,1.9002,-0.063389
6.1057,0.294317,2.0043,-0.063312
6.1069,0.294317,2.0997,-0.063238
6.1082,0.294317,2.1854,-0.063170
6.1094,0.294317,2.2615,-0.063105
6.1107,0.138784,2.3276,-0.063046
6.1119,0.138784,2.3833,-0.062991
6.1132,0.138784,2.4283,-0.062942
6.1144,0.138784,2.4626,-0.062898
6.1157,0.138784,2.4858,-0.062860
6.1169,0.138784,2.4980,-0.062828
6.1182,0.138784,2.4991,-0.062802
6.1194,0.138784,2.4890,-0.062782
6.1207,-0.184247,2.4679,-0.062768
6.1219,-0.184247,2.4357,-0.062761
6.1232,-0.184247,2.3927,-0.062760
6.1244,-0.184247,2.3391,-0.062765
6.1257,-0.184247,2.2750,-0.062777
6.1269,-0.184247,2.2008,-0.062795
6.1282,-0.184247,2.1167,-0.062819
6.1294,-0.184247,2.0233,-0.062849
6.1307,-0.184247,1.9207,-0.062885
6.1319,-0.150748,1.8096,-0.062926
6.1332,-0.150748,1.6907,-0.062974
6.1344,-0.150748,1.5641,-0.063027
6.1357,-0.150748,1.4305,-0.063084
6.1369,-0.150748,1.2905,-0.063147
6.1382,-0.150748,1.1448,-0.063215
6.1394,-0.150748,0.9940,-0.063286
6.1407,-0.150748,0.8387,-0.063362
6.1419,-0.095713,0.6798,-0.063441
6.1432,-0.095713,0.5178,-0.063524
6.1461,-0.095713,0.1305,-0.063728
6.1470,-0.095713,0.0034,-0.063798
6.1480,-0.095713,-0.1199,-0.063865
6.1489,-0.095713,-0.2426,-0.063934
6.1498,-0.095713,-0.3648,-0.064003
6.1507,-0.095713,-0.4860,-0.064073
6.1519,0.047856,-0.6397,-0.064163
6.1532,0.047856,-0.8006,-0.064258
6.1544,0.047856,-0.9564,-0.064352
6.1557,0.047856,-1.1077,-0.064446
6.1569,0.047856,-1.2546,-0.064538
6.1582,0.047856,-1.3960,-0.064629
6.1594,0.047856,-1.5315,-0.064718
6.1607,0.047856,-1.6597,-0.064805
6.1619,-0.047856,-1.7807,-0.064889
6.1632,-0.047856,-1.8938,-0.064970
6.1644,-0.047856,-1.9985,-0.065047
6.1657,-0.047856,-2.0942,-0.065120
6.1669,-0.047856,-2.1806,-0.065189
6.1682,-0.047856,-2.2573,-0.065254
6.1694,-0.047856,-2.3240,-0.065314
6.1707,-0.047856,-2.3803,-0.065369
6.1719,-0.086142,-2.4260,-0.065418
6.1732,-0.086142,-2.4609,-0.065462
6.1744,-0.086142,-2.4848,-0.065501
6.1757,-0.086142,-2.4976,-0.065533
6.1769,-0.086142,-2.4993,-0.065559
6.1782,-0.086142,-2.4899,-0.065580
6.1794,-0.086142,-2.4694,-0.065594
6.1807,-0.086142,-2.4379,-0.065602
6.1819,-0.502493,-2.3955,-0.065603
6.1832,-0.502493,-2.3425,-0.065598
6.1844,-0.502493,-2.2791,-0.065587
6.1857,-0.502493,-2.2054,-0.065570
6.1869,-0.502493,-2.1219,-0.065546
6.1882,-0.502493,-2.0290,-0.065516
6.1894,-0.502493,-1.9271,-0.065481
6.1907,-0.502493,-1.8166,-0.065439
6.1919,0.466600,-1.6979,-0.065392
6.1932,0.466600,-1.5715,-0.065339
6.1948,0.466600,-1.3963,-0.065263
6.1975,0.466600,-1.0838,-0.065119
6.1984,0.466600,-0.9676,-0.065064
6.1994,0.466600,-0.8528,-0.065008
6.2003,0.466600,-0.7362,-0.064950
6.2012,0.466600,-0.6181,-0.064890
6.2021,-0.330210,-0.4984,-0.064829
6.2032,-0.330210,-0.3633,-0.064758
6.2044,-0.330210,-0.1975,-0.064670
6.2057,-0.330210,-0.0309,-0.064580
6.2069,-0.330210,0.1359,-0.064488
6.2082,-0.330210,0.3024,-0.064395
6.2094,-0.330210,0.4672,-0.064301
6.2107,-0.330210,0.6300,-0.064206
6.2119,-0.330210,0.7900,-0.064111
6.2132,-0.251246,0.9465,-0.064016
6.2144,-0.251246,1.0987,-0.063923
6.2157,-0.251246,1.2461,-0.063830
6.2169,-0.251246,1.3879,-0.063739
6.2182,-0.251246,1.5235,-0.063650
6.2194,-0.251246,1.6525,-0.063563
6.2207,-0.251246,1.7738,-0.063479
6.2219,-0.251246,1.8874,-0.063398
6.2232,-0.043071,1.9925,-0.063321
6.2244,-0.043071,2.0888,-0.063247
6.2257,-0.043071,2.1758,-0.063178
6.2269,-0.043071,2.2531,-0.063113
6.2282,-0.043071,2.3203,-0.063052
6.2294,-0.043071,2.3773,-0.062997
6.2307,-0.043071,2.4237,-0.062947
6.2319,-0.043071,2.4591,-0.062903
6.2332,0.325424,2.4837,-0.062864
6.2344,0.325424,2.4972,-0.062832
6.2357,0.325424,2.4995,-0.062805
6.2369,0.325424,2.4908,-0.062784
6.2382,0.325424,2.4709,-0.062770
6.2394,0.325424,2.4401,-0.062761
6.2407,0.325424,2.3983,-0.062760
6.2419,0.325424,2.3459,-0.062764
6.2432,0.009571,2.2830,-0.062775
6.2444,0.009571,2.2100,-0.062792
6.2459,0.009571,2.1094,-0.062821
6.2498,0.009571,1.7858,-0.062936
6.2508,0.009571,1.6918,-0.062973
6.2517,0.009571,1.5989,-0.063012
6.2526,0.009571,1.5022,-0.063053
6.2536,-0.057428,1.4020,-0.063097
6.2545,-0.057428,1.2985,-0.063144
6.2554,-0.057428,1.1918,-0.063193
6.2563,-0.057428,1.0823,-0.063244
6.2572,-0.057428,0.9702,-0.063298
6.2582,-0.057428,0.8557,-0.063354
6.2594,-0.057428,0.6984,-0.063432
6.2607,-0.057428,0.5370,-0.063514
6.2619,-0.057428,0.3729,-0.063599
6.2632,-0.267996,0.2072,-0.063687
6.2644,-0.267996,0.0405,-0.063777
6.2657,-0.267996,-0.1263,-0.063869
6.2669,-0.267996,-0.2926,-0.063962
6.2682,-0.267996,-0.4576,-0.064057
6.2694,-0.267996,-0.6205,-0.064151
6.2707,-0.267996,-0.7807,-0.064246
6.2719,-0.267996,-0.9373,-0.064341
6.2732,-0.141177,-1.0899,-0.064435
6.2744,-0.141177,-1.2376,-0.064527
6.2757,-0.141177,-1.3797,-0.064619
6.2769,-0.141177,-1.5157,-0.064708
6.2782,-0.141177,-1.6449,-0.064795
6.2794,-0.141177,-1.7669,-0.064879
6.2807,-0.141177,-1.8809,-0.064960
6.2819,-0.141177,-1.9866,-0.065038
6.2832,-0.141177,-2.0834,-0.065112
6.2844,-0.081356,-2.1709,-0.065181
6.2857,-0.081356,-2.2488,-0.065246
6.2869,-0.081356,-2.3166,-0.065307
6.2882,-0.081356,-2.3742,-0.065362
6.2894,-0.081356,-2.4211,-0.065413
6.2907,-0.081356,-2.4573,-0.065457
6.2919,-0.081356,-2.4825,-0.065496
6.2932,-0.081356,-2.4967,-0.065530
6.2944,-0.081356,-2.4997,-0.065557
6.2957,-0.081356,-2.4916,-0.065578
6.2972,-0.081356,-2.4667,-0.065595
6.3003,-0.081356,-2.3629,-0.065601
6.3013,-0.081356,-2.3184,-0.065594
6.3022,-0.081356,-2.2694,-0.065585
6.3031,-0.081356,-2.2150,-0.065572
6.3041,0.215354,-2.1543,-0.065555
6.3050,0.215354,-2.0893,-0.065536
6.3059,0.215354,-2.0193,-0.065513
6.3069,0.215354,-1.9395,-0.065485
6.3082,0.215354,-1.8300,-0.065444
6.3094,0.215354,-1.7123,-0.065398
6.3107,0.215354,-1.5870,-0.065346
6.3119,0.215354,-1.4546,-0.065289
6.3132,0.215354,-1.3157,-0.065227
6.3144,-0.198604,-1.1709,-0.065160
6.3157,-0.198604,-1.0210,-0.065089
6.3169,-0.198604,-0.8665,-0.065014
6.3182,-0.198604,-0.7081,-0.064936
6.3194,-0.198604,-0.5465,-0.064854
6.3207,-0.198604,-0.3826,-0.064769
6.3219,-0.198604,-0.2170,-0.064681
6.3232,-0.198604,-0.0503,-0.064591
6.3244,-0.303888,0.1165,-0.064499
6.3257,-0.303888,0.2829,-0.064406
6.3269,-0.303888,0.4479,-0.064312
6.3282,-0.303888,0.6110,-0.064217
6.3294,-0.303888,0.7714,-0.064122
6.3307,-0.303888,0.9283,-0.064028
6.3319,-0.303888,1.0812,-0.063934
6.3332,-0.303888,1.2290,-0.063841
6.3344,-0.114855,1.3715,-0.063749
6.3357,-0.114855,1.5078,-0.063660
6.3369,-0.114855,1.6375,-0.063573
6.3382,-0.114855,1.7599,-0.063489
6.3394,-0.114855,1.8746,-0.063407
6.3407,-0.114855,1.9807,-0.063329
6.3419,-0.114855,2.0780,-0.063255
6.3432,-0.114855,2.1689,-0.063183
6.3444,0.011964,2.2444,-0.063120
6.3457,0.011964,2.3132,-0.063059
6.3469,0.011964,2.3712,-0.063003
6.3482,0.011964,2.4187,-0.062953
6.3494,0.011964,2.4557,-0.062908
6.3523,0.011964,2.4984,-0.062826
6.3534,0.011964,2.4994,-0.062804
6.3544,0.227318,2.4924,-0.062786
6.3554,0.227318,2.4783,-0.062773
6.3564,0.227318,2.4583,-0.062765
6.3573,0.227318,2.4330,-0.062761
6.3582,0.227318,2.4018,-0.062760
6.3594,0.227318,2.3525,-0.062763
6.3607,0.227318,2.2910,-0.062773
6.3619,0.227318,2.2191,-0.062790
6.3632,0.227318,2.1374,-0.062812
6.3644,0.227318,2.0462,-0.062841
6.3657,0.035892,1.9458,-0.062876
6.3669,0.035892,1.8368,-0.062916
6.3682,0.035892,1.7194,-0.062962
6.3694,0.035892,1.5945,-0.063014
6.3707,0.035892,1.4626,-0.063070
6.3719,0.035892,1.3240,-0.063132
6.3732,0.035892,1.1796,-0.063198
6.3744,0.035892,1.0300,-0.063269
6.3757,0.043071,0.8758,-0.063344
6.3769,0.043071,0.7177,-0.063422
6.3782,0.043071,0.5563,-0.063504
6.3794,0.043071,0.3921,-0.063589
6.3807,0.043071,0.2267,-0.063677
6.3819,0.043071,0.0602,-0.063767
6.3832,0.043071,-0.1067,-0.063858
6.3844,0.043071,-0.2731,-0.063951
6.3857,-0.284746,-0.4383,-0.064045
6.3869,-0.284746,-0.6015,-0.064140
6.3882,-0.284746,-0.7620,-0.064235
6.3894,-0.284746,-0.9191,-0.064330
6.3907,-0.284746,-1.0726,-0.064424
6.3919,-0.284746,-1.2205,-0.064517
6.3932,-0.284746,-1.3633,-0.064608
6.3944,-0.284746,-1.5001,-0.064698
6.3957,-0.043071,-1.6302,-0.064785
6.3969,-0.043071,-1.7530,-0.064869
6.3982,-0.043071,-1.8680,-0.064951
6.3994,-0.043071,-1.9746,-0.065029
6.4007,-0.043071,-2.0728,-0.065103
6.4032,-0.043071,-2.2405,-0.065239
6.4041,-0.043071,-2.2955,-0.065288
6.4051,-0.043071,-2.3416,-0.065330
6.4060,-0.177069,-2.3819,-0.065370
6.4069,-0.177069,-2.4164,-0.065407
6.4082,-0.177069,-2.4537,-0.065452
6.4094,-0.177069,-2.4801,-0.065492
6.4107,-0.177069,-2.4956,-0.065526
6.4119,-0.177069,-2.4999,-0.065554
6.4132,-0.177069,-2.4931,-0.065576
6.4144,-0.177069,-2.4752,-0.065591
6.4157,-0.296710,-2.4463,-0.065600
6.4169,-0.296710,-2.4065,-0.065603
6.4182,-0.296710,-2.3559,-0.065600
6.4194,-0.296710,-2.2948,-0.065590
6.4207,-0.296710,-2.2236,-0.065574
6.4219,-0.296710,-2.1424,-0.065552
6.4232,-0.296710,-2.0517,-0.065524
6.4244,-0.296710,-1.9519,-0.065489
6.4257,0.234497,-1.8433,-0.065449
6.4269,0.234497,-1.7265,-0.065404
6.4282,0.234497,-1.6021,-0.065352
6.4294,0.234497,-1.4705,-0.065296
6.4307,0.234497,-1.3323,-0.065235
6.4319,0.234497,-1.1880,-0.065168
6.4332,0.234497,-1.0388,-0.065098
6.4344,0.234497,-0.8848,-0.065023
6.4357,-0.193819,-0.7269,-0.064945
6.4369,-0.193819,-0.5657,-0.064863
6.4382,-0.193819,-0.4020,-0.064779
6.4394,-0.193819,-0.2363,-0.064691
6.4407,-0.193819,-0.0701,-0.064602
6.4419,-0.193819,0.0969,-0.064510
6.4432,-0.193819,0.2634,-0.064417
6.4444,-0.193819,0.4286,-0.064323
6.4457,-0.193819,0.5920,-0.064228
6.4469,-0.234497,0.7527,-0.064133
6.4482,-0.234497,0.9100,-0.064039
6.4494,-0.234497,1.0634,-0.063945
6.4507,-0.234497,1.2119,-0.063852
6.4519,-0.234497,1.3557,-0.063760
6.4542,-0.234497,1.6016,-0.063597
6.4551,-0.234497,1.6960,-0.063533
6.4561,-0.349352,1.7865,-0.063470
6.4570,-0.349352,1.8704,-0.063410
6.4582,-0.349352,1.9686,-0.063338
6.4594,-0.349352,2.0671,-0.063264
6.4607,-0.349352,2.1562,-0.063193
6.4619,-0.349352,2.2358,-0.063127
6.4632,-0.349352,2.3055,-0.063066
6.4644,-0.349352,2.3648,-0.063010
6.4657,-0.349352,2.4136,-0.062959
6.4669,0.425922,2.4517,-0.062913
6.4682,0.425922,2.4789,-0.062873
6.4694,0.425922,2.4950,-0.062839
6.4707,0.425922,2.5000,-0.062811
6.4719,0.425922,2.4938,-0.062788
6.4732,0.425922,2.4766,-0.062772
6.4744,0.425922,2.4483,-0.062763
6.4757,0.425922,2.4091,-0.062760
6.4769,0.031107,2.3592,-0.062763
6.4782,0.031107,2.2988,-0.062772
6.4794,0.031107,2.2281,-0.062788
6.4807,0.031107,2.1475,-0.062809
6.4819,0.031107,2.0573,-0.062837
6.4832,0.031107,1.9580,-0.062871
6.4844,0.031107,1.8499,-0.062911
6.4857,0.031107,1.7336,-0.062956
6.4869,0.153141,1.6096,-0.063007
6.4882,0.153141,1.4784,-0.063063
6.4894,0.153141,1.3406,-0.063125
6.4907,0.153141,1.1969,-0.063190
6.4919,0.153141,1.0479,-0.063260
6.4932,0.153141,0.8940,-0.063335
6.4944,0.153141,0.7363,-0.063413
6.4957,0.153141,0.5752,-0.063495
6.4969,-0.169890,0.4117,-0.063579
6.4982,-0.169890,0.2463,-0.063666
6.4994,-0.169890,0.0798,-0.063756
6.5007,-0.169890,-0.0871,-0.063847
6.5019,-0.169890,-0.2536,-0.063940
6.5032,-0.169890,-0.4209,-0.064035
6.5054,-0.169890,-0.7165,-0.064208
6.5064,-0.169890,-0.8354,-0.064279
6.5073,0.100499,-0.9508,-0.064349
6.5082,0.100499,-1.0631,-0.064418
6.5094,0.100499,-1.2033,-0.064506
6.5107,0.100499,-1.3468,-0.064597
6.5119,0.100499,-1.4843,-0.064687
6.5132,0.100499,-1.6152,-0.064775
6.5144,0.100499,-1.7389,-0.064860
6.5157,0.100499,-1.8548,-0.064941
6.5169,-0.382852,-1.9625,-0.065020
6.5182,-0.382852,-2.0614,-0.065095
6.5194,-0.382852,-2.1512,-0.065165
6.5207,-0.382852,-2.2314,-0.065232
6.5219,-0.382852,-2.3016,-0.065293
6.5232,-0.382852,-2.3616,-0.065350
6.5244,-0.382852,-2.4111,-0.065401
6.5257,-0.382852,-2.4498,-0.065447
6.5269,-0.382852,-2.4776,-0.065488
6.5282,-0.062213,-2.4943,-0.065522
6.5294,-0.062213,-2.5000,-0.065551
6.5307,-0.062213,-2.4945,-0.065573
6.5319,-0.062213,-2.4779,-0.065590
6.5332,-0.062213,-2.4503,-0.065600
6.5344,-0.062213,-2.4117,-0.065603
6.5357,-0.062213,-2.3624,-0.065601
6.5369,-0.062213,-2.3026,-0.065592
6.5382,-0.165105,-2.2325,-0.065576
6.5394,-0.165105,-2.1524,-0.065555
6.5407,-0.165105,-2.0630,-0.065527
6.5419,-0.165105,-1.9642,-0.065494
6.5432,-0.165105,-1.8566,-0.065454
6.5444,-0.165105,-1.7402,-0.065409
6.5457,-0.165105,-1.6171,-0.065359
6.5469,-0.165105,-1.4863,-0.065303
6.5482,0.019143,-1.3489,-0.065242
6.5494,0.019143,-1.2055,-0.065176
6.5507,0.019143,-1.0567,-0.065107
6.5519,0.019143,-0.9032,-0.065032
6.5532,0.019143,-0.7456,-0.064955
6.5566,0.019143,-0.2908,-0.064720
6.5576,-0.473779,-0.1616,-0.064651
6.5585,-0.473779,-0.0383,-0.064584
6.5595,-0.473779,0.0849,-0.064517
6.5604,-0.473779,0.2079,-0.064448
6.5613,-0.473779,0.3302,-0.064379
6.5622,-0.473779,0.4518,-0.064310
6.5631,-0.473779,0.5721,-0.064240
6.5644,-0.473779,0.7340,-0.064144
6.5657,-0.473779,0.8917,-0.064050
6.5669,-0.473779,1.0455,-0.063956
6.5682,0.239282,1.1947,-0.063863
6.5694,0.239282,1.3385,-0.063771
6.5707,0.239282,1.4764,-0.063681
6.5719,0.239282,1.6077,-0.063593
6.5732,0.239282,1.7318,-0.063508
6.5744,0.239282,1.8482,-0.063426
6.5757,0.239282,1.9564,-0.063347
6.5769,0.239282,2.0559,-0.063272
6.5782,-0.141177,2.1462,-0.063202
6.5794,-0.141177,2.2270,-0.063135
6.5807,-0.141177,2.2978,-0.063073
6.5819,-0.141177,2.3584,-0.063016
6.5832,-0.141177,2.4084,-0.062964
6.5844,-0.141177,2.4478,-0.062918
6.5857,-0.141177,2.4762,-0.062877
6.5869,-0.141177,2.4937,-0.062842
6.5882,0.112463,2.5000,-0.062814
6.5894,0.112463,2.4951,-0.062791
6.5907,0.112463,2.4792,-0.062774
6.5919,0.112463,2.4522,-0.062764
6.5932,0.112463,2.4143,-0.062760
6.5944,0.112463,2.3657,-0.062762
6.5957,0.112463,2.3064,-0.062770
6.5969,0.112463,2.2369,-0.062785
6.5982,-0.011964,2.1575,-0.062806
6.5994,-0.011964,2.0684,-0.062834
6.6007,-0.011964,1.9701,-0.062867
6.6019,-0.011964,1.8631,-0.062906
6.6032,-0.011964,1.7477,-0.062951
6.6044,-0.011964,1.6246,-0.063001
6.6081,-0.011964,1.2202,-0.063179
6.6091,0.272782,1.1052,-0.063233
6.6100,0.272782,0.9931,-0.063287
6.6109,0.272782,0.8789,-0.063342
6.6118,0.272782,0.7626,-0.063400
6.6128,0.272782,0.6446,-0.063459
6.6137,0.272782,0.5249,-0.063520
6.6146,0.272782,0.4041,-0.063583
6.6157,0.272782,0.2657,-0.063656
6.6169,0.272782,0.0994,-0.063745
6.6182,0.272782,-0.0676,-0.063837
6.6194,-0.251246,-0.2342,-0.063929
6.6207,-0.251246,-0.3995,-0.064023
6.6219,-0.251246,-0.5633,-0.064118
6.6232,-0.251246,-0.7245,-0.064213
6.6244,-0.251246,-0.8826,-0.064307
6.6257,-0.251246,-1.0366,-0.064402
6.6269,-0.251246,-1.1860,-0.064495
6.6282,-0.251246,-1.3302,-0.064587
6.6294,-0.138784,-1.4684,-0.064677
6.6307,-0.138784,-1.6003,-0.064765
6.6319,-0.138784,-1.7249,-0.064850
6.6332,-0.138784,-1.8416,-0.064932
6.6344,-0.138784,-1.9503,-0.065011
6.6357,-0.138784,-2.0503,-0.065086
6.6369,-0.138784,-2.1412,-0.065157
6.6382,-0.138784,-2.2225,-0.065224
6.6394,-0.172283,-2.2940,-0.065286
6.6407,-0.172283,-2.3551,-0.065343
6.6419,-0.172283,-2.4058,-0.065396
6.6432,-0.172283,-2.4458,-0.065442
6.6444,-0.172283,-2.4749,-0.065483
6.6457,-0.172283,-2.4929,-0.065518
6.6469,-0.172283,-2.4999,-0.065548
6.6482,-0.172283,-2.4957,-0.065571
6.6494,-0.126820,-2.4804,-0.065588
6.6507,-0.126820,-2.4541,-0.065599
6.6519,-0.126820,-2.4168,-0.065603
6.6532,-0.126820,-2.3685,-0.065601
6.6544,-0.126820,-2.3096,-0.065593
6.6557,-0.126820,-2.2411,-0.065578
6.6603,-0.184247,-1.8996,-0.065470
6.6613,-0.184247,-1.8077,-0.065436
6.6623,-0.184247,-1.7202,-0.065401
6.6632,-0.184247,-1.6260,-0.065362
6.6641,-0.184247,-1.5304,-0.065322
6.6651,-0.184247,-1.4313,-0.065279
6.6660,-0.184247,-1.3286,-0.065233
6.6669,-0.184247,-1.2228,-0.065185
6.6678,-0.184247,-1.1139,-0.065134
6.6687,-0.184247,-1.0026,-0.065081
6.6697,0.007178,-0.8887,-0.065025
6.6707,0.007178,-0.7641,-0.064964
6.6719,0.007178,-0.6039,-0.064883
6.6732,0.007178,-0.4407,-0.064799
6.6744,0.007178,-0.2756,-0.064712
6.6757,0.007178,-0.1092,-0.064623
6.6769,0.007178,0.0577,-0.064532
6.6782,0.007178,0.2242,-0.064439
6.6794,-0.105284,0.3901,-0.064345
6.6807,-0.105284,0.5537,-0.064251
6.6819,-0.105284,0.7151,-0.064156
6.6832,-0.105284,0.8733,-0.064061
6.6844,-0.105284,1.0277,-0.063967
6.6857,-0.105284,1.1774,-0.063873
6.6869,-0.105284,1.3219,-0.063781
6.6882,-0.105284,1.4605,-0.063691
6.6894,-0.105284,1.5926,-0.063603
6.6907,-0.160319,1.7176,-0.063518
6.6919,-0.160319,1.8349,-0.063436
6.6932,-0.160319,1.9441,-0.063357
6.6944,-0.160319,2.0449,-0.063281
6.6957,-0.160319,2.1361,-0.063210
6.6969,-0.160319,2.2180,-0.063143
6.6982,-0.160319,2.2899,-0.063080
6.6994,-0.160319,2.3518,-0.063023
6.7007,-0.057428,2.4032,-0.062970
6.7019,-0.057428,2.4437,-0.062923
6.7032,-0.057428,2.4735,-0.062882
6.7044,-0.057428,2.4922,-0.062846
6.7057,-0.057428,2.4998,-0.062817
6.7069,-0.057428,2.4963,-0.062793
6.7082,-0.057428,2.4817,-0.062776
6.7097,-0.057428,2.4486,-0.062763
6.7126,0.112463,2.3424,-0.062765
6.7135,0.112463,2.2951,-0.062773
6.7144,0.112463,2.2435,-0.062784
6.7154,0.112463,2.1862,-0.062798
6.7163,0.112463,2.1236,-0.062816
6.7172,0.112463,2.0561,-0.062838
6.7182,0.112463,1.9821,-0.062863
6.7194,0.112463,1.8761,-0.062901
6.7207,-0.023928,1.7617,-0.062945
6.7219,-0.023928,1.6395,-0.062995
6.7232,-0.023928,1.5099,-0.063050
6.7244,-0.023928,1.3736,-0.063110
6.7257,-0.023928,1.2312,-0.063174
6.7269,-0.023928,1.0833,-0.063244
6.7282,-0.023928,0.9306,-0.063317
6.7294,-0.023928,0.7734,-0.063394
6.7307,0.088534,0.6129,-0.063475
6.7319,0.088534,0.4502,-0.063559
6.7332,0.088534,0.2843,-0.063646
6.7344,0.088534,0.1190,-0.063735
6.7357,0.088534,-0.0477,-0.063826
6.7369,0.088534,-0.2144,-0.063918
6.7382,0.088534,-0.3800,-0.064012
6.7394,0.088534,-0.5440,-0.064107
6.7407,-0.016750,-0.7055,-0.064201
6.7419,-0.016750,-0.8640,-0.064296
6.7432,-0.016750,-1.0185,-0.064391
6.7444,-0.016750,-1.1686,-0.064484
6.7457,-0.016750,-1.3134,-0.064576
6.7469,-0.016750,-1.4524,-0.064666
6.7482,-0.016750,-1.5850,-0.064754
6.7494,-0.016750,-1.7104,-0.064840
6.7507,-0.126820,-1.8283,-0.064922
6.7519,-0.126820,-1.9380,-0.065002
6.7532,-0.126820,-2.0390,-0.065077
6.7544,-0.126820,-2.1310,-0.065149
6.7557,-0.126820,-2.2134,-0.065216
6.7569,-0.126820,-2.2860,-0.065279
6.7582,-0.126820,-2.3484,-0.065337
6.7594,-0.126820,-2.4004,-0.065390
6.7609,-0.145962,-2.4486,-0.065446
6.7636,-0.145962,-2.4954,-0.065525
6.7645,-0.145962,-2.4999,-0.065547
6.7654,-0.145962,-2.4980,-0.065565
6.7664,-0.145962,-2.4901,-0.065580
6.7673,-0.145962,-2.4756,-0.065591
6.7683,-0.145962,-2.4548,-0.065599
6.7694,-0.145962,-2.4217,-0.065603
6.7707,-0.145962,-2.3750,-0.065602
6.7719,-0.210568,-2.3176,-0.065594
6.7732,-0.210568,-2.2499,-0.065581
6.7744,-0.210568,-2.1722,-0.065561
6.7757,-0.210568,-2.0849,-0.065534
6.7769,-0.210568,-1.9881,-0.065502
6.7782,-0.210568,-1.8826,-0.065464
6.7794,-0.210568,-1.7686,-0.065420
6.7807,-0.210568,-1.6469,-0.065371
6.7819,-0.076570,-1.5177,-0.065316
6.7832,-0.076570,-1.3818,-0.065257
6.7844,-0.076570,-1.2397,-0.065192
6.7857,-0.076570,-1.0922,-0.065123
6.7869,-0.076570,-0.9397,-0.065050
6.7882,-0.076570,-0.7831,-0.064973
6.7894,-0.076570,-0.6230,-0.064893
6.7907,-0.076570,-0.4601,-0.064809
6.7919,-0.122034,-0.2951,-0.064722
6.7932,-0.122034,-0.1289,-0.064634
6.7944,-0.122034,0.0380,-0.064543
6.7957,-0.122034,0.2047,-0.064450
6.7969,-0.122034,0.3704,-0.064356
6.7982,-0.122034,0.5345,-0.064262
6.7994,-0.122034,0.6963,-0.064167
6.8007,-0.122034,0.8549,-0.064072
6.8019,-0.086142,1.0097,-0.063978
6.8032,-0.086142,1.1601,-0.063884
6.8044,-0.086142,1.3052,-0.063792
6.8057,-0.086142,1.4445,-0.063702
6.8069,-0.086142,1.5774,-0.063614
6.8082,-0.086142,1.7033,-0.063528
6.8094,-0.086142,1.8215,-0.063445
6.8107,-0.086142,1.9317,-0.063366
6.8121,-0.095713,2.0498,-0.063277
6.8143,-0.095713,2.2049,-0.063154
6.8153,-0.095713,2.2616,-0.063105
6.8162,-0.095713,2.3114,-0.063061
6.8171,-0.095713,2.3555,-0.063019
6.8182,-0.095713,2.3976,-0.062976
6.8194,-0.095713,2.4395,-0.062928
6.8207,-0.095713,2.4705,-0.062886
6.8219,0.141177,2.4906,-0.062850
6.8232,0.141177,2.4995,-0.062820
6.8244,0.141177,2.4973,-0.062795
6.8257,0.141177,2.4840,-0.062777
6.8269,0.141177,2.4595,-0.062766
6.8282,0.141177,2.4242,-0.062760
6.8294,0.141177,2.3780,-0.062761
6.8307,0.141177,2.3212,-0.062768
6.8319,-0.076570,2.2541,-0.062781
6.8332,-0.076570,2.1770,-0.062801
6.8344,-0.076570,2.0902,-0.062827
6.8357,-0.076570,1.9941,-0.062859
6.8369,-0.076570,1.8890,-0.062896
6.8382,-0.076570,1.7756,-0.062940
6.8394,-0.076570,1.6542,-0.062989
6.8407,-0.076570,1.5255,-0.063043
6.8419,-0.076570,1.3900,-0.063102
6.8432,-0.081356,1.2483,-0.063167
6.8444,-0.081356,1.1010,-0.063235
6.8457,-0.081356,0.9488,-0.063308
6.8469,-0.081356,0.7924,-0.063385
6.8482,-0.081356,0.6325,-0.063465
6.8494,-0.081356,0.4697,-0.063549
6.8507,-0.081356,0.3049,-0.063635
6.8519,-0.081356,0.1386,-0.063724
6.8532,0.095713,-0.0280,-0.063815
6.8544,0.095713,-0.1949,-0.063907
6.8557,0.095713,-0.3608,-0.064001
6.8569,0.095713,-0.5250,-0.064096
6.8582,0.095713,-0.6868,-0.064190
6.8594,0.095713,-0.8457,-0.064285
6.8607,0.095713,-1.0007,-0.064380
6.8619,0.095713,-1.1514,-0.064473
6.8632,-0.004786,-1.3009,-0.064568
6.8656,-0.004786,-1.5691,-0.064744
6.8666,-0.004786,-1.6649,-0.064809
6.8675,-0.004786,-1.7550,-0.064871
6.8684,-0.004786,-1.8407,-0.064931
6.8694,-0.004786,-1.9255,-0.064993
6.8707,-0.004786,-2.0276,-0.065069
6.8719,-0.004786,-2.1206,-0.065141
6.8732,-0.124427,-2.2042,-0.065209
6.8744,-0.124427,-2.2780,-0.065272
6.8757,-0.124427,-2.3416,-0.065330
6.8769,-0.124427,-2.3948,-0.065384
6.8782,-0.124427,-2.4373,-0.065432
6.8794,-0.124427,-2.4691,-0.065474
6.8807,-0.124427,-2.4897,-0.065511
6.8819,-0.124427,-2.4993,-0.065541
6.8832,-0.066999,-2.4977,-0.065566
6.8844,-0.066999,-2.4850,-0.065585
6.8857,-0.066999,-2.4613,-0.065597
6.8869,-0.066999,-2.4266,-0.065603
6.8882,-0.066999,-2.3810,-0.065602
6.8894,-0.066999,-2.3249,-0.065596
6.8907,-0.066999,-2.2584,-0.065583
6.8919,-0.066999,-2.1819,-0.065563
6.8932,-0.224925,-2.0956,-0.065538
6.8944,-0.224925,-2.0000,-0.065506
6.8957,-0.224925,-1.8954,-0.065469
6.8969,-0.224925,-1.7825,-0.065426
6.8982,-0.224925,-1.6616,-0.065377
6.8994,-0.224925,-1.5331,-0.065323
6.9007,-0.224925,-1.3981,-0.065264
6.9019,-0.224925,-1.2567,-0.065200
6.9032,-0.488136,-1.1098,-0.065132
6.9044,-0.488136,-0.9578,-0.065059
6.9057,-0.488136,-0.8017,-0.064982
6.9069,-0.488136,-0.6415,-0.064902
6.9082,-0.488136,-0.4793,-0.064819
6.9094,-0.488136,-0.3145,-0.064733
6.9107,-0.488136,-0.1484,-0.064644
6.9119,-0.488136,0.0184,-0.064553
6.9132,0.631705,0.1851,-0.064461
6.9144,0.631705,0.3512,-0.064367
6.9170,0.631705,0.6934,-0.064169
6.9180,0.631705,0.8131,-0.064097
6.9189,0.631705,0.9286,-0.064027
6.9198,0.631705,1.0417,-0.063958
6.9207,0.631705,1.1524,-0.063889
6.9219,0.631705,1.2885,-0.063803
6.9232,0.631705,1.4284,-0.063712
6.9244,-0.495314,1.5621,-0.063624
6.9257,-0.495314,1.6889,-0.063538
6.9269,-0.495314,1.8080,-0.063455
6.9282,-0.495314,1.9192,-0.063375
6.9294,-0.495314,2.0218,-0.063298
6.9307,-0.495314,2.1154,-0.063226
6.9319,-0.495314,2.1997,-0.063158
6.9332,-0.495314,2.2739,-0.063094
6.9344,-0.081356,2.3382,-0.063036
6.9357,-0.081356,2.3920,-0.062982
6.9369,-0.081356,2.4351,-0.062934
6.9382,-0.081356,2.4675,-0.062891
6.9394,-0.081356,2.4888,-0.062854
6.9407,-0.081356,2.4990,-0.062823
6.9419,-0.081356,2.4981,-0.062798
6.9432,-0.081356,2.4861,-0.062779
6.9444,-0.155533,2.4630,-0.062767
6.9457,-0.155533,2.4289,-0.062760
6.9469,-0.155533,2.3840,-0.062760
6.9482,-0.155533,2.3285,-0.062767
6.9494,-0.155533,2.2626,-0.062779
6.9507,-0.155533,2.1866,-0.062798
6.9519,-0.155533,2.1010,-0.062823
6.9532,-0.155533,2.0058,-0.062855
6.9544,0.239282,1.9018,-0.062892
6.9557,0.239282,1.7893,-0.062934
6.9569,0.239282,1.6689,-0.062983
6.9582,0.239282,1.5410,-0.063036
6.9594,0.239282,1.4062,-0.063095
6.9607,0.239282,1.2652,-0.063159
6.9619,0.239282,1.1186,-0.063227
6.9632,0.239282,0.9669,-0.063299
6.9644,-0.076570,0.8109,-0.063376
6.9657,-0.076570,0.6509,-0.063456
6.9685,-0.076570,0.2839,-0.063646
6.9694,-0.076570,0.1585,-0.063713
6.9703,-0.076570,0.0353,-0.063780
6.9712,-0.076570,-0.0881,-0.063848
6.9722,-0.076570,-0.2107,-0.063916
6.9732,-0.076570,-0.3414,-0.063990
6.9744,0.346959,-0.5057,-0.064084
6.9757,0.346959,-0.6680,-0.064179
6.9769,0.346959,-0.8272,-0.064274
6.9782,0.346959,-0.9827,-0.064368
6.9794,0.346959,-1.1338,-0.064462
6.9807,0.346959,-1.2800,-0.064554
6.9819,0.346959,-1.4204,-0.064645
6.9832,0.346959,-1.5545,-0.064734
6.9844,-0.222533,-1.6816,-0.064820
6.9857,-0.222533,-1.8013,-0.064903
6.9869,-0.222533,-1.9129,-0.064983
6.9882,-0.222533,-2.0160,-0.065060
6.9894,-0.222533,-2.1101,-0.065133
6.9907,-0.222533,-2.1949,-0.065201
6.9919,-0.222533,-2.2699,-0.065265
6.9932,-0.222533,-2.3347,-0.065324
6.9944,-0.222533,-2.3891,-0.065378
6.9957,-0.222533,-2.4329,-0.065426
6.9969,-0.222533,-2.4659,-0.065469
6.9982,-0.222533,-2.4878,-0.065507
6.9994,-0.222533,-2.4987,-0.065538
7.0007,-0.222533,-2.4985,-0.065563
7.0019,-0.222533,-2.4871,-0.065583
7.0032,-0.222533,-2.4647,-0.065596
7.0044,-0.222533,-2.4313,-0.065602
7.0057,-0.189033,-2.3870,-0.065603
7.0069,-0.189033,-2.3320,-0.065597
7.0082,-0.189033,-2.2667,-0.065584
7.0094,-0.189033,-2.1913,-0.065566
7.0107,-0.189033,-2.1062,-0.065541
7.0119,-0.189033,-2.0116,-0.065510
7.0132,-0.189033,-1.9082,-0.065474
7.0144,-0.189033,-1.7962,-0.065431
7.0157,-0.208176,-1.6762,-0.065383
7.0169,-0.208176,-1.5483,-0.065330
7.0198,-0.208176,-1.2324,-0.065189
7.0207,-0.208176,-1.1212,-0.065137
7.0216,-0.208176,-1.0097,-0.065084
7.0225,-0.208176,-0.8958,-0.065029
7.0235,-0.208176,-0.7798,-0.064972
7.0244,-0.208176,-0.6604,-0.064912
7.0257,0.031107,-0.4986,-0.064829
7.0269,0.031107,-0.3340,-0.064743
7.0282,0.031107,-0.1680,-0.064655
7.0294,0.031107,-0.0013,-0.064564
7.0307,0.031107,0.1655,-0.064472
7.0319,0.031107,0.3317,-0.064378
7.0332,0.031107,0.4962,-0.064284
7.0344,0.031107,0.6584,-0.064189
7.0357,-0.026321,0.8179,-0.064094
7.0369,-0.026321,0.9736,-0.064000
7.0382,-0.026321,1.1251,-0.063906
7.0394,-0.026321,1.2717,-0.063814
7.0407,-0.026321,1.4123,-0.063723
7.0419,-0.026321,1.5468,-0.063634
7.0432,-0.026321,1.6744,-0.063548
7.0444,-0.026321,1.7945,-0.063464
7.0457,-0.129212,1.9066,-0.063384
7.0469,-0.129212,2.0102,-0.063307
7.0482,-0.129212,2.1049,-0.063234
7.0494,-0.129212,2.1902,-0.063166
7.0507,-0.129212,2.2657,-0.063102
7.0519,-0.129212,2.3311,-0.063042
7.0532,-0.129212,2.3862,-0.062988
7.0544,-0.129212,2.4306,-0.062939
7.0557,-0.100499,2.4642,-0.062896
7.0569,-0.100499,2.4869,-0.062858
7.0582,-0.100499,2.4984,-0.062826
7.0594,-0.100499,2.4988,-0.062801
7.0607,-0.100499,2.4881,-0.062781
7.0619,-0.100499,2.4663,-0.062768
7.0632,-0.100499,2.4335,-0.062761
7.0644,-0.100499,2.3898,-0.062760
7.0657,-0.019143,2.3356,-0.062766
7.0669,-0.019143,2.2709,-0.062778
7.0686,-0.019143,2.1678,-0.062804
7.0713,-0.019143,1.9636,-0.062869
7.0723,-0.019143,1.8827,-0.062899
7.0732,-0.019143,1.7992,-0.062930
7.0741,-0.019143,1.7118,-0.062965
7.0750,-0.019143,1.6200,-0.063003
7.0760,0.112463,1.5243,-0.063044
7.0769,0.112463,1.4224,-0.063088
7.0782,0.112463,1.2821,-0.063151
7.0794,0.112463,1.1360,-0.063219
7.0807,0.112463,0.9850,-0.063291
7.0819,0.112463,0.8295,-0.063367
7.0832,0.112463,0.6704,-0.063446
7.0844,0.112463,0.5082,-0.063529
7.0857,0.112463,0.3438,-0.063615
7.0869,0.028714,0.1778,-0.063703
7.0882,0.028714,0.0101,-0.063794
7.0894,0.028714,-0.1579,-0.063887
7.0907,0.028714,-0.3224,-0.063979
7.0919,0.028714,-0.4865,-0.064073
7.0932,0.028714,-0.6490,-0.064168
7.0944,0.028714,-0.8086,-0.064263
7.0957,0.028714,-0.9646,-0.064357
7.0969,0.102891,-1.1163,-0.064451
7.0982,0.102891,-1.2630,-0.064544
7.0994,0.102891,-1.4044,-0.064635
7.1007,0.102891,-1.5390,-0.064723
7.1019,0.102891,-1.6670,-0.064810
7.1032,0.102891,-1.7876,-0.064894
7.1044,0.102891,-1.9002,-0.064974
7.1057,0.102891,-2.0043,-0.065051
7.1069,-0.193819,-2.0997,-0.065124
7.1082,-0.193819,-2.1854,-0.065193
7.1094,-0.193819,-2.2616,-0.065258
7.1107,-0.193819,-2.3276,-0.065317
7.1119,-0.193819,-2.3833,-0.065372
7.1132,-0.193819,-2.4283,-0.065421
7.1144,-0.193819,-2.4626,-0.065465
7.1157,-0.193819,-2.4858,-0.065503
7.1169,-0.047856,-2.4980,-0.065535
7.1182,-0.047856,-2.4991,-0.065561
7.1194,-0.047856,-2.4890,-0.065581
7.1222,-0.047856,-2.4263,-0.065603
7.1232,-0.047856,-2.3924,-0.065603
7.1241,-0.047856,-2.3528,-0.065600
7.1250,-0.047856,-2.3082,-0.065593
7.1260,-0.047856,-2.2581,-0.065582
7.1269,-0.241675,-2.2007,-0.065568
7.1282,-0.241675,-2.1167,-0.065544
7.1294,-0.241675,-2.0233,-0.065514
7.1307,-0.241675,-1.9204,-0.065478
7.1319,-0.241675,-1.8097,-0.065436
7.1332,-0.241675,-1.6907,-0.065389
7.1344,-0.241675,-1.5641,-0.065336
7.1357,-0.241675,-1.4305,-0.065278
7.1369,-0.308674,-1.2905,-0.065216
7.1382,-0.308674,-1.1448,-0.065148
7.1394,-0.308674,-0.9938,-0.065076
7.1407,-0.308674,-0.8388,-0.065001
7.1419,-0.308674,-0.6798,-0.064921
7.1432,-0.308674,-0.5178,-0.064839
7.1444,-0.308674,-0.3535,-0.064753
7.1457,-0.308674,-0.1876,-0.064665
7.1469,0.236889,-0.0209,-0.064575
7.1482,0.236889,0.1460,-0.064483
7.1494,0.236889,0.3121,-0.064389
7.1507,0.236889,0.4768,-0.064295
7.1519,0.236889,0.6395,-0.064200
7.1532,0.236889,0.8000,-0.064105
7.1544,0.236889,0.9571,-0.064010
7.1557,0.236889,1.1077,-0.063917
7.1569,-0.071785,1.2545,-0.063825
7.1582,-0.071785,1.3959,-0.063734
7.1594,-0.071785,1.5313,-0.063644
7.1607,-0.071785,1.6597,-0.063558
7.1619,-0.071785,1.7807,-0.063474
7.1632,-0.071785,1.8938,-0.063393
7.1644,-0.071785,1.9985,-0.063316
7.1657,-0.071785,2.0942,-0.063243
7.1669,-0.071785,2.1806,-0.063174
7.1682,-0.236889,2.2573,-0.063109
7.1694,-0.236889,2.3240,-0.063049
7.1710,-0.236889,2.3946,-0.062979
7.1735,-0.236889,2.4677,-0.062891
7.1744,-0.236889,2.4848,-0.062862
7.1753,-0.236889,2.4954,-0.062838
7.1763,-0.236889,2.4998,-0.062816
7.1772,-0.236889,2.4982,-0.062798
7.1782,-0.047856,2.4899,-0.062783
7.1794,-0.047856,2.4694,-0.062769
7.1807,-0.047856,2.4379,-0.062761
7.1819,-0.047856,2.3955,-0.062760
7.1832,-0.047856,2.3425,-0.062765
7.1844,-0.047856,2.2790,-0.062776
7.1857,-0.047856,2.2054,-0.062793
7.1869,-0.047856,2.1219,-0.062817
7.1882,0.035892,2.0290,-0.062847
7.1894,0.035892,1.9271,-0.062882
7.1907,0.035892,1.8166,-0.062924
7.1919,0.035892,1.6979,-0.062971
7.1932,0.035892,1.5717,-0.063023
7.1944,0.035892,1.4385,-0.063081
7.1957,0.035892,1.2988,-0.063143
7.1969,0.035892,1.1535,-0.063211
7.1982,0.212961,1.0030,-0.063282
7.1994,0.212961,0.8481,-0.063357
7.2007,0.212961,0.6894,-0.063437
7.2019,0.212961,0.5276,-0.063519
7.2032,0.212961,0.3634,-0.063604
7.2044,0.212961,0.1973,-0.063692
7.2057,0.212961,0.0307,-0.063783
7.2069,0.212961,-0.1361,-0.063875
7.2082,-0.294317,-0.3022,-0.063968
7.2094,-0.294317,-0.4671,-0.064062
7.2107,-0.294317,-0.6299,-0.064157
7.2119,-0.294317,-0.7901,-0.064252
7.2132,-0.294317,-0.9465,-0.064346
7.2144,-0.294317,-1.0987,-0.064440
7.2157,-0.294317,-1.2461,-0.064533
7.2169,-0.294317,-1.3879,-0.064624
7.2182,0.026321,-1.5235,-0.064713
7.2194,0.026321,-1.6523,-0.064800
7.2207,0.026321,-1.7738,-0.064884
7.2221,0.026321,-1.9048,-0.064978
7.2259,0.026321,-2.1904,-0.065197
7.2269,0.026321,-2.2512,-0.065249
7.2278,0.026321,-2.3023,-0.065294
7.2287,0.066999,-2.3476,-0.065336
7.2296,0.066999,-2.3870,-0.065376
7.2306,0.066999,-2.4209,-0.065412
7.2315,0.066999,-2.4492,-0.065447
7.2324,0.066999,-2.4711,-0.065477
7.2334,0.066999,-2.4868,-0.065505
7.2344,0.066999,-2.4972,-0.065531
7.2357,0.066999,-2.4995,-0.065558
7.2369,0.066999,-2.4908,-0.065579
7.2382,0.066999,-2.4709,-0.065593
7.2394,0.011964,-2.4400,-0.065601
7.2407,0.011964,-2.3983,-0.065603
7.2419,0.011964,-2.3459,-0.065599
7.2432,0.011964,-2.2830,-0.065588
7.2444,0.011964,-2.2100,-0.065571
7.2457,0.011964,-2.1271,-0.065547
7.2469,0.011964,-2.0348,-0.065518
7.2482,0.011964,-1.9333,-0.065483
7.2494,-0.150748,-1.8233,-0.065442
7.2507,-0.150748,-1.7051,-0.065395
7.2519,-0.150748,-1.5794,-0.065343
7.2532,-0.150748,-1.4466,-0.065285
7.2544,-0.150748,-1.3073,-0.065223
7.2557,-0.150748,-1.1623,-0.065156
7.2569,-0.150748,-1.0120,-0.065085
7.2582,-0.150748,-0.8572,-0.065010
7.2594,-0.239282,-0.6987,-0.064931
7.2607,-0.239282,-0.5370,-0.064849
7.2619,-0.239282,-0.3730,-0.064763
7.2632,-0.239282,-0.2070,-0.064676
7.2644,-0.239282,-0.0405,-0.064586
7.2657,-0.239282,0.1264,-0.064494
7.2669,-0.239282,0.2927,-0.064400
7.2682,-0.239282,0.4576,-0.064306
7.2694,-0.256032,0.6205,-0.064212
7.2707,-0.256032,0.7807,-0.064117
7.2719,-0.256032,0.9374,-0.064022
7.2733,-0.256032,1.1020,-0.063921
7.2760,-0.256032,1.4201,-0.063718
7.2770,-0.256032,1.5221,-0.063651
7.2779,-0.256032,1.6179,-0.063586
7.2788,-0.256032,1.7098,-0.063523
7.2797,-0.162712,1.7976,-0.063462
7.2806,-0.162712,1.8807,-0.063403
7.2819,-0.162712,1.9867,-0.063325
7.2832,-0.162712,2.0834,-0.063251
7.2844,-0.162712,2.1710,-0.063182
7.2857,-0.162712,2.2488,-0.063116
7.2869,-0.162712,2.3167,-0.063056
7.2882,-0.162712,2.3742,-0.063000
7.2894,0.181855,2.4211,-0.062950
7.2907,0.181855,2.4573,-0.062905
7.2919,0.181855,2.4825,-0.062866
7.2932,0.181855,2.4967,-0.062833
7.2944,0.181855,2.4997,-0.062806
7.2957,0.181855,2.4916,-0.062785
7.2969,0.181855,2.4724,-0.062770
7.2982,0.181855,2.4422,-0.062762
7.2994,-0.129212,2.4011,-0.062760
7.3007,-0.129212,2.3493,-0.062764
7.3019,-0.129212,2.2870,-0.062774
7.3032,-0.129212,2.2146,-0.062791
7.3044,-0.129212,2.1323,-0.062814
7.3057,-0.129212,2.0404,-0.062843
7.3069,-0.129212,1.9395,-0.062878
7.3082,-0.129212,1.8300,-0.062919
7.3094,0.325424,1.7123,-0.062965
7.3107,0.325424,1.5870,-0.063017
7.3119,0.325424,1.4547,-0.063074
7.3132,0.325424,1.3158,-0.063136
7.3144,0.325424,1.1709,-0.063202
7.3157,0.325424,1.0209,-0.063273
7.3169,0.325424,0.8664,-0.063348
7.3182,0.325424,0.7080,-0.063427
7.3194,0.325424,0.5466,-0.063509
7.3207,-0.356531,0.3826,-0.063594
7.3219,-0.356531,0.2169,-0.063682
7.3232,-0.356531,0.0503,-0.063772
7.3244,-0.356531,-0.1169,-0.063864
7.3273,-0.356531,-0.5056,-0.064084
7.3283,-0.356531,-0.6284,-0.064156
7.3292,-0.356531,-0.7468,-0.064226
7.3301,0.153141,-0.8635,-0.064296
7.3311,0.153141,-0.9783,-0.064366
7.3320,0.153141,-1.0916,-0.064436
7.3332,0.153141,-1.2292,-0.064522
7.3344,0.153141,-1.3715,-0.064613
7.3357,0.153141,-1.5079,-0.064703
7.3369,0.153141,-1.6375,-0.064790
7.3382,0.153141,-1.7599,-0.064874
7.3394,0.153141,-1.8744,-0.064956
7.3407,-0.227318,-1.9806,-0.065033
7.3419,-0.227318,-2.0780,-0.065107
7.3432,-0.227318,-2.1661,-0.065177
7.3444,-0.227318,-2.2445,-0.065243
7.3457,-0.227318,-2.3130,-0.065304
7.3469,-0.227318,-2.3711,-0.065359
7.3482,-0.227318,-2.4187,-0.065410
7.3494,-0.227318,-2.4555,-0.065455
7.3507,0.066999,-2.4813,-0.065494
7.3519,0.066999,-2.4962,-0.065528
7.3532,0.066999,-2.4998,-0.065555
7.3544,0.066999,-2.4924,-0.065577
7.3557,0.066999,-2.4738,-0.065592
7.3569,0.066999,-2.4443,-0.065601
7.3582,0.066999,-2.4038,-0.065603
7.3594,0.066999,-2.3526,-0.065600
7.3607,-0.076570,-2.2910,-0.065589
7.3619,-0.076570,-2.2192,-0.065573
7.3632,-0.076570,-2.1374,-0.065551
7.3644,-0.076570,-2.0461,-0.065522
7.3657,-0.076570,-1.9457,-0.065487
7.3669,-0.076570,-1.8366,-0.065447
7.3682,-0.076570,-1.7194,-0.065401
7.3694,-0.076570,-1.5945,-0.065349
7.3707,-0.069392,-1.4625,-0.065292
7.3719,-0.069392,-1.3239,-0.065231
7.3732,-0.069392,-1.1796,-0.065164
7.3744,-0.069392,-1.0299,-0.065094
7.3758,-0.069392,-0.8564,-0.065009
7.3788,-0.069392,-0.4727,-0.064816
7.3797,-0.069392,-0.3484,-0.064751
7.3807,-0.318245,-0.2260,-0.064686
7.3816,-0.318245,-0.1032,-0.064620
7.3825,-0.318245,0.0198,-0.064553
7.3834,-0.318245,0.1427,-0.064485
7.3844,-0.318245,0.2733,-0.064411
7.3857,-0.318245,0.4383,-0.064317
7.3869,-0.318245,0.6015,-0.064223
7.3882,-0.318245,0.7620,-0.064128
7.3894,-0.318245,0.9191,-0.064033
7.3907,-0.177069,1.0722,-0.063939
7.3919,-0.177069,1.2205,-0.063846
7.3932,-0.177069,1.3633,-0.063755
7.3944,-0.177069,1.5001,-0.063665
7.3957,-0.177069,1.6301,-0.063578
7.3969,-0.177069,1.7529,-0.063493
7.3982,-0.177069,1.8679,-0.063412
7.3994,-0.177069,1.9747,-0.063334
7.4007,-0.177069,2.0725,-0.063260
7.4019,-0.090927,2.1612,-0.063189
7.4032,-0.090927,2.2402,-0.063124
7.4044,-0.090927,2.3092,-0.063063
7.4057,-0.090927,2.3680,-0.063007
7.4069,-0.090927,2.4162,-0.062956
7.4082,-0.090927,2.4536,-0.062910
7.4094,-0.090927,2.4801,-0.062871
7.4107,-0.090927,2.4956,-0.062837
7.4119,0.009571,2.4999,-0.062809
7.4132,0.009571,2.4931,-0.062787
7.4144,0.009571,2.4752,-0.062772
7.4157,0.009571,2.4463,-0.062762
7.4169,0.009571,2.4065,-0.062760
7.4182,0.009571,2.3559,-0.062763
7.4194,0.009571,2.2949,-0.062773
7.4207,0.009571,2.2235,-0.062789
7.4219,0.117248,2.1424,-0.062811
7.4232,0.117248,2.0517,-0.062839
7.4244,0.117248,1.9518,-0.062873
7.4257,0.117248,1.8433,-0.062913
7.4269,0.117248,1.7233,-0.062961
7.4298,0.117248,1.4239,-0.063087
7.4308,0.117248,1.3166,-0.063135
7.4317,0.052642,1.2090,-0.063185
7.4327,0.052642,1.0985,-0.063236
7.4336,0.052642,0.9863,-0.063290
7.4345,0.052642,0.8719,-0.063346
7.4357,0.052642,0.7268,-0.063418
7.4369,0.052642,0.5657,-0.063499
7.4382,0.052642,0.4020,-0.063584
7.4394,0.052642,0.2365,-0.063672
7.4407,0.052642,0.0699,-0.063761
7.4419,-0.016750,-0.0969,-0.063853
7.4432,-0.016750,-0.2634,-0.063946
7.4444,-0.016750,-0.4286,-0.064040
7.4457,-0.016750,-0.5919,-0.064135
7.4469,-0.016750,-0.7526,-0.064229
7.4482,-0.016750,-0.9100,-0.064324
7.4494,-0.016750,-1.0633,-0.064418
7.4507,-0.016750,-1.2119,-0.064511
7.4519,-0.217747,-1.3550,-0.064603
7.4532,-0.217747,-1.4922,-0.064692
7.4544,-0.217747,-1.6227,-0.064780
7.4557,-0.217747,-1.7459,-0.064864
7.4569,-0.217747,-1.8614,-0.064946
7.4582,-0.217747,-1.9686,-0.065024
7.4594,-0.217747,-2.0671,-0.065099
7.4607,-0.217747,-2.1562,-0.065169
7.4619,0.045464,-2.2358,-0.065235
7.4632,0.045464,-2.3056,-0.065297
7.4644,0.045464,-2.3648,-0.065353
7.4657,0.045464,-2.4136,-0.065404
7.4669,0.045464,-2.4517,-0.065450
7.4682,0.045464,-2.4789,-0.065490
7.4694,0.045464,-2.4950,-0.065524
7.4707,0.045464,-2.5000,-0.065552
7.4719,-0.004786,-2.4938,-0.065574
7.4732,-0.004786,-2.4766,-0.065590
7.4744,-0.004786,-2.4483,-0.065600
7.4757,-0.004786,-2.4091,-0.065603
7.4769,-0.004786,-2.3592,-0.065600
7.4783,-0.004786,-2.2936,-0.065590
7.4808,-0.004786,-2.1375,-0.065551
7.4817,-0.004786,-2.0694,-0.065529
7.4827,0.040678,-1.9979,-0.065506
7.4836,0.040678,-1.9216,-0.065479
7.4845,0.040678,-1.8406,-0.065448
7.4857,0.040678,-1.7335,-0.065406
7.4869,0.040678,-1.6096,-0.065356
7.4882,0.040678,-1.4784,-0.065299
7.4894,0.040678,-1.3406,-0.065238
7.4907,0.040678,-1.1969,-0.065173
7.4919,0.040678,-1.0478,-0.065102
7.4932,-0.186640,-0.8940,-0.065028
7.4944,-0.186640,-0.7363,-0.064950
7.4957,-0.186640,-0.5753,-0.064868
7.4969,-0.186640,-0.4117,-0.064784
7.4982,-0.186640,-0.2463,-0.064697
7.4994,-0.186640,-0.0796,-0.064607
7.5007,-0.186640,0.0871,-0.064516
7.5019,-0.186640,0.2536,-0.064423
7.5032,-0.169890,0.4189,-0.064329
7.5044,-0.169890,0.5824,-0.064234
7.5057,-0.169890,0.7433,-0.064139
7.5069,-0.169890,0.9008,-0.064044
7.5082,-0.169890,1.0544,-0.063950
7.5094,-0.169890,1.2033,-0.063857
7.5107,-0.169890,1.3468,-0.063765
7.5119,-0.169890,1.4843,-0.063676
7.5132,-0.311067,1.6152,-0.063588
7.5144,-0.311067,1.7389,-0.063503
7.5157,-0.311067,1.8547,-0.063421
7.5169,-0.311067,1.9624,-0.063343
7.5182,-0.311067,2.0614,-0.063268
7.5194,-0.311067,2.1513,-0.063197
7.5207,-0.311067,2.2314,-0.063131
7.5219,-0.311067,2.3016,-0.063070
7.5232,-0.129212,2.3616,-0.063013
7.5244,-0.129212,2.4111,-0.062962
7.5257,-0.129212,2.4498,-0.062915
7.5269,-0.129212,2.4776,-0.062875
7.5282,-0.129212,2.4943,-0.062841
7.5295,-0.129212,2.5000,-0.062811
7.5320,-0.129212,2.4765,-0.062772
7.5330,-0.172283,2.4553,-0.062764
7.5339,-0.172283,2.4289,-0.062760
7.5348,-0.172283,2.3968,-0.062760
7.5357,-0.172283,2.3588,-0.062763
7.5369,-0.172283,2.3025,-0.062771
7.5382,-0.172283,2.2325,-0.062786
7.5394,-0.172283,2.1523,-0.062808
7.5407,-0.172283,2.0629,-0.062835
7.5419,-0.172283,1.9641,-0.062869
7.5432,0.337388,1.8565,-0.062908
7.5444,0.337388,1.7407,-0.062954
7.5457,0.337388,1.6171,-0.063004
7.5469,0.337388,1.4863,-0.063060
7.5482,0.337388,1.3489,-0.063121
7.5494,0.337388,1.2055,-0.063186
7.5507,0.337388,1.0567,-0.063256
7.5519,0.337388,0.9032,-0.063330
7.5532,0.124427,0.7457,-0.063408
7.5544,0.124427,0.5848,-0.063490
7.5557,0.124427,0.4214,-0.063574
7.5569,0.124427,0.2561,-0.063661
7.5582,0.124427,0.0896,-0.063751
7.5594,0.124427,-0.0774,-0.063842
7.5607,0.124427,-0.2438,-0.063935
7.5619,0.124427,-0.4092,-0.064029
7.5632,0.124427,-0.5728,-0.064123
7.5644,-0.124427,-0.7339,-0.064218
7.5657,-0.124427,-0.8917,-0.064313
7.5669,-0.124427,-1.0455,-0.064407
7.5682,-0.124427,-1.1946,-0.064500
7.5694,-0.124427,-1.3385,-0.064592
7.5707,-0.124427,-1.4764,-0.064682
7.5719,-0.124427,-1.6077,-0.064770
7.5732,-0.124427,-1.7318,-0.064855
7.5744,-0.131605,-1.8483,-0.064937
7.5757,-0.131605,-1.9565,-0.065015
7.5769,-0.131605,-2.0559,-0.065090
7.5782,-0.131605,-2.1462,-0.065161
7.5794,-0.131605,-2.2270,-0.065228
7.5807,-0.131605,-2.2979,-0.065290
7.5831,-0.131605,-2.4053,-0.065395
7.5840,0.074178,-2.4365,-0.065431
7.5849,0.074178,-2.4611,-0.065463
7.5858,0.074178,-2.4797,-0.065491
7.5869,0.074178,-2.4937,-0.065520
7.5882,0.074178,-2.5000,-0.065549
7.5894,0.074178,-2.4951,-0.065572
7.5907,0.074178,-2.4792,-0.065589
7.5919,0.074178,-2.4522,-0.065599
7.5932,0.074178,-2.4143,-0.065603
7.5944,-0.138784,-2.3656,-0.065601
7.5957,-0.138784,-2.3064,-0.065592
7.5969,-0.138784,-2.2369,-0.065577
7.5982,-0.138784,-2.1575,-0.065556
7.5994,-0.138784,-2.0683,-0.065529
7.6007,-0.138784,-1.9701,-0.065496
7.6019,-0.138784,-1.8631,-0.065457
7.6032,-0.138784,-1.7477,-0.065412
7.6044,-0.062213,-1.6246,-0.065362
7.6057,-0.062213,-1.4942,-0.065306
7.6069,-0.062213,-1.3572,-0.065246
7.6082,-0.062213,-1.2141,-0.065180
7.6094,-0.062213,-1.0656,-0.065111
7.6107,-0.062213,-0.9124,-0.065037
7.6119,-0.062213,-0.7550,-0.064959
7.6132,-0.062213,-0.5944,-0.064878
7.6144,-0.112463,-0.4311,-0.064794
7.6157,-0.112463,-0.2658,-0.064707
7.6169,-0.112463,-0.0994,-0.064618
7.6182,-0.112463,0.0675,-0.064526
7.6194,-0.112463,0.2340,-0.064434
7.6207,-0.112463,0.3995,-0.064340
7.6219,-0.112463,0.5633,-0.064245
7.6232,-0.112463,0.7245,-0.064150
7.6244,-0.153141,0.8825,-0.064055
7.6257,-0.153141,1.0366,-0.063961
7.6269,-0.153141,1.1861,-0.063868
7.6282,-0.153141,1.3302,-0.063776
7.6294,-0.153141,1.4685,-0.063686
7.6307,-0.153141,1.6005,-0.063598
7.6319,-0.153141,1.7249,-0.063513
7.6354,-0.370888,2.0291,-0.063293
7.6364,-0.370888,2.1026,-0.063236
7.6373,-0.370888,2.1668,-0.063185
7.6382,-0.370888,2.2255,-0.063136
7.6391,-0.370888,2.2789,-0.063090
7.6400,-0.370888,2.3267,-0.063047
7.6410,-0.370888,2.3692,-0.063005
7.6419,-0.370888,2.4059,-0.062967
7.6432,-0.370888,2.4458,-0.062921
7.6444,-0.370888,2.4749,-0.062880
7.6457,-0.026321,2.4930,-0.062844
7.6469,-0.026321,2.4999,-0.062815
7.6482,-0.026321,2.4957,-0.062792
7.6494,-0.026321,2.4804,-0.062775
7.6507,-0.026321,2.4541,-0.062764
7.6519,-0.026321,2.4168,-0.062760
7.6532,-0.026321,2.3688,-0.062762
7.6544,-0.026321,2.3096,-0.062770
7.6557,-0.047856,2.2409,-0.062784
7.6569,-0.047856,2.1624,-0.062805
7.6582,-0.047856,2.0739,-0.062832
7.6594,-0.047856,1.9762,-0.062865
7.6607,-0.047856,1.8696,-0.062904
7.6619,-0.047856,1.7548,-0.062948
7.6632,-0.047856,1.6321,-0.062998
7.6644,-0.047856,1.5021,-0.063053
7.6657,0.208176,1.3654,-0.063113
7.6669,0.208176,1.2227,-0.063178
7.6682,0.208176,1.0745,-0.063248
7.6694,0.208176,0.9215,-0.063321
7.6707,0.208176,0.7644,-0.063399
7.6719,0.208176,0.6039,-0.063480
7.6732,0.208176,0.4407,-0.063564
7.6744,0.208176,0.2756,-0.063651
7.6757,0.167498,0.1092,-0.063740
7.6769,0.167498,-0.0577,-0.063831
7.6782,0.167498,-0.2243,-0.063924
7.6794,0.167498,-0.3899,-0.064018
7.6807,0.167498,-0.5537,-0.064112
7.6819,0.167498,-0.7151,-0.064207
7.6832,0.167498,-0.8736,-0.064302
7.6861,-0.117248,-1.2246,-0.064519
7.6870,-0.117248,-1.3331,-0.064589
7.6879,-0.117248,-1.4359,-0.064655
7.6888,-0.117248,-1.5349,-0.064721
7.6898,-0.117248,-1.6303,-0.064785
7.6907,-0.117248,-1.7215,-0.064848
7.6919,-0.117248,-1.8350,-0.064927
7.6932,-0.117248,-1.9441,-0.065006
7.6944,-0.117248,-2.0455,-0.065082
7.6957,-0.177069,-2.1364,-0.065153
7.6969,-0.177069,-2.2180,-0.065220
7.6982,-0.177069,-2.2899,-0.065283
7.6994,-0.177069,-2.3517,-0.065340
7.7007,-0.177069,-2.4031,-0.065393
7.7019,-0.177069,-2.4437,-0.065440
7.7032,-0.177069,-2.4734,-0.065481
7.7044,-0.177069,-2.4922,-0.065517
7.7057,-0.081356,-2.4998,-0.065546
7.7069,-0.081356,-2.4963,-0.065570
7.7082,-0.081356,-2.4817,-0.065587
7.7094,-0.081356,-2.4560,-0.065598
7.7107,-0.081356,-2.4194,-0.065603
7.7119,-0.081356,-2.3719,-0.065602
7.7132,-0.081356,-2.3139,-0.065594
7.7144,-0.081356,-2.2456,-0.065580
7.7157,-0.081356,-2.1673,-0.065559
7.7169,-0.007178,-2.0794,-0.065533
7.7182,-0.007178,-1.9822,-0.065500
7.7194,-0.007178,-1.8760,-0.065462
7.7207,-0.007178,-1.7617,-0.065418
7.7219,-0.007178,-1.6395,-0.065368
7.7232,-0.007178,-1.5099,-0.065313
7.7244,-0.007178,-1.3736,-0.065253
7.7257,-0.007178,-1.2312,-0.065188
7.7269,-0.083749,-1.0833,-0.065119
7.7282,-0.083749,-0.9306,-0.065046
7.7294,-0.083749,-0.7737,-0.064969
7.7307,-0.083749,-0.6132,-0.064888
7.7319,-0.083749,-0.4499,-0.064804
7.7332,-0.083749,-0.2851,-0.064717
7.7344,-0.083749,-0.1183,-0.064628
7.7373,-0.064606,0.2608,-0.064418
7.7382,-0.064606,0.3871,-0.064347
7.7391,-0.064606,0.5084,-0.064277
7.7401,-0.064606,0.6292,-0.064206
7.7410,-0.064606,0.7485,-0.064136
7.7419,-0.064606,0.8649,-0.064066
7.7432,-0.064606,1.0187,-0.063972
7.7444,-0.064606,1.1687,-0.063879
7.7457,-0.064606,1.3135,-0.063787
7.7469,-0.227318,1.4525,-0.063697
7.7482,-0.227318,1.5851,-0.063608
7.7494,-0.227318,1.7105,-0.063523
7.7507,-0.227318,1.8283,-0.063440
7.7519,-0.227318,1.9380,-0.063361
7.7532,-0.227318,2.0390,-0.063285
7.7544,-0.227318,2.1309,-0.063214
7.7557,-0.227318,2.2134,-0.063146
7.7569,-0.179462,2.2860,-0.063084
7.7582,-0.179462,2.3484,-0.063026
7.7594,-0.179462,2.4004,-0.062973
7.7607,-0.179462,2.4416,-0.062926
7.7619,-0.179462,2.4720,-0.062884
7.7632,-0.179462,2.4914,-0.062848
7.7644,-0.179462,2.4997,-0.062818
7.7657,-0.179462,2.4968,-0.062794
7.7669,-0.141177,2.4828,-0.062777
7.7682,-0.141177,2.4578,-0.062765
7.7694,-0.141177,2.4218,-0.062760
7.7707,-0.141177,2.3750,-0.062761
7.7719,-0.141177,2.3177,-0.062768
7.7732,-0.141177,2.2499,-0.062782
7.7744,-0.141177,2.1722,-0.062802
7.7757,-0.141177,2.0848,-0.062828
7.7769,0.043071,1.9881,-0.062861
7.7782,0.043071,1.8825,-0.062899
7.7794,0.043071,1.7686,-0.062942
7.7807,0.043071,1.6468,-0.062992
7.7819,0.043071,1.5177,-0.063046
7.7832,0.043071,1.3818,-0.063106
7.7844,0.043071,1.2397,-0.063171
7.7879,0.179462,0.8100,-0.063376
7.7889,0.179462,0.6859,-0.063438
7.7898,0.179462,0.5665,-0.063499
7.7908,0.179462,0.4459,-0.063561
7.7917,0.179462,0.3243,-0.063625
7.7926,0.179462,0.2019,-0.063690
7.7935,0.179462,0.0791,-0.063756
7.7944,0.179462,-0.0440,-0.063824
7.7957,0.179462,-0.2048,-0.063913
7.7969,0.179462,-0.3704,-0.064007
7.7982,0.172283,-0.5345,-0.064101
7.7994,0.172283,-0.6963,-0.064196
7.8007,0.172283,-0.8549,-0.064291
7.8019,0.172283,-1.0097,-0.064385
7.8032,0.172283,-1.1600,-0.064479
7.8044,0.172283,-1.3052,-0.064571
7.8057,0.172283,-1.4445,-0.064661
7.8069,0.172283,-1.5774,-0.064749
7.8082,-0.189033,-1.7036,-0.064835
7.8094,-0.189033,-1.8215,-0.064918
7.8107,-0.189033,-1.9318,-0.064997
7.8119,-0.189033,-2.0333,-0.065073
7.8132,-0.189033,-2.1258,-0.065145
7.8144,-0.189033,-2.2090,-0.065213
7.8157,-0.189033,-2.2820,-0.065276
7.8169,-0.189033,-2.3450,-0.065334
7.8182,-0.131605,-2.3976,-0.065387
7.8194,-0.131605,-2.4396,-0.065434
7.8207,-0.131605,-2.4705,-0.065476
7.8219,-0.131605,-2.4906,-0.065513
7.8232,-0.131605,-2.4995,-0.065543
7.8244,-0.131605,-2.4973,-0.065567
7.8257,-0.131605,-2.4840,-0.065585
7.8269,-0.131605,-2.4595,-0.065597
7.8282,-0.110070,-2.4242,-0.065603
7.8294,-0.110070,-2.3780,-0.065602
7.8307,-0.110070,-2.3211,-0.065595
7.8319,-0.110070,-2.2541,-0.065582
7.8332,-0.110070,-2.1770,-0.065562
7.8344,-0.110070,-2.0902,-0.065536
7.8357,-0.110070,-1.9940,-0.065504
7.8387,0.021535,-1.7245,-0.065403
7.8397,0.021535,-1.6287,-0.065364
7.8406,0.021535,-1.5333,-0.065323
7.8415,0.021535,-1.4342,-0.065280
7.8424,0.021535,-1.3318,-0.065234
7.8433,0.021535,-1.2258,-0.065186
7.8444,0.021535,-1.1009,-0.065128
7.8457,0.021535,-0.9488,-0.065055
7.8469,0.021535,-0.7924,-0.064978
7.8482,-0.157926,-0.6324,-0.064897
7.8494,-0.157926,-0.4697,-0.064814
7.8507,-0.157926,-0.3048,-0.064728
7.8519,-0.157926,-0.1386,-0.064639
7.8532,-0.157926,0.0282,-0.064548
7.8544,-0.157926,0.1948,-0.064456
7.8557,-0.157926,0.3607,-0.064362
7.8569,-0.157926,0.5249,-0.064267
7.8582,-0.117248,0.6868,-0.064172
7.8594,-0.117248,0.8458,-0.064078
7.8607,-0.117248,1.0007,-0.063983
7.8619,-0.117248,1.1513,-0.063890
7.8632,-0.117248,1.2968,-0.063798
7.8644,-0.117248,1.4365,-0.063707
7.8657,-0.117248,1.5698,-0.063619
7.8669,-0.117248,1.6961,-0.063533
7.8682,0.007178,1.8148,-0.063450
7.8694,0.007178,1.9255,-0.063370
7.8707,0.007178,2.0276,-0.063294
7.8719,0.007178,2.1205,-0.063222
7.8732,0.007178,2.2041,-0.063154
7.8744,0.007178,2.2779,-0.063091
7.8757,0.007178,2.3416,-0.063032
7.8769,0.007178,2.3948,-0.062979
7.8782,0.007178,2.4377,-0.062931
7.8794,-0.306281,2.4690,-0.062889
7.8807,-0.306281,2.4897,-0.062852
7.8819,-0.306281,2.4993,-0.062821
7.8832,-0.306281,2.4977,-0.062797
7.8844,-0.306281,2.4850,-0.062778
7.8857,-0.306281,2.4613,-0.062766
7.8869,-0.306281,2.4265,-0.062760
7.8899,-0.129212,2.3017,-0.062771
7.8908,-0.129212,2.2489,-0.062782
7.8917,-0.129212,2.1923,-0.062797
7.8927,-0.129212,2.1305,-0.062814
7.8936,-0.129212,2.0635,-0.062835
7.8945,-0.129212,1.9915,-0.062859
7.8957,-0.129212,1.8954,-0.062894
7.8969,-0.129212,1.7825,-0.062937
7.8982,-0.129212,1.6616,-0.062986
7.8994,0.009571,1.5331,-0.063040
7.9007,0.009571,1.3981,-0.063099
7.9019,0.009571,1.2568,-0.063163
7.9032,0.009571,1.1098,-0.063231
7.9044,0.009571,0.9579,-0.063304
7.9057,0.009571,0.8017,-0.063380
7.9069,0.009571,0.6419,-0.063461
7.9082,0.009571,0.4793,-0.063544
7.9094,0.112463,0.3146,-0.063630
7.9107,0.112463,0.1484,-0.063719
7.9119,0.112463,-0.0184,-0.063809
7.9132,0.112463,-0.1851,-0.063902
7.9144,0.112463,-0.3510,-0.063995
7.9157,0.112463,-0.5154,-0.064090
7.9169,0.112463,-0.6774,-0.064185
7.9182,0.112463,-0.8364,-0.064280
7.9194,0.251246,-0.9919,-0.064374
7.9207,0.251246,-1.1426,-0.064468
7.9219,0.251246,-1.2884,-0.064560
7.9232,0.251246,-1.4284,-0.064650
7.9244,0.251246,-1.5621,-0.064739
7.9257,0.251246,-1.6888,-0.064825
7.9269,0.251246,-1.8080,-0.064908
7.9282,0.251246,-1.9192,-0.064988
7.9294,-0.375673,-2.0218,-0.065064
7.9307,-0.375673,-2.1159,-0.065137
7.9319,-0.375673,-2.1997,-0.065205
7.9332,-0.375673,-2.2740,-0.065268
7.9344,-0.375673,-2.3382,-0.065327
7.9357,-0.375673,-2.3920,-0.065381
7.9369,-0.375673,-2.4351,-0.065429
7.9382,-0.375673,-2.4675,-0.065472
7.9413,-0.200997,-2.4999,-0.065554
7.9423,-0.200997,-2.4957,-0.065571
7.9432,-0.200997,-2.4855,-0.065584
7.9441,-0.200997,-2.4692,-0.065594
7.9450,-0.200997,-2.4469,-0.065600
7.9460,-0.200997,-2.4188,-0.065603
7.9469,-0.200997,-2.3840,-0.065602
7.9482,-0.200997,-2.3285,-0.065596
7.9494,0.117248,-2.2626,-0.065583
7.9507,0.117248,-2.1866,-0.065565
7.9519,0.117248,-2.1009,-0.065539
7.9532,0.117248,-2.0058,-0.065508
7.9544,0.117248,-1.9018,-0.065471
7.9557,0.117248,-1.7894,-0.065428
7.9569,0.117248,-1.6688,-0.065380
7.9582,0.117248,-1.5410,-0.065326
7.9594,0.117248,-1.4061,-0.065268
7.9607,0.184247,-1.2652,-0.065204
7.9619,0.184247,-1.1186,-0.065136
7.9632,0.184247,-0.9669,-0.065063
7.9644,0.184247,-0.8110,-0.064987
7.9657,0.184247,-0.6514,-0.064907
7.9669,0.184247,-0.4890,-0.064824
7.9682,0.184247,-0.3243,-0.064738
7.9694,0.184247,-0.1582,-0.064649
7.9707,-0.122034,0.0086,-0.064559
7.9719,-0.122034,0.1753,-0.064466
7.9732,-0.122034,0.3413,-0.064373
7.9744,-0.122034,0.5057,-0.064278
7.9757,-0.122034,0.6678,-0.064184
7.9769,-0.122034,0.8270,-0.064089
7.9782,-0.122034,0.9825,-0.063994
7.9794,-0.122034,1.1340,-0.063901
7.9807,-0.210568,1.2801,-0.063808
7.9819,-0.210568,1.4204,-0.063718
7.9832,-0.210568,1.5545,-0.063629
7.9844,-0.210568,1.6816,-0.063543
7.9857,-0.210568,1.8013,-0.063460
7.9869,-0.210568,1.9129,-0.063379
7.9882,-0.210568,2.0160,-0.063303
7.9898,-0.210568,2.1364,-0.063209
7.9927,-0.222533,2.3105,-0.063062
7.9936,-0.222533,2.3558,-0.063019
7.9945,-0.222533,2.3941,-0.062980
7.9955,-0.222533,2.4267,-0.062944
7.9964,-0.222533,2.4533,-0.062911
7.9973,-0.222533,2.4740,-0.062881
7.9982,-0.222533,2.4887,-0.062854
7.9994,-0.222533,2.4987,-0.062825
8.0007,-0.356531,2.4985,-0.062799
8.0019,-0.356531,2.4871,-0.062780
8.0032,-0.356531,2.4647,-0.062767
8.0044,-0.356531,2.4312,-0.062760
8.0057,-0.356531,2.3870,-0.062760
8.0069,-0.356531,2.3321,-0.062766
8.0082,-0.356531,2.2668,-0.062778
8.0094,-0.356531,2.1914,-0.062797
8.0107,0.033500,2.1062,-0.062822
8.0119,0.033500,2.0117,-0.062853
8.0132,0.033500,1.9082,-0.062889
8.0144,0.033500,1.7962,-0.062932
8.0157,0.033500,1.6762,-0.062980
8.0169,0.033500,1.5487,-0.063033
8.0182,0.033500,1.4144,-0.063092
8.0194,0.033500,1.2737,-0.063155
8.0207,0.043071,1.1274,-0.063223
8.0219,0.043071,0.9760,-0.063295
8.0232,0.043071,0.8203,-0.063371
8.0244,0.043071,0.6609,-0.063451
8.0257,0.043071,0.4986,-0.063534
8.0269,0.043071,0.3341,-0.063620
8.0282,0.043071,0.1681,-0.063708
8.0294,0.043071,0.0013,-0.063799
8.0307,0.246461,-0.1662,-0.063891
8.0319,0.246461,-0.3319,-0.063985
8.0332,0.246461,-0.4962,-0.064079
8.0344,0.246461,-0.6585,-0.064174
8.0357,0.246461,-0.8179,-0.064269
8.0369,0.246461,-0.9737,-0.064363
8.0382,0.246461,-1.1251,-0.064457
8.0394,0.246461,-1.2716,-0.064549
8.0409,-0.114855,-1.4432,-0.064660
8.0449,-0.114855,-1.8397,-0.064931
8.0459,-0.114855,-1.9261,-0.064993
8.0468,-0.114855,-2.0023,-0.065050
8.0477,-0.114855,-2.0738,-0.065104
8.0487,-0.114855,-2.1401,-0.065156
8.0496,-0.114855,-2.2011,-0.065206
8.0505,-0.114855,-2.2568,-0.065253
8.0514,-0.102891,-2.3071,-0.065298
8.0523,-0.102891,-2.3516,-0.065340
8.0533,-0.102891,-2.3905,-0.065379
8.0544,-0.102891,-2.4307,-0.065424
8.0557,-0.102891,-2.4642,-0.065467
8.0569,-0.102891,-2.4869,-0.065505
8.0582,-0.102891,-2.4984,-0.065536
8.0594,-0.102891,-2.4988,-0.065562
8.0607,-0.102891,-2.4881,-0.065582
8.0619,-0.064606,-2.4663,-0.065595
8.0632,-0.064606,-2.4335,-0.065602
8.0644,-0.064606,-2.3899,-0.065603
8.0657,-0.064606,-2.3356,-0.065597
8.0669,-0.064606,-2.2709,-0.065585
8.0682,-0.064606,-2.1961,-0.065567
8.0694,-0.064606,-2.1115,-0.065543
8.0707,-0.064606,-2.0175,-0.065512
8.0719,-0.095713,-1.9145,-0.065476
8.0732,-0.095713,-1.8030,-0.065434
8.0744,-0.095713,-1.6835,-0.065386
8.0757,-0.095713,-1.5564,-0.065333
8.0769,-0.095713,-1.4225,-0.065275
8.0782,-0.095713,-1.2821,-0.065212
8.0794,-0.095713,-1.1360,-0.065144
8.0807,-0.095713,-0.9852,-0.065072
8.0819,-0.007178,-0.8297,-0.064996
8.0832,-0.007178,-0.6703,-0.064917
8.0844,-0.007178,-0.5082,-0.064834
8.0857,-0.007178,-0.3438,-0.064748
8.0869,-0.007178,-0.1779,-0.064660
8.0882,-0.007178,-0.0100,-0.064569
8.0894,-0.007178,0.1576,-0.064476
8.0907,-0.007178,0.3223,-0.064384
8.0919,-0.064606,0.4866,-0.064290
8.0953,-0.064606,0.9243,-0.064030
8.0963,-0.064606,1.0446,-0.063956
8.0972,-0.064606,1.1556,-0.063887
8.0982,-0.064606,1.2634,-0.063819
8.0991,-0.064606,1.3680,-0.063752
8.1000,-0.064606,1.4694,-0.063685
8.1009,-0.064606,1.5672,-0.063620
8.1019,-0.028714,1.6671,-0.063553
8.1032,-0.028714,1.7876,-0.063469
8.1044,-0.028714,1.9002,-0.063389
8.1057,-0.028714,2.0043,-0.063312
8.1069,-0.028714,2.0997,-0.063238
8.1082,-0.028714,2.1854,-0.063170
8.1094,-0.028714,2.2615,-0.063105
8.1107,-0.028714,2.3276,-0.063046
8.1119,-0.325424,2.3833,-0.062991
8.1132,-0.325424,2.4283,-0.062942
8.1144,-0.325424,2.4626,-0.062898
8.1157,-0.325424,2.4858,-0.062860
8.1169,-0.325424,2.4980,-0.062828
8.1182,-0.325424,2.4991,-0.062802
8.1194,-0.325424,2.4890,-0.062782
8.1207,-0.325424,2.4679,-0.062768
8.1219,-0.325424,2.4357,-0.062761
8.1232,-0.275175,2.3927,-0.062760
8.1244,-0.275175,2.3391,-0.062765
8.1257,-0.275175,2.2750,-0.062777
8.1269,-0.275175,2.2008,-0.062795
8.1282,-0.275175,2.1167,-0.062819
8.1294,-0.275175,2.0233,-0.062849
8.1307,-0.275175,1.9205,-0.062885
8.1319,-0.275175,1.8098,-0.062926
8.1332,-0.021535,1.6908,-0.062974
8.1344,-0.021535,1.5640,-0.063027
8.1357,-0.021535,1.4304,-0.063084
8.1369,-0.021535,1.2905,-0.063147
8.1382,-0.021535,1.1448,-0.063215
8.1394,-0.021535,0.9940,-0.063286
8.1407,-0.021535,0.8388,-0.063362
8.1419,-0.021535,0.6798,-0.063441
8.1432,0.016750,0.5178,-0.063524
8.1461,0.016750,0.1343,-0.063726
8.1470,0.016750,0.0064,-0.063796
8.1479,0.016750,-0.1176,-0.063864
8.1489,0.016750,-0.2408,-0.063933
8.1498,0.016750,-0.3630,-0.064002
8.1507,0.016750,-0.4842,-0.064072
8.1519,0.016750,-0.6397,-0.064163
8.1532,0.265603,-0.7992,-0.064257
8.1544,0.265603,-0.9570,-0.064353
8.1557,0.265603,-1.1081,-0.064446
8.1569,0.265603,-1.2546,-0.064538
8.1582,0.265603,-1.3976,-0.064630
8.1594,0.265603,-1.5324,-0.064719
8.1607,0.265603,-1.6599,-0.064805
8.1619,0.265603,-1.7806,-0.064889
8.1632,0.004786,-1.8937,-0.064969
8.1644,0.004786,-1.9984,-0.065047
8.1657,0.004786,-2.0941,-0.065120
8.1669,0.004786,-2.1805,-0.065189
8.1682,0.004786,-2.2573,-0.065254
8.1694,0.004786,-2.3239,-0.065314
8.1707,0.004786,-2.3802,-0.065369
8.1719,0.004786,-2.4260,-0.065418
8.1732,-0.193819,-2.4608,-0.065462
8.1744,-0.193819,-2.4847,-0.065501
8.1757,-0.193819,-2.4976,-0.065533
8.1769,-0.193819,-2.4993,-0.065559
8.1782,-0.193819,-2.4899,-0.065580
8.1794,-0.193819,-2.4694,-0.065594
8.1807,-0.193819,-2.4379,-0.065602
8.1819,-0.193819,-2.3955,-0.065603
8.1832,-0.205783,-2.3425,-0.065598
8.1844,-0.205783,-2.2791,-0.065587
8.1857,-0.205783,-2.2054,-0.065570
8.1869,-0.205783,-2.1219,-0.065546
8.1882,-0.205783,-2.0290,-0.065516
8.1894,-0.205783,-1.9271,-0.065481
8.1907,-0.205783,-1.8166,-0.065439
8.1919,-0.205783,-1.6979,-0.065392
8.1932,-0.205783,-1.5717,-0.065340
8.1944,0.098106,-1.4385,-0.065282
8.1974,0.098106,-1.0884,-0.065122
8.1984,0.098106,-0.9687,-0.065064
8.1994,0.098106,-0.8535,-0.065008
8.2003,0.098106,-0.7366,-0.064950
8.2012,0.098106,-0.6183,-0.064890
8.2021,0.098106,-0.4986,-0.064829
8.2032,0.098106,-0.3632,-0.064758
8.2044,-0.019143,-0.1976,-0.064670
8.2057,-0.019143,-0.0308,-0.064580
8.2069,-0.019143,0.1360,-0.064488
8.2082,-0.019143,0.3022,-0.064395
8.2094,-0.019143,0.4671,-0.064301
8.2107,-0.019143,0.6299,-0.064206
8.2119,-0.019143,0.7898,-0.064111
8.2132,-0.019143,0.9463,-0.064017
8.2144,-0.145962,1.0985,-0.063923
8.2157,-0.145962,1.2460,-0.063830
8.2169,-0.145962,1.3877,-0.063739
8.2182,-0.145962,1.5234,-0.063650
8.2194,-0.145962,1.6524,-0.063563
8.2207,-0.145962,1.7738,-0.063479
8.2219,-0.145962,1.8874,-0.063398
8.2232,-0.145962,1.9926,-0.063321
8.2244,-0.382852,2.0888,-0.063247
8.2257,-0.382852,2.1758,-0.063178
8.2269,-0.382852,2.2531,-0.063113
8.2282,-0.382852,2.3204,-0.063052
8.2294,-0.382852,2.3772,-0.062997
8.2307,-0.382852,2.4237,-0.062947
8.2319,-0.382852,2.4592,-0.062903
8.2332,-0.382852,2.4837,-0.062864
8.2344,0.239282,2.4972,-0.062832
8.2357,0.239282,2.4995,-0.062805
8.2369,0.239282,2.4908,-0.062784
8.2382,0.239282,2.4710,-0.062770
8.2394,0.239282,2.4401,-0.062761
8.2407,0.239282,2.3983,-0.062760
8.2419,0.239282,2.3459,-0.062764
8.2432,0.239282,2.2830,-0.062775
8.2444,-0.277567,2.2100,-0.062792
8.2460,-0.277567,2.0992,-0.062824
8.2486,-0.277567,1.8945,-0.062894
8.2495,-0.277567,1.8098,-0.062926
8.2505,-0.277567,1.7225,-0.062961
8.2514,-0.277567,1.6310,-0.062998
8.2523,-0.277567,1.5359,-0.063039
8.2532,-0.277567,1.4369,-0.063082
8.2544,-0.320638,1.3072,-0.063140
8.2557,-0.320638,1.1622,-0.063206
8.2569,-0.320638,1.0120,-0.063278
8.2582,-0.320638,0.8573,-0.063353
8.2594,-0.320638,0.6987,-0.063432
8.2607,-0.320638,0.5370,-0.063514
8.2619,-0.320638,0.3729,-0.063599
8.2632,-0.320638,0.2071,-0.063687
8.2644,0.258425,0.0405,-0.063777
8.2657,0.258425,-0.1263,-0.063869
8.2669,0.258425,-0.2926,-0.063962
8.2682,0.258425,-0.4575,-0.064057
8.2694,0.258425,-0.6205,-0.064151
8.2707,0.258425,-0.7807,-0.064246
8.2719,0.258425,-0.9374,-0.064341
8.2732,0.258425,-1.0899,-0.064435
8.2744,0.258425,-1.2376,-0.064527
8.2757,0.086142,-1.3797,-0.064619
8.2769,0.086142,-1.5157,-0.064708
8.2782,0.086142,-1.6449,-0.064795
8.2794,0.086142,-1.7670,-0.064879
8.2807,0.086142,-1.8809,-0.064960
8.2819,0.086142,-1.9866,-0.065038
8.2832,0.086142,-2.0834,-0.065112
8.2844,0.086142,-2.1709,-0.065181
8.2857,0.141177,-2.2487,-0.065246
8.2869,0.141177,-2.3166,-0.065307
8.2882,0.141177,-2.3742,-0.065362
8.2894,0.141177,-2.4211,-0.065413
8.2907,0.141177,-2.4573,-0.065457
8.2919,0.141177,-2.4825,-0.065496
8.2932,0.141177,-2.4967,-0.065530
8.2944,0.141177,-2.4997,-0.065557
8.2957,0.066999,-2.4916,-0.065578
8.2971,0.066999,-2.4679,-0.065594
8.2998,0.066999,-2.3844,-0.065603
8.3008,0.066999,-2.3435,-0.065598
8.3017,0.066999,-2.2978,-0.065591
8.3026,0.066999,-2.2465,-0.065580
8.3035,0.066999,-2.1899,-0.065565
8.3045,0.066999,-2.1279,-0.065548
8.3057,-0.203390,-2.0404,-0.065520
8.3069,-0.203390,-1.9395,-0.065485
8.3082,-0.203390,-1.8300,-0.065444
8.3094,-0.203390,-1.7123,-0.065398
8.3107,-0.203390,-1.5870,-0.065346
8.3119,-0.203390,-1.4546,-0.065289
8.3132,-0.203390,-1.3157,-0.065227
8.3144,-0.203390,-1.1710,-0.065160
8.3157,-0.368495,-1.0210,-0.065089
8.3169,-0.368495,-0.8665,-0.065014
8.3182,-0.368495,-0.7081,-0.064936
8.3194,-0.368495,-0.5465,-0.064854
8.3207,-0.368495,-0.3826,-0.064769
8.3219,-0.368495,-0.2170,-0.064681
8.3232,-0.368495,-0.0504,-0.064591
8.3244,-0.368495,0.1165,-0.064499
8.3257,-0.081356,0.2828,-0.064406
8.3269,-0.081356,0.4479,-0.064312
8.3282,-0.081356,0.6109,-0.064217
8.3294,-0.081356,0.7713,-0.064122
8.3307,-0.081356,0.9288,-0.064027
8.3319,-0.081356,1.0813,-0.063933
8.3332,-0.081356,1.2290,-0.063841
8.3344,-0.081356,1.3715,-0.063749
8.3357,-0.196211,1.5078,-0.063660
8.3369,-0.196211,1.6374,-0.063573
8.3382,-0.196211,1.7599,-0.063489
8.3394,-0.196211,1.8745,-0.063407
8.3407,-0.196211,1.9806,-0.063329
8.3419,-0.196211,2.0780,-0.063255
8.3432,-0.196211,2.1661,-0.063185
8.3444,-0.196211,2.2445,-0.063120
8.3457,0.196211,2.3130,-0.063059
8.3469,0.196211,2.3711,-0.063003
8.3483,0.196211,2.4223,-0.062949
8.3511,0.196211,2.4884,-0.062855
8.3521,0.196211,2.4975,-0.062830
8.3530,0.196211,2.5000,-0.062810
8.3539,0.196211,2.4964,-0.062793
8.3549,0.196211,2.4867,-0.062780
8.3558,-0.145962,2.4710,-0.062770
8.3569,-0.145962,2.4442,-0.062762
8.3582,-0.145962,2.4038,-0.062760
8.3594,-0.145962,2.3525,-0.062763
8.3607,-0.145962,2.2910,-0.062773
8.3619,-0.145962,2.2191,-0.062790
8.3632,-0.145962,2.1374,-0.062812
8.3644,-0.145962,2.0461,-0.062841
8.3657,-0.145962,1.9457,-0.062876
8.3669,-0.155533,1.8366,-0.062916
8.3682,-0.155533,1.7194,-0.062962
8.3694,-0.155533,1.5945,-0.063014
8.3707,-0.155533,1.4625,-0.063070
8.3719,-0.155533,1.3240,-0.063132
8.3732,-0.155533,1.1796,-0.063198
8.3744,-0.155533,1.0299,-0.063269
8.3757,-0.155533,0.8757,-0.063344
8.3769,-0.275175,0.7175,-0.063422
8.3782,-0.275175,0.5562,-0.063504
8.3794,-0.275175,0.3922,-0.063589
8.3807,-0.275175,0.2267,-0.063677
8.3819,-0.275175,0.0601,-0.063767
8.3832,-0.275175,-0.1067,-0.063858
8.3844,-0.275175,-0.2729,-0.063951
8.3857,-0.275175,-0.4382,-0.064045
8.3869,0.086142,-0.6015,-0.064140
8.3882,0.086142,-0.7620,-0.064235
8.3894,0.086142,-0.9192,-0.064330
8.3907,0.086142,-1.0722,-0.064424
8.3919,0.086142,-1.2205,-0.064517
8.3932,0.086142,-1.3633,-0.064608
8.3944,0.086142,-1.5001,-0.064698
8.3957,0.086142,-1.6301,-0.064785
8.3969,0.057428,-1.7529,-0.064869
8.3982,0.057428,-1.8679,-0.064951
8.3996,0.057428,-1.9887,-0.065039
8.4026,0.057428,-2.2089,-0.065213
8.4036,0.057428,-2.2652,-0.065261
8.4045,0.057428,-2.3146,-0.065305
8.4054,0.057428,-2.3583,-0.065347
8.4064,0.057428,-2.3962,-0.065385
8.4073,0.100499,-2.4284,-0.065421
8.4082,0.100499,-2.4547,-0.065454
8.4094,0.100499,-2.4801,-0.065492
8.4107,0.100499,-2.4956,-0.065526
8.4119,0.100499,-2.4999,-0.065554
8.4132,0.100499,-2.4931,-0.065576
8.4144,0.100499,-2.4752,-0.065591
8.4157,0.100499,-2.4463,-0.065600
8.4169,0.038285,-2.4065,-0.065603
8.4182,0.038285,-2.3559,-0.065600
8.4194,0.038285,-2.2948,-0.065590
8.4207,0.038285,-2.2236,-0.065574
8.4219,0.038285,-2.1425,-0.065552
8.4232,0.038285,-2.0517,-0.065524
8.4244,0.038285,-1.9519,-0.065489
8.4257,0.038285,-1.8433,-0.065449
8.4269,-0.179462,-1.7265,-0.065404
8.4282,-0.179462,-1.6021,-0.065352
8.4294,-0.179462,-1.4705,-0.065296
8.4307,-0.179462,-1.3320,-0.065234
8.4319,-0.179462,-1.1882,-0.065168
8.4332,-0.179462,-1.0389,-0.065098
8.4344,-0.179462,-0.8848,-0.065023
8.4357,-0.179462,-0.7269,-0.064945
8.4369,-0.179462,-0.5657,-0.064863
8.4382,-0.150748,-0.4020,-0.064779
8.4394,-0.150748,-0.2365,-0.064691
8.4407,-0.150748,-0.0700,-0.064602
8.4419,-0.150748,0.0969,-0.064510
8.4432,-0.150748,0.2633,-0.064417
8.4444,-0.150748,0.4287,-0.064323
8.4457,-0.150748,0.5920,-0.064228
8.4469,-0.150748,0.7527,-0.064133
8.4482,-0.059821,0.9101,-0.064039
8.4494,-0.059821,1.0633,-0.063945
8.4507,-0.059821,1.2119,-0.063852
8.4519,-0.059821,1.3551,-0.063760
8.4532,-0.059821,1.4922,-0.063670
8.4544,-0.059821,1.6227,-0.063583
8.4557,-0.059821,1.7461,-0.063498
8.4592,-0.303888,2.0542,-0.063274
8.4602,-0.303888,2.1261,-0.063218
8.4611,-0.303888,2.1884,-0.063167
8.4621,-0.303888,2.2452,-0.063119
8.4630,-0.303888,2.2966,-0.063074
8.4639,-0.303888,2.3432,-0.063031
8.4649,-0.303888,2.3839,-0.062990
8.4658,-0.303888,2.4181,-0.062954
8.4669,-0.303888,2.4518,-0.062913
8.4682,0.133998,2.4789,-0.062873
8.4694,0.133998,2.4950,-0.062839
8.4707,0.133998,2.5000,-0.062811
8.4719,0.133998,2.4938,-0.062788
8.4732,0.133998,2.4766,-0.062772
8.4744,0.133998,2.4483,-0.062763
8.4757,0.133998,2.4091,-0.062760
8.4769,0.133998,2.3592,-0.062763
8.4782,-0.083749,2.2988,-0.062772
8.4794,-0.083749,2.2281,-0.062788
8.4807,-0.083749,2.1475,-0.062809
8.4819,-0.083749,2.0573,-0.062837
8.4832,-0.083749,1.9580,-0.062871
8.4844,-0.083749,1.8499,-0.062911
8.4857,-0.083749,1.7336,-0.062956
8.4869,-0.083749,1.6096,-0.063007
8.4882,-0.248854,1.4784,-0.063063
8.4894,-0.248854,1.3406,-0.063125
8.4907,-0.248854,1.1969,-0.063190
8.4919,-0.248854,1.0478,-0.063261
8.4932,-0.248854,0.8940,-0.063335
8.4944,-0.248854,0.7363,-0.063413
8.4957,-0.248854,0.5755,-0.063494
8.4969,-0.248854,0.4116,-0.063579
8.4982,-0.150748,0.2463,-0.063666
8.4994,-0.150748,0.0798,-0.063756
8.5007,-0.150748,-0.0871,-0.063847
8.5019,-0.150748,-0.2536,-0.063940
8.5032,-0.150748,-0.4189,-0.064034
8.5044,-0.150748,-0.5824,-0.064129
8.5057,-0.150748,-0.7433,-0.064224
8.5090,0.165105,-1.1552,-0.064475
8.5100,0.165105,-1.2685,-0.064547
8.5109,0.165105,-1.3733,-0.064615
8.5118,0.165105,-1.4745,-0.064681
8.5127,0.165105,-1.5722,-0.064746
8.5137,0.165105,-1.6658,-0.064809
8.5146,0.165105,-1.7555,-0.064871
8.5157,0.165105,-1.8549,-0.064941
8.5169,0.165105,-1.9625,-0.065020
8.5182,0.165105,-2.0615,-0.065095
8.5194,0.133998,-2.1513,-0.065165
8.5207,0.133998,-2.2314,-0.065232
8.5219,0.133998,-2.3016,-0.065293
8.5232,0.133998,-2.3616,-0.065350
8.5244,0.133998,-2.4111,-0.065401
8.5257,0.133998,-2.4498,-0.065447
8.5269,0.133998,-2.4776,-0.065488
8.5282,0.133998,-2.4943,-0.065522
8.5294,-0.011964,-2.5000,-0.065551
8.5307,-0.011964,-2.4945,-0.065573
8.5319,-0.011964,-2.4779,-0.065590
8.5332,-0.011964,-2.4503,-0.065600
8.5344,-0.011964,-2.4117,-0.065603
8.5357,-0.011964,-2.3624,-0.065601
8.5369,-0.011964,-2.3026,-0.065592
8.5382,-0.011964,-2.2325,-0.065576
8.5394,0.066999,-2.1524,-0.065555
8.5407,0.066999,-2.0629,-0.065527
8.5419,0.066999,-1.9641,-0.065494
8.5432,0.066999,-1.8565,-0.065454
8.5444,0.066999,-1.7408,-0.065409
8.5457,0.066999,-1.6172,-0.065359
8.5469,0.066999,-1.4864,-0.065303
8.5482,0.066999,-1.3489,-0.065242
8.5494,-0.244068,-1.2054,-0.065176
8.5507,-0.244068,-1.0567,-0.065107
8.5519,-0.244068,-0.9031,-0.065032
8.5532,-0.244068,-0.7457,-0.064955
8.5544,-0.244068,-0.5848,-0.064873
8.5557,-0.244068,-0.4214,-0.064789
8.5569,-0.244068,-0.2560,-0.064702
8.5601,-0.071785,0.1697,-0.064470
8.5611,-0.071785,0.2978,-0.064398
8.5620,-0.071785,0.4199,-0.064328
8.5629,-0.071785,0.5408,-0.064258
8.5638,-0.071785,0.6602,-0.064188
8.5647,-0.071785,0.7780,-0.064118
8.5657,-0.071785,0.8939,-0.064048
8.5669,-0.071785,1.0456,-0.063956
8.5682,-0.071785,1.1947,-0.063863
8.5694,-0.291924,1.3385,-0.063771
8.5707,-0.291924,1.4764,-0.063681
8.5719,-0.291924,1.6077,-0.063593
8.5732,-0.291924,1.7318,-0.063508
8.5744,-0.291924,1.8482,-0.063426
8.5757,-0.291924,1.9564,-0.063347
8.5769,-0.291924,2.0559,-0.063272
8.5782,-0.291924,2.1462,-0.063202
8.5794,-0.064606,2.2270,-0.063135
8.5807,-0.064606,2.2978,-0.063073
8.5819,-0.064606,2.3584,-0.063016
8.5832,-0.064606,2.4084,-0.062964
8.5844,-0.064606,2.4478,-0.062918
8.5857,-0.064606,2.4763,-0.062877
8.5869,-0.064606,2.4937,-0.062842
8.5882,-0.064606,2.5000,-0.062814
8.5894,0.023928,2.4951,-0.062791
8.5907,0.023928,2.4792,-0.062774
8.5919,0.023928,2.4522,-0.062764
8.5932,0.023928,2.4143,-0.062760
8.5944,0.023928,2.3656,-0.062762
8.5957,0.023928,2.3065,-0.062770
8.5969,0.023928,2.2370,-0.062785
8.5982,0.023928,2.1576,-0.062806
8.5994,0.023928,2.0684,-0.062834
8.6007,-0.117248,1.9701,-0.062867
8.6019,-0.117248,1.8631,-0.062906
8.6032,-0.117248,1.7477,-0.062951
8.6044,-0.117248,1.6246,-0.063001
8.6057,-0.117248,1.4942,-0.063057
8.6069,-0.117248,1.3572,-0.063117
8.6082,-0.117248,1.2141,-0.063182
8.6111,-0.153141,0.8516,-0.063356
8.6121,-0.153141,0.7280,-0.063417
8.6130,-0.153141,0.6092,-0.063477
8.6140,-0.153141,0.4891,-0.063539
8.6149,-0.153141,0.3680,-0.063602
8.6158,-0.153141,0.2459,-0.063667
8.6169,-0.153141,0.0993,-0.063745
8.6182,-0.153141,-0.0674,-0.063836
8.6194,-0.153141,-0.2340,-0.063929
8.6207,-0.009571,-0.3995,-0.064023
8.6219,-0.009571,-0.5633,-0.064118
8.6232,-0.009571,-0.7245,-0.064213
8.6244,-0.009571,-0.8825,-0.064307
8.6257,-0.009571,-1.0366,-0.064402
8.6269,-0.009571,-1.1860,-0.064495
8.6282,-0.009571,-1.3302,-0.064587
8.6294,-0.009571,-1.4684,-0.064677
8.6307,-0.090927,-1.6006,-0.064765
8.6319,-0.090927,-1.7249,-0.064850
8.6332,-0.090927,-1.8416,-0.064932
8.6344,-0.090927,-1.9503,-0.065011
8.6357,-0.090927,-2.0503,-0.065086
8.6369,-0.090927,-2.1412,-0.065157
8.6382,-0.090927,-2.2225,-0.065224
8.6394,-0.090927,-2.2940,-0.065286
8.6407,0.045464,-2.3551,-0.065343
8.6419,0.045464,-2.4058,-0.065396
8.6432,0.045464,-2.4458,-0.065442
8.6444,0.045464,-2.4749,-0.065483
8.6457,0.045464,-2.4930,-0.065518
8.6469,0.045464,-2.4999,-0.065548
8.6482,0.045464,-2.4957,-0.065571
8.6494,0.045464,-2.4804,-0.065588
8.6507,0.145962,-2.4541,-0.065599
8.6519,0.145962,-2.4168,-0.065603
8.6532,0.145962,-2.3688,-0.065601
8.6544,0.145962,-2.3100,-0.065593
8.6557,0.145962,-2.2406,-0.065578
8.6569,0.145962,-2.1622,-0.065558
8.6582,0.145962,-2.0739,-0.065531
8.6598,0.145962,-1.9427,-0.065486
8.6625,0.021535,-1.6964,-0.065391
8.6635,0.021535,-1.6014,-0.065352
8.6644,0.021535,-1.5047,-0.065311
8.6653,0.021535,-1.4046,-0.065267
8.6662,0.021535,-1.3010,-0.065220
8.6671,0.021535,-1.1943,-0.065171
8.6682,0.021535,-1.0744,-0.065115
8.6694,0.021535,-0.9214,-0.065041
8.6707,0.021535,-0.7644,-0.064964
8.6719,-0.198604,-0.6041,-0.064883
8.6732,-0.198604,-0.4406,-0.064799
8.6744,-0.198604,-0.2756,-0.064712
8.6757,-0.198604,-0.1092,-0.064623
8.6769,-0.198604,0.0576,-0.064532
8.6782,-0.198604,0.2242,-0.064439
8.6794,-0.198604,0.3901,-0.064345
8.6807,-0.198604,0.5537,-0.064251
8.6819,-0.038285,0.7151,-0.064156
8.6832,-0.038285,0.8733,-0.064061
8.6844,-0.038285,1.0277,-0.063967
8.6857,-0.038285,1.1774,-0.063873
8.6869,-0.038285,1.3219,-0.063781
8.6882,-0.038285,1.4605,-0.063691
8.6894,-0.038285,1.5926,-0.063603
8.6907,-0.038285,1.7176,-0.063518
8.6919,-0.148355,1.8349,-0.063436
8.6932,-0.148355,1.9441,-0.063357
8.6944,-0.148355,2.0446,-0.063281
8.6957,-0.148355,2.1361,-0.063210
8.6969,-0.148355,2.2182,-0.063142
8.6982,-0.148355,2.2900,-0.063080
8.6994,-0.148355,2.3517,-0.063023
8.7007,-0.148355,2.4031,-0.062970
8.7019,-0.172283,2.4437,-0.062923
8.7032,-0.172283,2.4735,-0.062882
8.7044,-0.172283,2.4922,-0.062846
8.7057,-0.172283,2.4998,-0.062817
8.7069,-0.172283,2.4963,-0.062793
8.7082,-0.172283,2.4816,-0.062776
8.7094,-0.172283,2.4560,-0.062765
8.7110,-0.172283,2.4059,-0.062760
8.7140,-0.019143,2.2689,-0.062778
8.7149,-0.019143,2.2127,-0.062791
8.7159,-0.019143,2.1527,-0.062808
8.7168,-0.019143,2.0875,-0.062828
8.7177,-0.019143,2.0173,-0.062851
8.7186,-0.019143,1.9423,-0.062877
8.7196,-0.019143,1.8625,-0.062906
8.7207,-0.019143,1.7617,-0.062945
8.7219,-0.045464,1.6394,-0.062995
8.7232,-0.045464,1.5099,-0.063050
8.7244,-0.045464,1.3736,-0.063110
8.7257,-0.045464,1.2312,-0.063174
8.7269,-0.045464,1.0833,-0.063244
8.7282,-0.045464,0.9306,-0.063317
8.7294,-0.045464,0.7738,-0.063394
8.7307,-0.045464,0.6129,-0.063475
8.7319,-0.251246,0.4490,-0.063560
8.7332,-0.251246,0.2848,-0.063646
8.7344,-0.251246,0.1190,-0.063735
8.7357,-0.251246,-0.0479,-0.063826
8.7369,-0.251246,-0.2144,-0.063918
8.7382,-0.251246,-0.3801,-0.064012
8.7394,-0.251246,-0.5441,-0.064107
8.7407,-0.251246,-0.7057,-0.064202
8.7419,-0.059821,-0.8641,-0.064296
8.7432,-0.059821,-1.0186,-0.064391
8.7444,-0.059821,-1.1687,-0.064484
8.7457,-0.059821,-1.3135,-0.064576
8.7469,-0.059821,-1.4525,-0.064666
8.7482,-0.059821,-1.5850,-0.064754
8.7494,-0.059821,-1.7104,-0.064840
8.7507,-0.059821,-1.8283,-0.064922
8.7519,-0.059821,-1.9379,-0.065002
8.7532,0.102891,-2.0390,-0.065077
8.7544,0.102891,-2.1309,-0.065149
8.7557,0.102891,-2.2134,-0.065216
8.7569,0.102891,-2.2860,-0.065279
8.7582,0.102891,-2.3485,-0.065337
8.7594,0.102891,-2.4004,-0.065390
8.7607,0.102891,-2.4416,-0.065437
8.7623,0.038285,-2.4798,-0.065492
8.7655,0.038285,-2.4979,-0.065565
8.7664,0.038285,-2.4894,-0.065580
8.7674,0.038285,-2.4750,-0.065591
8.7683,0.038285,-2.4546,-0.065599
8.7692,0.038285,-2.4282,-0.065603
8.7701,0.038285,-2.3960,-0.065603
8.7710,0.038285,-2.3580,-0.065600
8.7720,0.038285,-2.3143,-0.065594
8.7732,0.064606,-2.2498,-0.065581
8.7744,0.064606,-2.1722,-0.065561
8.7757,0.064606,-2.0848,-0.065534
8.7769,0.064606,-1.9881,-0.065502
8.7782,0.064606,-1.8826,-0.065464
8.7794,0.064606,-1.7685,-0.065420
8.7807,0.064606,-1.6469,-0.065371
8.7819,0.064606,-1.5177,-0.065316
8.7832,0.043071,-1.3818,-0.065257
8.7844,0.043071,-1.2397,-0.065192
8.7857,0.043071,-1.0922,-0.065123
8.7869,0.043071,-0.9397,-0.065050
8.7882,0.043071,-0.7831,-0.064973
8.7894,0.043071,-0.6229,-0.064893
8.7907,0.043071,-0.4600,-0.064809
8.7919,0.043071,-0.2951,-0.064722
8.7932,-0.100499,-0.1289,-0.064634
8.7944,-0.100499,0.0380,-0.064543
8.7957,-0.100499,0.2047,-0.064450
8.7969,-0.100499,0.3704,-0.064356
8.7982,-0.100499,0.5345,-0.064262
8.7994,-0.100499,0.6963,-0.064167
8.8007,-0.100499,0.8549,-0.064072
8.8019,-0.100499,1.0097,-0.063978
8.8032,-0.277567,1.1600,-0.063884
8.8044,-0.277567,1.3052,-0.063792
8.8057,-0.277567,1.4445,-0.063702
8.8069,-0.277567,1.5774,-0.063614
8.8082,-0.277567,1.7033,-0.063528
8.8094,-0.277567,1.8216,-0.063445
8.8107,-0.277567,1.9317,-0.063366
8.8119,-0.277567,2.0333,-0.063290
8.8132,-0.045464,2.1258,-0.063218
8.8167,-0.045464,2.3337,-0.063040
8.8176,-0.045464,2.3771,-0.062997
8.8186,-0.045464,2.4124,-0.062960
8.8195,-0.045464,2.4418,-0.062926
8.8204,-0.045464,2.4652,-0.062894
8.8213,-0.045464,2.4826,-0.062866
8.8222,-0.045464,2.4941,-0.062841
8.8232,-0.248854,2.4995,-0.062820
8.8244,-0.248854,2.4973,-0.062795
8.8257,-0.248854,2.4840,-0.062777
8.8269,-0.248854,2.4596,-0.062766
8.8282,-0.248854,2.4242,-0.062760
8.8294,-0.248854,2.3780,-0.062761
8.8307,-0.248854,2.3212,-0.062768
8.8319,-0.248854,2.2542,-0.062781
8.8332,-0.248854,2.1769,-0.062801
8.8344,0.002393,2.0902,-0.062827
8.8357,0.002393,1.9941,-0.062859
8.8369,0.002393,1.8890,-0.062896
8.8382,0.002393,1.7756,-0.062940
8.8394,0.002393,1.6541,-0.062989
8.8407,0.002393,1.5255,-0.063043
8.8419,0.002393,1.3900,-0.063102
8.8432,0.002393,1.2483,-0.063167
8.8444,-0.155533,1.1010,-0.063235
8.8457,-0.155533,0.9488,-0.063308
8.8469,-0.155533,0.7924,-0.063385
8.8482,-0.155533,0.6324,-0.063465
8.8494,-0.155533,0.4697,-0.063549
8.8507,-0.155533,0.3048,-0.063635
8.8519,-0.155533,0.1387,-0.063724
8.8532,-0.155533,-0.0282,-0.063815
8.8544,-0.055035,-0.1948,-0.063907
8.8557,-0.055035,-0.3608,-0.064001
8.8569,-0.055035,-0.5250,-0.064096
8.8582,-0.055035,-0.6869,-0.064190
8.8594,-0.055035,-0.8457,-0.064285
8.8607,-0.055035,-1.0008,-0.064380
8.8619,-0.055035,-1.1514,-0.064473
8.8632,-0.055035,-1.2968,-0.064565
8.8644,0.000000,-1.4365,-0.064656
8.8675,0.000000,-1.7516,-0.064868
8.8684,0.000000,-1.8415,-0.064932
8.8694,0.000000,-1.9227,-0.064991
8.8703,0.000000,-1.9990,-0.065047
8.8712,0.000000,-2.0706,-0.065102
8.8721,0.000000,-2.1369,-0.065154
8.8732,0.000000,-2.2042,-0.065209
8.8744,0.083749,-2.2780,-0.065272
8.8757,0.083749,-2.3416,-0.065330
8.8769,0.083749,-2.3948,-0.065384
8.8782,0.083749,-2.4373,-0.065432
8.8794,0.083749,-2.4690,-0.065474
8.8807,0.083749,-2.4897,-0.065511
8.8819,0.083749,-2.4993,-0.065541
8.8832,0.083749,-2.4977,-0.065566
8.8844,-0.083749,-2.4850,-0.065585
8.8857,-0.083749,-2.4613,-0.065597
8.8869,-0.083749,-2.4266,-0.065603
8.8882,-0.083749,-2.3810,-0.065602
8.8894,-0.083749,-2.3249,-0.065596
8.8907,-0.083749,-2.2584,-0.065583
8.8919,-0.083749,-2.1819,-0.065563
8.8932,-0.083749,-2.0956,-0.065538
8.8944,-0.014357,-2.0000,-0.065506
8.8957,-0.014357,-1.8954,-0.065469
8.8969,-0.014357,-1.7825,-0.065426
8.8982,-0.014357,-1.6616,-0.065377
8.8994,-0.014357,-1.5332,-0.065323
8.9007,-0.014357,-1.3981,-0.065264
8.9019,-0.014357,-1.2567,-0.065200
8.9032,-0.014357,-1.1098,-0.065132
8.9044,0.045464,-0.9580,-0.065059
8.9057,0.045464,-0.8018,-0.064983
8.9069,0.045464,-0.6414,-0.064902
8.9082,0.045464,-0.4793,-0.064819
8.9094,0.045464,-0.3146,-0.064733
8.9107,0.045464,-0.1484,-0.064644
8.9119,0.045464,0.0185,-0.064553
8.9132,0.045464,0.1851,-0.064461
8.9144,0.045464,0.3510,-0.064367
8.9157,-0.050249,0.5154,-0.064273
8.9185,-0.050249,0.8847,-0.064054
8.9195,-0.050249,1.0020,-0.063982
8.9204,-0.050249,1.1132,-0.063914
8.9213,-0.050249,1.2220,-0.063845
8.9223,-0.050249,1.3280,-0.063778
8.9232,-0.050249,1.4305,-0.063711
8.9244,-0.050249,1.5622,-0.063624
8.9257,-0.117248,1.6889,-0.063538
8.9269,-0.117248,1.8081,-0.063455
8.9282,-0.117248,1.9192,-0.063375
8.9294,-0.117248,2.0218,-0.063298
8.9307,-0.117248,2.1155,-0.063226
8.9319,-0.117248,2.1996,-0.063158
8.9332,-0.117248,2.2739,-0.063094
8.9344,-0.117248,2.3382,-0.063036
8.9357,-0.133998,2.3920,-0.062982
8.9369,-0.133998,2.4352,-0.062934
8.9382,-0.133998,2.4675,-0.062891
8.9394,-0.133998,2.4888,-0.062854
8.9407,-0.133998,2.4990,-0.062823
8.9419,-0.133998,2.4981,-0.062798
8.9432,-0.133998,2.4861,-0.062779
8.9444,-0.133998,2.4630,-0.062767
8.9457,-0.500100,2.4289,-0.062760
8.9469,-0.500100,2.3840,-0.062760
8.9482,-0.500100,2.3285,-0.062767
8.9494,-0.500100,2.2626,-0.062779
8.9507,-0.500100,2.1866,-0.062798
8.9519,-0.500100,2.1009,-0.062823
8.9532,-0.500100,2.0058,-0.062855
8.9544,-0.500100,1.9018,-0.062892
8.9557,0.358923,1.7895,-0.062934
8.9569,0.358923,1.6690,-0.062983
8.9582,0.358923,1.5410,-0.063036
8.9594,0.358923,1.4063,-0.063095
8.9607,0.358923,1.2652,-0.063159
8.9619,0.358923,1.1185,-0.063227
8.9632,0.358923,0.9669,-0.063299
8.9644,0.358923,0.8110,-0.063376
8.9657,-0.119641,0.6514,-0.063456
8.9673,-0.119641,0.4414,-0.063564
8.9708,-0.119641,-0.0241,-0.063813
8.9718,-0.119641,-0.1553,-0.063885
8.9727,-0.119641,-0.2783,-0.063954
8.9736,-0.119641,-0.4002,-0.064024
8.9745,-0.119641,-0.5211,-0.064093
8.9754,-0.119641,-0.6410,-0.064163
8.9764,-0.227318,-0.7590,-0.064233
8.9773,-0.227318,-0.8752,-0.064303
8.9782,-0.227318,-0.9893,-0.064373
8.9794,-0.227318,-1.1342,-0.064462
8.9807,-0.227318,-1.2800,-0.064554
8.9819,-0.227318,-1.4204,-0.064645
8.9832,-0.227318,-1.5544,-0.064734
8.9844,-0.227318,-1.6816,-0.064820
8.9857,0.150748,-1.8013,-0.064903
8.9869,0.150748,-1.9129,-0.064983
8.9882,0.150748,-2.0160,-0.065060
8.9894,0.150748,-2.1101,-0.065133
8.9907,0.150748,-2.1949,-0.065201
8.9919,0.150748,-2.2698,-0.065265
8.9932,0.150748,-2.3347,-0.065324
8.9944,0.150748,-2.3891,-0.065378
8.9957,0.150748,-2.4329,-0.065426
8.9969,-0.263210,-2.4659,-0.065469
8.9982,-0.263210,-2.4878,-0.065507
8.9994,-0.263210,-2.4987,-0.065538
9.0007,-0.263210,-2.4985,-0.065563
9.0019,-0.263210,-2.4871,-0.065583
9.0032,-0.263210,-2.4647,-0.065596
9.0044,-0.263210,-2.4312,-0.065602
9.0057,-0.263210,-2.3870,-0.065603
9.0069,-0.131605,-2.3320,-0.065597
9.0082,-0.131605,-2.2668,-0.065584
9.0094,-0.131605,-2.1914,-0.065566
9.0107,-0.131605,-2.1062,-0.065541
9.0119,-0.131605,-2.0117,-0.065510
9.0132,-0.131605,-1.9082,-0.065474
9.0144,-0.131605,-1.7962,-0.065431
9.0157,-0.131605,-1.6762,-0.065383
9.0169,0.356531,-1.5487,-0.065330
9.0184,0.356531,-1.3886,-0.065260
9.0212,0.356531,-1.0675,-0.065112
9.0221,0.356531,-0.9519,-0.065056
9.0230,0.356531,-0.8367,-0.065000
9.0239,0.356531,-0.7197,-0.064942
9.0249,0.356531,-0.6010,-0.064881
9.0258,0.356531,-0.4810,-0.064820
9.0269,0.215354,-0.3340,-0.064743
9.0282,0.215354,-0.1681,-0.064655
9.0294,0.215354,-0.0013,-0.064564
9.0307,0.215354,0.1657,-0.064472
9.0319,0.215354,0.3316,-0.064378
9.0332,0.215354,0.4961,-0.064284
9.0344,0.215354,0.6585,-0.064189
9.0357,0.215354,0.8179,-0.064094
9.0369,-0.325424,0.9737,-0.064000
9.0382,-0.325424,1.1251,-0.063906
9.0394,-0.325424,1.2715,-0.063814
9.0407,-0.325424,1.4126,-0.063723
9.0419,-0.325424,1.5468,-0.063634
9.0432,-0.325424,1.6743,-0.063548
9.0444,-0.325424,1.7945,-0.063464
9.0457,-0.325424,1.9066,-0.063384
9.0469,-0.009571,2.0102,-0.063307
9.0482,-0.009571,2.1049,-0.063234
9.0494,-0.009571,2.1902,-0.063166
9.0507,-0.009571,2.2657,-0.063102
9.0519,-0.009571,2.3312,-0.063042
9.0532,-0.009571,2.3862,-0.062988
9.0544,-0.009571,2.4306,-0.062939
9.0557,-0.009571,2.4642,-0.062896
9.0569,-0.564706,2.4868,-0.062858
9.0582,-0.564706,2.4984,-0.062826
9.0594,-0.564706,2.4988,-0.062801
9.0607,-0.564706,2.4881,-0.062781
9.0619,-0.564706,2.4663,-0.062768
9.0632,-0.564706,2.4335,-0.062761
9.0644,-0.564706,2.3898,-0.062760
9.0657,-0.564706,2.3356,-0.062766
9.0669,0.040678,2.2709,-0.062778
9.0682,0.040678,2.1961,-0.062796
9.0697,0.040678,2.0933,-0.062826
9.0726,0.040678,1.8494,-0.062911
9.0736,0.040678,1.7621,-0.062945
9.0745,0.040678,1.6727,-0.062981
9.0754,0.040678,1.5793,-0.063020
9.0764,0.040678,1.4820,-0.063062
9.0773,-0.165105,1.3812,-0.063106
9.0782,-0.165105,1.2769,-0.063153
9.0794,-0.165105,1.1360,-0.063219
9.0807,-0.165105,0.9850,-0.063291
9.0819,-0.165105,0.8296,-0.063367
9.0832,-0.165105,0.6704,-0.063446
9.0844,-0.165105,0.5081,-0.063529
9.0857,-0.165105,0.3438,-0.063615
9.0869,-0.165105,0.1779,-0.063703
9.0882,0.234497,0.0099,-0.063794
9.0894,0.234497,-0.1577,-0.063887
9.0907,0.234497,-0.3224,-0.063979
9.0919,0.234497,-0.4865,-0.064073
9.0932,0.234497,-0.6490,-0.064168
9.0944,0.234497,-0.8086,-0.064263
9.0957,0.234497,-0.9646,-0.064357
9.0969,0.234497,-1.1163,-0.064451
9.0982,-0.145962,-1.2631,-0.064544
9.0994,-0.145962,-1.4044,-0.064635
9.1007,-0.145962,-1.5390,-0.064724
9.1019,-0.145962,-1.6670,-0.064810
9.1032,-0.145962,-1.7876,-0.064894
9.1044,-0.145962,-1.9002,-0.064974
9.1057,-0.145962,-2.0043,-0.065051
9.1069,-0.145962,-2.0996,-0.065124
9.1082,-0.009571,-2.1854,-0.065193
9.1094,-0.009571,-2.2615,-0.065258
9.1107,-0.009571,-2.3276,-0.065317
9.1119,-0.009571,-2.3833,-0.065372
9.1132,-0.009571,-2.4283,-0.065421
9.1144,-0.009571,-2.4626,-0.065465
9.1157,-0.009571,-2.4858,-0.065503
9.1169,-0.009571,-2.4980,-0.065535
9.1182,-0.110070,-2.4991,-0.065561
9.1194,-0.110070,-2.4890,-0.065581
9.1210,-0.110070,-2.4608,-0.065597
9.1240,-0.110070,-2.3554,-0.065600
9.1250,-0.110070,-2.3099,-0.065593
9.1259,-0.110070,-2.2599,-0.065583
9.1268,-0.110070,-2.2046,-0.065569
9.1278,-0.110070,-2.1439,-0.065552
9.1287,-0.174676,-2.0780,-0.065532
9.1296,-0.174676,-2.0072,-0.065509
9.1307,-0.174676,-1.9207,-0.065478
9.1319,-0.174676,-1.8098,-0.065436
9.1332,-0.174676,-1.6907,-0.065389
9.1344,-0.174676,-1.5641,-0.065336
9.1357,-0.174676,-1.4305,-0.065278
9.1369,-0.174676,-1.2906,-0.065216
9.1382,0.200997,-1.1449,-0.065148
9.1394,0.200997,-0.9939,-0.065076
9.1407,0.200997,-0.8385,-0.065001
9.1419,0.200997,-0.6797,-0.064921
9.1432,0.200997,-0.5178,-0.064839
9.1444,0.200997,-0.3535,-0.064753
9.1457,0.200997,-0.1876,-0.064665
9.1469,0.200997,-0.0209,-0.064575
9.1482,0.200997,0.1459,-0.064483
9.1494,-0.002393,0.3120,-0.064389
9.1507,-0.002393,0.4768,-0.064295
9.1519,-0.002393,0.6395,-0.064200
9.1532,-0.002393,0.7993,-0.064106
9.1544,-0.002393,0.9555,-0.064011
9.1557,-0.002393,1.1090,-0.063916
9.1569,-0.002393,1.2550,-0.063824
9.1582,-0.002393,1.3961,-0.063733
9.1594,0.047856,1.5318,-0.063644
9.1607,0.047856,1.6596,-0.063558
9.1619,0.047856,1.7807,-0.063474
9.1632,0.047856,1.8938,-0.063393
9.1644,0.047856,1.9985,-0.063316
9.1657,0.047856,2.0942,-0.063243
9.1669,0.047856,2.1806,-0.063174
9.1682,0.047856,2.2573,-0.063109
9.1694,-0.153141,2.3240,-0.063049
9.1707,-0.153141,2.3803,-0.062994
9.1719,-0.153141,2.4260,-0.062945
9.1732,-0.153141,2.4609,-0.062901
9.1744,-0.153141,2.4848,-0.062862
9.1757,-0.153141,2.4976,-0.062830
9.1769,-0.153141,2.4993,-0.062803
9.1782,-0.153141,2.4899,-0.062783
9.1794,-0.435494,2.4694,-0.062769
9.1819,-0.435494,2.3942,-0.062760
9.1829,-0.435494,2.3549,-0.062763
9.1838,-0.435494,2.3105,-0.062770
9.1847,-0.435494,2.2605,-0.062780
9.1857,-0.435494,2.2052,-0.062793
9.1869,-0.435494,2.1219,-0.062817
9.1882,-0.435494,2.0290,-0.062847
9.1894,-0.114855,1.9271,-0.062882
9.1907,-0.114855,1.8166,-0.062924
9.1919,-0.114855,1.6979,-0.062971
9.1932,-0.114855,1.5718,-0.063023
9.1944,-0.114855,1.4386,-0.063081
9.1957,-0.114855,1.2990,-0.063143
9.1969,-0.114855,1.1536,-0.063211
9.1982,-0.114855,1.0029,-0.063282
9.1994,0.028714,0.8479,-0.063357
9.2007,0.028714,0.6893,-0.063437
9.2019,0.028714,0.5274,-0.063519
9.2032,0.028714,0.3633,-0.063604
9.2044,0.028714,0.1974,-0.063692
9.2057,0.028714,0.0307,-0.063783
9.2069,0.028714,-0.1361,-0.063875
9.2082,0.028714,-0.3025,-0.063968
9.2094,-0.098106,-0.4672,-0.064062
9.2107,-0.098106,-0.6300,-0.064157
9.2119,-0.098106,-0.7900,-0.064252
9.2132,-0.098106,-0.9464,-0.064346
9.2144,-0.098106,-1.0987,-0.064440
9.2157,-0.098106,-1.2461,-0.064533
9.2169,-0.098106,-1.3878,-0.064624
9.2182,-0.098106,-1.5235,-0.064713
9.2194,-0.040678,-1.6523,-0.064800
9.2207,-0.040678,-1.7738,-0.064884
9.2219,-0.040678,-1.8874,-0.064965
9.2232,-0.040678,-1.9925,-0.065042
9.2244,-0.040678,-2.0889,-0.065116
9.2257,-0.040678,-2.1758,-0.065185
9.2269,-0.040678,-2.2531,-0.065250
9.2282,-0.040678,-2.3204,-0.065310
9.2294,-0.040678,-2.3773,-0.065366
9.2311,0.083749,-2.4369,-0.065431
9.2338,0.083749,-2.4924,-0.065517
9.2348,0.083749,-2.4991,-0.065540
9.2357,0.083749,-2.4994,-0.065559
9.2366,0.083749,-2.4936,-0.065575
9.2376,0.083749,-2.4818,-0.065587
9.2385,0.083749,-2.4640,-0.065596
9.2394,0.083749,-2.4402,-0.065601
9.2407,0.055035,-2.3982,-0.065603
9.2419,0.055035,-2.3459,-0.065599
9.2432,0.055035,-2.2830,-0.065588
9.2444,0.055035,-2.2100,-0.065571
9.2457,0.055035,-2.1271,-0.065547
9.2469,0.055035,-2.0347,-0.065518
9.2482,0.055035,-1.9333,-0.065483
9.2494,0.055035,-1.8233,-0.065442
9.2507,-0.217747,-1.7052,-0.065395
9.2519,-0.217747,-1.5793,-0.065343
9.2532,-0.217747,-1.4466,-0.065285
9.2544,-0.217747,-1.3073,-0.065223
9.2557,-0.217747,-1.1623,-0.065156
9.2569,-0.217747,-1.0120,-0.065085
9.2582,-0.217747,-0.8573,-0.065010
9.2594,-0.217747,-0.6987,-0.064931
9.2607,-0.200997,-0.5370,-0.064849
9.2619,-0.200997,-0.3730,-0.064763
9.2632,-0.200997,-0.2072,-0.064676
9.2644,-0.200997,-0.0405,-0.064586
9.2657,-0.200997,0.1263,-0.064494
9.2669,-0.200997,0.2926,-0.064401
9.2682,-0.200997,0.4576,-0.064306
9.2694,-0.200997,0.6205,-0.064212
9.2707,0.093320,0.7807,-0.064117
9.2719,0.093320,0.9380,-0.064022
9.2732,0.093320,1.0899,-0.063928
9.2744,0.093320,1.2375,-0.063835
9.2757,0.093320,1.3797,-0.063744
9.2769,0.093320,1.5157,-0.063655
9.2782,0.093320,1.6450,-0.063568
9.2794,0.093320,1.7669,-0.063484
9.2807,0.193819,1.8810,-0.063403
9.2819,0.193819,1.9866,-0.063325
9.2850,0.193819,2.2094,-0.063150
9.2860,0.193819,2.2663,-0.063101
9.2869,0.193819,2.3156,-0.063057
9.2878,0.193819,2.3592,-0.063015
9.2887,0.193819,2.3971,-0.062977
9.2896,0.193819,2.4291,-0.062941
9.2907,-0.038285,2.4573,-0.062905
9.2919,-0.038285,2.4825,-0.062866
9.2932,-0.038285,2.4967,-0.062833
9.2944,-0.038285,2.4997,-0.062806
9.2957,-0.038285,2.4916,-0.062785
9.2969,-0.038285,2.4724,-0.062770
9.2982,-0.038285,2.4422,-0.062762
9.2994,-0.038285,2.4010,-0.062760
9.3007,-0.363709,2.3493,-0.062764
9.3019,-0.363709,2.2870,-0.062774
9.3032,-0.363709,2.2146,-0.062791
9.3044,-0.363709,2.1322,-0.062814
9.3057,-0.363709,2.0405,-0.062843
9.3069,-0.363709,1.9395,-0.062878
9.3082,-0.363709,1.8300,-0.062919
9.3094,-0.363709,1.7123,-0.062965
9.3107,-0.363709,1.5869,-0.063017
9.3119,-0.301496,1.4545,-0.063074
9.3132,-0.301496,1.3157,-0.063136
9.3144,-0.301496,1.1709,-0.063202
9.3157,-0.301496,1.0210,-0.063273
9.3169,-0.301496,0.8665,-0.063348
9.3182,-0.301496,0.7081,-0.063427
9.3194,-0.301496,0.5465,-0.063509
9.3207,-0.301496,0.3828,-0.063594
9.3219,-0.294317,0.2171,-0.063682
9.3232,-0.294317,0.0477,-0.063773
9.3244,-0.294317,-0.1166,-0.063864
9.3257,-0.294317,-0.2828,-0.063957
9.3269,-0.294317,-0.4479,-0.064051
9.3282,-0.294317,-0.6110,-0.064146
9.3294,-0.294317,-0.7714,-0.064241
9.3307,-0.294317,-0.9285,-0.064335
9.3319,0.208176,-1.0811,-0.064429
9.3335,0.208176,-1.2718,-0.064549
9.3360,0.208176,-1.5494,-0.064730
9.3370,0.208176,-1.6460,-0.064796
9.3379,0.208176,-1.7368,-0.064858
9.3388,0.208176,-1.8232,-0.064919
9.3398,0.208176,-1.9052,-0.064978
9.3407,0.208176,-1.9829,-0.065035
9.3419,0.086142,-2.0781,-0.065107
9.3432,0.086142,-2.1661,-0.065177
9.3444,0.086142,-2.2445,-0.065243
9.3457,0.086142,-2.3130,-0.065304
9.3469,0.086142,-2.3711,-0.065359
9.3482,0.086142,-2.4187,-0.065410
9.3494,0.086142,-2.4555,-0.065455
9.3507,0.086142,-2.4813,-0.065494
9.3519,0.203390,-2.4962,-0.065528
9.3532,0.203390,-2.4998,-0.065555
9.3544,0.203390,-2.4924,-0.065577
9.3557,0.203390,-2.4738,-0.065592
9.3569,0.203390,-2.4443,-0.065601
9.3582,0.203390,-2.4038,-0.065603
9.3594,0.203390,-2.3526,-0.065600
9.3607,0.203390,-2.2910,-0.065589
9.3619,-0.167498,-2.2191,-0.065573
9.3632,-0.167498,-2.1374,-0.065551
9.3644,-0.167498,-2.0461,-0.065522
9.3657,-0.167498,-1.9457,-0.065487
9.3669,-0.167498,-1.8367,-0.065447
9.3682,-0.167498,-1.7194,-0.065401
9.3694,-0.167498,-1.5945,-0.065349
9.3707,-0.167498,-1.4625,-0.065292
9.3719,-0.229711,-1.3242,-0.065231
9.3732,-0.229711,-1.1796,-0.065164
9.3744,-0.229711,-1.0299,-0.065094
9.3757,-0.229711,-0.8756,-0.065019
9.3769,-0.229711,-0.7175,-0.064940
9.3782,-0.229711,-0.5561,-0.064859
9.3794,-0.229711,-0.3923,-0.064774
9.3807,-0.229711,-0.2267,-0.064686
9.3819,-0.035892,-0.0601,-0.064596
9.3832,-0.035892,0.1067,-0.064505
9.3846,-0.035892,0.3028,-0.064395
9.3871,-0.035892,0.6304,-0.064206
9.3881,-0.035892,0.7537,-0.064133
9.3890,-0.035892,0.8703,-0.064063
9.3899,-0.035892,0.9846,-0.063993
9.3909,-0.035892,1.0965,-0.063924
9.3919,-0.035892,1.2206,-0.063846
9.3932,0.055035,1.3633,-0.063755
9.3944,0.055035,1.5000,-0.063665
9.3957,0.055035,1.6301,-0.063578
9.3969,0.055035,1.7529,-0.063493
9.3982,0.055035,1.8679,-0.063412
9.3994,0.055035,1.9746,-0.063334
9.4007,0.055035,2.0725,-0.063260
9.4019,0.055035,2.1611,-0.063189
9.4032,-0.014357,2.2402,-0.063124
9.4044,-0.014357,2.3092,-0.063063
9.4057,-0.014357,2.3680,-0.063007
9.4069,-0.014357,2.4162,-0.062956
9.4082,-0.014357,2.4536,-0.062910
9.4094,-0.014357,2.4801,-0.062871
9.4107,-0.014357,2.4956,-0.062837
9.4119,-0.014357,2.4999,-0.062809
9.4132,0.026321,2.4931,-0.062787
9.4144,0.026321,2.4752,-0.062772
9.4157,0.026321,2.4463,-0.062762
9.4169,0.026321,2.4064,-0.062760
9.4182,0.026321,2.3559,-0.062763
9.4194,0.026321,2.2947,-0.062773
9.4207,0.026321,2.2236,-0.062789
9.4219,0.026321,2.1425,-0.062811
9.4232,-0.205783,2.0517,-0.062839
9.4244,-0.205783,1.9517,-0.062873
9.4257,-0.205783,1.8432,-0.062914
9.4269,-0.205783,1.7265,-0.062959
9.4282,-0.205783,1.6021,-0.063010
9.4294,-0.205783,1.4705,-0.063067
9.4307,-0.205783,1.3320,-0.063128
9.4319,-0.205783,1.1881,-0.063194
9.4332,-0.325424,1.0389,-0.063265
9.4344,-0.325424,0.8848,-0.063339
9.4358,-0.325424,0.7141,-0.063424
9.4395,-0.325424,0.2278,-0.063676
9.4405,-0.325424,0.0968,-0.063747
9.4414,-0.325424,-0.0265,-0.063814
9.4423,-0.325424,-0.1495,-0.063882
9.4432,-0.126820,-0.2724,-0.063951
9.4441,-0.126820,-0.3940,-0.064020
9.4451,-0.126820,-0.5149,-0.064090
9.4460,-0.126820,-0.6347,-0.064160
9.4469,-0.126820,-0.7528,-0.064230
9.4482,-0.126820,-0.9101,-0.064324
9.4494,-0.126820,-1.0633,-0.064418
9.4507,-0.126820,-1.2118,-0.064511
9.4519,-0.126820,-1.3550,-0.064603
9.4532,0.007178,-1.4922,-0.064692
9.4544,0.007178,-1.6227,-0.064780
9.4557,0.007178,-1.7459,-0.064864
9.4569,0.007178,-1.8614,-0.064946
9.4582,0.007178,-1.9686,-0.065024
9.4594,0.007178,-2.0671,-0.065099
9.4607,0.007178,-2.1562,-0.065169
9.4619,0.007178,-2.2358,-0.065235
9.4632,0.026321,-2.3054,-0.065297
9.4644,0.026321,-2.3650,-0.065353
9.4657,0.026321,-2.4137,-0.065404
9.4669,0.026321,-2.4517,-0.065450
9.4682,0.026321,-2.4789,-0.065490
9.4694,0.026321,-2.4950,-0.065524
9.4707,0.026321,-2.5000,-0.065552
9.4719,0.026321,-2.4939,-0.065574
9.4732,0.026321,-2.4766,-0.065590
9.4744,0.205783,-2.4483,-0.065600
9.4757,0.205783,-2.4091,-0.065603
9.4769,0.205783,-2.3592,-0.065600
9.4782,0.205783,-2.2988,-0.065591
9.4794,0.205783,-2.2281,-0.065575
9.4807,0.205783,-2.1475,-0.065553
9.4819,0.205783,-2.0573,-0.065526
9.4832,0.205783,-1.9580,-0.065492
9.4844,-0.229711,-1.8499,-0.065452
9.4857,-0.229711,-1.7336,-0.065406
9.4870,-0.229711,-1.5965,-0.065350
9.4902,-0.229711,-1.2528,-0.065198
9.4911,-0.229711,-1.1414,-0.065147
9.4920,-0.229711,-1.0302,-0.065094
9.4930,-0.229711,-0.9168,-0.065039
9.4939,-0.198604,-0.8012,-0.064982
9.4948,-0.198604,-0.6836,-0.064923
9.4957,-0.198604,-0.5643,-0.064863
9.4969,-0.198604,-0.4116,-0.064784
9.4982,-0.198604,-0.2463,-0.064697
9.4994,-0.198604,-0.0798,-0.064607
9.5007,-0.198604,0.0870,-0.064516
9.5019,-0.198604,0.2536,-0.064423
9.5032,-0.198604,0.4189,-0.064329
9.5044,-0.021535,0.5824,-0.064234
9.5057,-0.021535,0.7433,-0.064139
9.5069,-0.021535,0.9008,-0.064044
9.5082,-0.021535,1.0544,-0.063950
9.5094,-0.021535,1.2033,-0.063857
9.5107,-0.021535,1.3468,-0.063765
9.5119,-0.021535,1.4843,-0.063676
9.5132,-0.021535,1.6152,-0.063588
9.5144,0.136391,1.7389,-0.063503
9.5157,0.136391,1.8548,-0.063421
9.5169,0.136391,1.9625,-0.063343
9.5182,0.136391,2.0614,-0.063268
9.5194,0.136391,2.1513,-0.063197
9.5207,0.136391,2.2314,-0.063131
9.5219,0.136391,2.3016,-0.063070
9.5232,0.136391,2.3616,-0.063013
9.5244,0.016750,2.4111,-0.062962
9.5257,0.016750,2.4498,-0.062916
9.5269,0.016750,2.4776,-0.062875
9.5282,0.016750,2.4943,-0.062841
9.5294,0.016750,2.5000,-0.062812
9.5307,0.016750,2.4945,-0.062789
9.5319,0.016750,2.4779,-0.062773
9.5332,0.016750,2.4503,-0.062763
9.5344,-0.062213,2.4117,-0.062760
9.5357,-0.062213,2.3624,-0.062762
9.5369,-0.062213,2.3026,-0.062771
9.5383,-0.062213,2.2220,-0.062789
9.5412,-0.062213,2.0171,-0.062851
9.5422,-0.062213,1.9399,-0.062878
9.5431,-0.062213,1.8599,-0.062907
9.5440,-0.062213,1.7755,-0.062940
9.5450,-0.244068,1.6867,-0.062975
9.5459,-0.244068,1.5939,-0.063014
9.5469,-0.244068,1.4862,-0.063060
9.5482,-0.244068,1.3489,-0.063121
9.5494,-0.244068,1.2055,-0.063186
9.5507,-0.244068,1.0567,-0.063256
9.5519,-0.244068,0.9031,-0.063330
9.5532,-0.244068,0.7456,-0.063408
9.5544,-0.244068,0.5848,-0.063490
9.5557,-0.248854,0.4214,-0.063574
9.5569,-0.248854,0.2561,-0.063661
9.5582,-0.248854,0.0896,-0.063751
9.5594,-0.248854,-0.0775,-0.063842
9.5607,-0.248854,-0.2438,-0.063935
9.5619,-0.248854,-0.4092,-0.064029
9.5632,-0.248854,-0.5728,-0.064123
9.5644,-0.248854,-0.7339,-0.064218
9.5657,-0.217747,-0.8917,-0.064313
9.5669,-0.217747,-1.0455,-0.064407
9.5682,-0.217747,-1.1947,-0.064500
9.5694,-0.217747,-1.3385,-0.064592
9.5707,-0.217747,-1.4764,-0.064682
9.5719,-0.217747,-1.6077,-0.064770
9.5732,-0.217747,-1.7318,-0.064855
9.5744,-0.217747,-1.8482,-0.064937
9.5757,-0.028714,-1.9563,-0.065015
9.5769,-0.028714,-2.0558,-0.065090
9.5782,-0.028714,-2.1461,-0.065161
9.5794,-0.028714,-2.2270,-0.065228
9.5807,-0.028714,-2.2978,-0.065290
9.5819,-0.028714,-2.3584,-0.065347
9.5832,-0.028714,-2.4085,-0.065398
9.5844,-0.028714,-2.4478,-0.065445
9.5857,0.110070,-2.4763,-0.065485
9.5869,0.110070,-2.4937,-0.065520
9.5882,0.110070,-2.5000,-0.065549
9.5894,0.110070,-2.4951,-0.065572
9.5921,0.110070,-2.4471,-0.065600
9.5930,0.110070,-2.4182,-0.065603
9.5940,0.110070,-2.3840,-0.065602
9.5949,0.110070,-2.3441,-0.065598
9.5958,0.217747,-2.2984,-0.065591
9.5969,0.217747,-2.2369,-0.065577
9.5982,0.217747,-2.1575,-0.065556
9.5994,0.217747,-2.0683,-0.065529
9.6007,0.217747,-1.9702,-0.065496
9.6019,0.217747,-1.8631,-0.065457
9.6032,0.217747,-1.7477,-0.065412
9.6044,0.217747,-1.6246,-0.065362
9.6057,-0.069392,-1.4942,-0.065306
9.6069,-0.069392,-1.3572,-0.065246
9.6082,-0.069392,-1.2141,-0.065181
9.6094,-0.069392,-1.0656,-0.065111
9.6107,-0.069392,-0.9124,-0.065037
9.6119,-0.069392,-0.7551,-0.064959
9.6132,-0.069392,-0.5944,-0.064878
9.6144,-0.069392,-0.4311,-0.064794
9.6157,-0.117248,-0.2658,-0.064707
9.6169,-0.117248,-0.0994,-0.064618
9.6182,-0.117248,0.0674,-0.064526
9.6194,-0.117248,0.2342,-0.064433
9.6207,-0.117248,0.3995,-0.064340
9.6219,-0.117248,0.5632,-0.064245
9.6232,-0.117248,0.7245,-0.064150
9.6244,-0.117248,0.8825,-0.064055
9.6257,-0.117248,1.0366,-0.063961
9.6269,-0.081356,1.1860,-0.063868
9.6282,-0.081356,1.3302,-0.063776
9.6294,-0.081356,1.4684,-0.063686
9.6307,-0.081356,1.6005,-0.063598
9.6319,-0.081356,1.7249,-0.063513
9.6332,-0.081356,1.8417,-0.063431
9.6344,-0.081356,1.9503,-0.063352
9.6357,-0.081356,2.0503,-0.063277
9.6369,-0.011964,2.1411,-0.063206
9.6382,-0.011964,2.2225,-0.063139
9.6394,-0.011964,2.2939,-0.063077
9.6407,-0.011964,2.3551,-0.063019
9.6432,-0.011964,2.4470,-0.062919
9.6441,-0.011964,2.4698,-0.062888
9.6451,-0.011964,2.4859,-0.062860
9.6460,-0.062213,2.4959,-0.062836
9.6469,-0.062213,2.4999,-0.062815
9.6482,-0.062213,2.4957,-0.062792
9.6494,-0.062213,2.4804,-0.062775
9.6507,-0.062213,2.4541,-0.062764
9.6519,-0.062213,2.4168,-0.062760
9.6532,-0.062213,2.3688,-0.062762
9.6544,-0.062213,2.3102,-0.062770
9.6557,-0.062213,2.2406,-0.062784
9.6569,-0.105284,2.1620,-0.062805
9.6582,-0.105284,2.0739,-0.062832
9.6594,-0.105284,1.9757,-0.062865
9.6607,-0.105284,1.8696,-0.062904
9.6619,-0.105284,1.7547,-0.062948
9.6632,-0.105284,1.6320,-0.062998
9.6644,-0.105284,1.5020,-0.063053
9.6657,-0.105284,1.3654,-0.063113
9.6669,-0.124427,1.2227,-0.063178
9.6682,-0.124427,1.0744,-0.063248
9.6694,-0.124427,0.9215,-0.063321
9.6707,-0.124427,0.7596,-0.063401
9.6719,-0.124427,0.6033,-0.063480
9.6732,-0.124427,0.4404,-0.063564
9.6744,-0.124427,0.2754,-0.063651
9.6757,-0.124427,0.1080,-0.063741
9.6769,-0.315853,-0.0590,-0.063832
9.6782,-0.315853,-0.2245,-0.063924
9.6794,-0.315853,-0.3898,-0.064018
9.6807,-0.315853,-0.5536,-0.064112
9.6819,-0.315853,-0.7163,-0.064208
9.6832,-0.315853,-0.8733,-0.064302
9.6844,-0.315853,-1.0276,-0.064396
9.6857,-0.315853,-1.1776,-0.064490
9.6869,-0.145962,-1.3218,-0.064581
9.6882,-0.145962,-1.4604,-0.064671
9.6894,-0.145962,-1.5933,-0.064760
9.6907,-0.145962,-1.7175,-0.064845
9.6919,-0.145962,-1.8352,-0.064927
9.6943,-0.145962,-2.0383,-0.065077
9.6953,-0.145962,-2.1087,-0.065131
9.6962,-0.145962,-2.1724,-0.065182
9.6971,-0.141177,-2.2305,-0.065231
9.6982,-0.141177,-2.2899,-0.065283
9.6994,-0.141177,-2.3521,-0.065340
9.7007,-0.141177,-2.4032,-0.065393
9.7019,-0.141177,-2.4437,-0.065440
9.7032,-0.141177,-2.4735,-0.065481
9.7044,-0.141177,-2.4922,-0.065517
9.7057,-0.141177,-2.4998,-0.065546
9.7069,-0.141177,-2.4963,-0.065570
9.7082,0.287139,-2.4817,-0.065587
9.7094,0.287139,-2.4560,-0.065598
9.7107,0.287139,-2.4193,-0.065603
9.7119,0.287139,-2.3719,-0.065602
9.7132,0.287139,-2.3139,-0.065594
9.7144,0.287139,-2.2456,-0.065580
9.7157,0.287139,-2.1673,-0.065559
9.7169,0.287139,-2.0794,-0.065533
9.7182,0.133998,-1.9822,-0.065500
9.7194,0.133998,-1.8761,-0.065462
9.7207,0.133998,-1.7617,-0.065418
9.7219,0.133998,-1.6395,-0.065368
9.7232,0.133998,-1.5099,-0.065313
9.7244,0.133998,-1.3736,-0.065253
9.7257,0.133998,-1.2312,-0.065188
9.7269,0.133998,-1.0833,-0.065119
9.7282,-0.031107,-0.9306,-0.065046
9.7294,-0.031107,-0.7730,-0.064968
9.7307,-0.031107,-0.6131,-0.064888
9.7319,-0.031107,-0.4485,-0.064803
9.7332,-0.031107,-0.2846,-0.064717
9.7344,-0.031107,-0.1188,-0.064628
9.7357,-0.031107,0.0479,-0.064537
9.7369,-0.031107,0.2145,-0.064445
9.7382,-0.191426,0.3801,-0.064351
9.7394,-0.191426,0.5442,-0.064256
9.7407,-0.191426,0.7073,-0.064160
9.7419,-0.191426,0.8645,-0.064066
9.7432,-0.191426,1.0193,-0.063972
9.7457,-0.191426,1.3145,-0.063786
9.7466,-0.191426,1.4203,-0.063718
9.7475,-0.191426,1.5202,-0.063652
9.7485,0.184247,1.6161,-0.063588
9.7494,0.184247,1.7105,-0.063523
9.7507,0.184247,1.8283,-0.063440
9.7519,0.184247,1.9379,-0.063361
9.7532,0.184247,2.0390,-0.063285
9.7544,0.184247,2.1309,-0.063214
9.7557,0.184247,2.2134,-0.063146
9.7569,0.184247,2.2860,-0.063084
9.7582,-0.315853,2.3484,-0.063026
9.7594,-0.315853,2.4004,-0.062973
9.7607,-0.315853,2.4416,-0.062926
9.7619,-0.315853,2.4720,-0.062884
9.7632,-0.315853,2.4914,-0.062848
9.7644,-0.315853,2.4997,-0.062818
9.7657,-0.315853,2.4968,-0.062794
9.7669,-0.315853,2.4828,-0.062777
9.7682,-0.086142,2.4578,-0.062765
9.7694,-0.086142,2.4218,-0.062760
9.7707,-0.086142,2.3750,-0.062761
9.7719,-0.086142,2.3176,-0.062768
9.7732,-0.086142,2.2499,-0.062782
9.7744,-0.086142,2.1722,-0.062802
9.7757,-0.086142,2.0848,-0.062828
9.7769,-0.086142,1.9881,-0.062861
9.7782,-0.110070,1.8826,-0.062899
9.7794,-0.110070,1.7687,-0.062942
9.7807,-0.110070,1.6468,-0.062992
9.7819,-0.110070,1.5177,-0.063046
9.7832,-0.110070,1.3818,-0.063106
9.7844,-0.110070,1.2397,-0.063171
9.7857,-0.110070,1.0921,-0.063239
9.7869,-0.110070,0.9397,-0.063313
9.7882,-0.110070,0.7830,-0.063390
9.7894,-0.066999,0.6229,-0.063470
9.7907,-0.066999,0.4600,-0.063554
9.7919,-0.066999,0.2950,-0.063640
9.7932,-0.066999,0.1288,-0.063729
9.7944,-0.066999,-0.0383,-0.063820
9.7970,-0.066999,-0.3887,-0.064017
9.7980,-0.066999,-0.5121,-0.064088
9.7989,-0.622134,-0.6320,-0.064158
9.7998,-0.622134,-0.7506,-0.064228
9.8007,-0.622134,-0.8667,-0.064298
9.8019,-0.622134,-1.0098,-0.064385
9.8032,-0.622134,-1.1600,-0.064479
9.8044,-0.622134,-1.3052,-0.064571
9.8057,-0.622134,-1.4445,-0.064661
9.8069,-0.622134,-1.5774,-0.064749
9.8082,-0.622134,-1.7033,-0.064835
9.8094,0.301496,-1.8216,-0.064918
9.8107,0.301496,-1.9317,-0.064997
9.8119,0.301496,-2.0333,-0.065073
9.8132,0.301496,-2.1258,-0.065145
9.8144,0.301496,-2.2088,-0.065213
9.8157,0.301496,-2.2820,-0.065276
9.8169,0.301496,-2.3450,-0.065334
9.8182,0.301496,-2.3976,-0.065387
9.8194,-0.148355,-2.4395,-0.065434
9.8207,-0.148355,-2.4705,-0.065476
9.8219,-0.148355,-2.4906,-0.065513
9.8232,-0.148355,-2.4995,-0.065543
9.8244,-0.148355,-2.4973,-0.065567
9.8257,-0.148355,-2.4840,-0.065585
9.8269,-0.148355,-2.4596,-0.065597
9.8282,-0.148355,-2.4242,-0.065603
9.8294,0.244068,-2.3780,-0.065602
9.8307,0.244068,-2.3210,-0.065595
9.8319,0.244068,-2.2541,-0.065582
9.8332,0.244068,-2.1771,-0.065562
9.8344,0.244068,-2.0902,-0.065536
9.8357,0.244068,-1.9940,-0.065504
9.8369,0.244068,-1.8890,-0.065467
9.8382,0.244068,-1.7756,-0.065423
9.8394,0.122034,-1.6542,-0.065374
9.8407,0.122034,-1.5255,-0.065320
9.8419,0.122034,-1.3899,-0.065260
9.8432,0.122034,-1.2482,-0.065196
9.8444,0.122034,-1.1009,-0.065128
9.8457,0.122034,-0.9486,-0.065055
9.8493,0.088534,-0.4774,-0.064818
9.8503,0.088534,-0.3489,-0.064751
9.8512,0.088534,-0.2259,-0.064686
9.8522,0.088534,-0.1030,-0.064620
9.8531,0.088534,0.0201,-0.064552
9.8540,0.088534,0.1429,-0.064485
9.8549,0.088534,0.2655,-0.064416
9.8559,0.088534,0.3874,-0.064347
9.8569,0.088534,0.5251,-0.064267
9.8582,0.088534,0.6869,-0.064172
9.8594,-0.354138,0.8459,-0.064078
9.8607,-0.354138,1.0007,-0.063983
9.8619,-0.354138,1.1513,-0.063890
9.8632,-0.354138,1.2968,-0.063798
9.8644,-0.354138,1.4365,-0.063707
9.8657,-0.354138,1.5698,-0.063619
9.8669,-0.354138,1.6961,-0.063533
9.8682,-0.354138,1.8148,-0.063450
9.8694,-0.354138,1.9255,-0.063370
9.8707,-0.078963,2.0276,-0.063294
9.8719,-0.078963,2.1206,-0.063222
9.8732,-0.078963,2.2042,-0.063154
9.8744,-0.078963,2.2780,-0.063091
9.8757,-0.078963,2.3416,-0.063032
9.8769,-0.078963,2.3948,-0.062979
9.8782,-0.078963,2.4373,-0.062931
9.8794,-0.078963,2.4690,-0.062889
9.8807,-0.088534,2.4897,-0.062852
9.8819,-0.088534,2.4993,-0.062821
9.8832,-0.088534,2.4977,-0.062797
9.8844,-0.088534,2.4851,-0.062778
9.8857,-0.088534,2.4613,-0.062766
9.8869,-0.088534,2.4266,-0.062760
9.8882,-0.088534,2.3810,-0.062761
9.8894,-0.088534,2.3249,-0.062767
9.8907,-0.057428,2.2584,-0.062780
9.8919,-0.057428,2.1818,-0.062800
9.8932,-0.057428,2.0955,-0.062825
9.8944,-0.057428,2.0000,-0.062857
9.8957,-0.057428,1.8954,-0.062894
9.8969,-0.057428,1.7824,-0.062937
9.8982,-0.057428,1.6615,-0.062986
9.9015,-0.203390,1.3033,-0.063141
9.9025,-0.203390,1.1916,-0.063193
9.9034,-0.203390,1.0815,-0.063245
9.9043,-0.203390,0.9688,-0.063299
9.9052,-0.203390,0.8542,-0.063354
9.9062,-0.203390,0.7375,-0.063412
9.9071,-0.203390,0.6191,-0.063472
9.9082,-0.203390,0.4792,-0.063544
9.9094,-0.203390,0.3145,-0.063630
9.9107,-0.011964,0.1484,-0.063719
9.9119,-0.011964,-0.0184,-0.063809
9.9132,-0.011964,-0.1851,-0.063902
9.9144,-0.011964,-0.3510,-0.063995
9.9157,-0.011964,-0.5153,-0.064090
9.9169,-0.011964,-0.6774,-0.064185
9.9182,-0.011964,-0.8364,-0.064280
9.9194,-0.011964,-0.9917,-0.064374
9.9207,-0.186640,-1.1426,-0.064468
9.9219,-0.186640,-1.2884,-0.064560
9.9232,-0.186640,-1.4286,-0.064651
9.9244,-0.186640,-1.5621,-0.064739
9.9257,-0.186640,-1.6889,-0.064825
9.9269,-0.186640,-1.8081,-0.064908
9.9282,-0.186640,-1.9192,-0.064988
9.9294,-0.186640,-2.0218,-0.065064
9.9307,-0.198604,-2.1157,-0.065137
9.9319,-0.198604,-2.1997,-0.065205
9.9332,-0.198604,-2.2739,-0.065268
9.9344,-0.198604,-2.3382,-0.065327
9.9357,-0.198604,-2.3920,-0.065381
9.9369,-0.198604,-2.4352,-0.065429
9.9382,-0.198604,-2.4675,-0.065472
9.9394,-0.198604,-2.4888,-0.065509
9.9407,-0.002393,-2.4991,-0.065540
9.9419,-0.002393,-2.4981,-0.065565
9.9432,-0.002393,-2.4861,-0.065584
9.9444,-0.002393,-2.4630,-0.065596
9.9457,-0.002393,-2.4289,-0.065603
9.9469,-0.002393,-2.3840,-0.065602
9.9482,-0.002393,-2.3285,-0.065596
9.9494,-0.002393,-2.2626,-0.065583
9.9526,0.052642,-2.0503,-0.065523
9.9535,0.052642,-1.9748,-0.065498
9.9545,0.052642,-1.8969,-0.065469
9.9554,0.052642,-1.8144,-0.065438
9.9563,0.052642,-1.7277,-0.065404
9.9572,0.052642,-1.6367,-0.065367
9.9581,0.052642,-1.5416,-0.065327
9.9594,0.052642,-1.4062,-0.065268
9.9607,0.052642,-1.2652,-0.065204
9.9619,0.313460,-1.1186,-0.065136
9.9632,0.313460,-0.9669,-0.065063
9.9644,0.313460,-0.8110,-0.064987
9.9657,0.313460,-0.6514,-0.064907
9.9669,0.313460,-0.4890,-0.064824
9.9682,0.313460,-0.3243,-0.064738
9.9694,0.313460,-0.1583,-0.064649
9.9707,0.313460,0.0085,-0.064559
9.9719,-0.177069,0.1753,-0.064466
9.9732,-0.177069,0.3413,-0.064373
9.9744,-0.177069,0.5060,-0.064278
9.9757,-0.177069,0.6679,-0.064184
9.9769,-0.177069,0.8272,-0.064089
9.9782,-0.177069,0.9827,-0.063994
9.9794,-0.177069,1.1341,-0.063901
9.9807,-0.177069,1.2800,-0.063808
9.9819,-0.370888,1.4204,-0.063718
9.9832,-0.370888,1.5544,-0.063629
9.9844,-0.370888,1.6816,-0.063543
9.9857,-0.370888,1.8013,-0.063460
9.9869,-0.370888,1.9129,-0.063379
9.9882,-0.370888,2.0160,-0.063303
9.9894,-0.370888,2.1101,-0.063230
9.9907,-0.370888,2.1949,-0.063162
9.9919,0.026321,2.2699,-0.063098
9.9932,0.026321,2.3347,-0.063039
9.9944,0.026321,2.3891,-0.062985
9.9957,0.026321,2.4329,-0.062936
9.9969,0.026321,2.4659,-0.062893
9.9982,0.026321,2.4878,-0.062856
9.9994,0.026321,2.4987,-0.062825
10.0010,0.026321,2.4963,-0.062793
10.0036,0.145962,2.4548,-0.062764
10.0045,0.145962,2.4277,-0.062760
10.0054,0.145962,2.3953,-0.062760
10.0064,0.145962,2.3572,-0.062763
10.0073,0.145962,2.3134,-0.062769
10.0082,0.145962,2.2639,-0.062779
10.0094,0.145962,2.1913,-0.062797
10.0107,0.145962,2.1062,-0.062822
10.0119,-0.045464,2.0111,-0.062853
10.0132,-0.045464,1.9080,-0.062889
10.0144,-0.045464,1.7962,-0.062932
10.0157,-0.045464,1.6762,-0.062980
10.0169,-0.045464,1.5487,-0.063033
10.0182,-0.045464,1.4144,-0.063092
10.0194,-0.045464,1.2735,-0.063155
10.0207,-0.045464,1.1274,-0.063223
10.0219,-0.210568,0.9760,-0.063295
10.0232,-0.210568,0.8203,-0.063371
10.0244,-0.210568,0.6609,-0.063451
10.0257,-0.210568,0.4986,-0.063534
10.0269,-0.210568,0.3341,-0.063620
10.0282,-0.210568,0.1681,-0.063708
10.0294,-0.210568,0.0013,-0.063799
10.0307,-0.210568,-0.1660,-0.063891
10.0319,-0.210568,-0.3319,-0.063985
10.0332,-0.098106,-0.4962,-0.064079
10.0344,-0.098106,-0.6585,-0.064174
10.0357,-0.098106,-0.8179,-0.064268
10.0369,-0.098106,-0.9737,-0.064363
10.0382,-0.098106,-1.1251,-0.064457
10.0394,-0.098106,-1.2717,-0.064549
10.0407,-0.098106,-1.4122,-0.064640
10.0419,-0.098106,-1.5467,-0.064729
10.0432,-0.361316,-1.6743,-0.064815
10.0444,-0.361316,-1.7945,-0.064899
10.0457,-0.361316,-1.9066,-0.064979
10.0469,-0.361316,-2.0102,-0.065056
10.0482,-0.361316,-2.1049,-0.065128
10.0494,-0.361316,-2.1902,-0.065197
10.0507,-0.361316,-2.2657,-0.065261
10.0521,-0.361316,-2.3410,-0.065330
10.0546,0.014357,-2.4355,-0.065429
10.0555,0.014357,-2.4609,-0.065462
10.0564,0.014357,-2.4796,-0.065491
10.0574,0.014357,-2.4923,-0.065517
10.0583,0.014357,-2.4989,-0.065539
10.0594,0.014357,-2.4988,-0.065562
10.0607,0.014357,-2.4881,-0.065582
10.0619,0.014357,-2.4663,-0.065595
10.0632,0.071785,-2.4335,-0.065602
10.0644,0.071785,-2.3898,-0.065603
10.0657,0.071785,-2.3356,-0.065597
10.0669,0.071785,-2.2709,-0.065585
10.0682,0.071785,-2.1961,-0.065567
10.0694,0.071785,-2.1115,-0.065543
10.0707,0.071785,-2.0175,-0.065512
10.0719,0.071785,-1.9145,-0.065476
10.0732,0.023928,-1.8030,-0.065434
10.0744,0.023928,-1.6835,-0.065386
10.0757,0.023928,-1.5564,-0.065333
10.0769,0.023928,-1.4224,-0.065275
10.0782,0.023928,-1.2822,-0.065212
10.0794,0.023928,-1.1360,-0.065144
10.0807,0.023928,-0.9850,-0.065072
10.0819,0.023928,-0.8295,-0.064996
10.0832,0.160319,-0.6704,-0.064917
10.0844,0.160319,-0.5082,-0.064834
10.0857,0.160319,-0.3438,-0.064748
10.0869,0.160319,-0.1778,-0.064660
10.0882,0.160319,-0.0103,-0.064569
10.0894,0.160319,0.1581,-0.064476
10.0907,0.160319,0.3225,-0.064384
10.0919,0.160319,0.4866,-0.064290
10.0932,-0.160319,0.6491,-0.064195
10.0944,-0.160319,0.8086,-0.064100
10.0957,-0.160319,0.9647,-0.064005
10.0969,-0.160319,1.1164,-0.063912
10.0982,-0.160319,1.2631,-0.063819
10.0994,-0.160319,1.4042,-0.063728
10.1007,-0.160319,1.5390,-0.063639
10.1019,-0.160319,1.6671,-0.063553
10.1033,-0.143569,1.7984,-0.063462
10.1058,-0.143569,2.0189,-0.063301
10.1068,-0.143569,2.0918,-0.063245
10.1077,-0.143569,2.1577,-0.063192
10.1087,-0.143569,2.2174,-0.063143
10.1096,-0.143569,2.2715,-0.063097
10.1107,-0.143569,2.3276,-0.063046
10.1119,-0.143569,2.3833,-0.062991
10.1132,-0.143569,2.4283,-0.062942
10.1144,-0.155533,2.4626,-0.062898
10.1157,-0.155533,2.4858,-0.062860
10.1169,-0.155533,2.4980,-0.062828
10.1182,-0.155533,2.4991,-0.062802
10.1194,-0.155533,2.4890,-0.062782
10.1207,-0.155533,2.4679,-0.062768
10.1219,-0.155533,2.4356,-0.062761
10.1232,-0.155533,2.3927,-0.062760
10.1244,0.200997,2.3390,-0.062765
10.1257,0.200997,2.2750,-0.062777
10.1269,0.200997,2.2008,-0.062795
10.1282,0.200997,2.1167,-0.062819
10.1294,0.200997,2.0233,-0.062849
10.1307,0.200997,1.9206,-0.062885
10.1319,0.200997,1.8097,-0.062926
10.1332,0.200997,1.6907,-0.062974
10.1344,-0.126820,1.5641,-0.063027
10.1357,-0.126820,1.4305,-0.063084
10.1369,-0.126820,1.2905,-0.063147
10.1382,-0.126820,1.1448,-0.063215
10.1394,-0.126820,0.9939,-0.063286
10.1407,-0.126820,0.8388,-0.063362
10.1419,-0.126820,0.6797,-0.063441
10.1432,-0.126820,0.5178,-0.063524
10.1444,-0.026321,0.3536,-0.063610
10.1457,-0.026321,0.1876,-0.063698
10.1469,-0.026321,0.0209,-0.063788
10.1482,-0.026321,-0.1460,-0.063880
10.1494,-0.026321,-0.3121,-0.063973
10.1507,-0.026321,-0.4769,-0.064068
10.1519,-0.026321,-0.6395,-0.064162
10.1532,-0.026321,-0.7993,-0.064257
10.1545,-0.284746,-0.9671,-0.064359
10.1575,-0.284746,-1.3174,-0.064578
10.1585,-0.284746,-1.4296,-0.064651
10.1594,-0.284746,-1.5298,-0.064717
10.1603,-0.284746,-1.6256,-0.064782
10.1612,-0.284746,-1.7173,-0.064845
10.1622,-0.284746,-1.8047,-0.064906
10.1632,-0.284746,-1.8939,-0.064970
10.1644,-0.236889,-1.9985,-0.065047
10.1657,-0.236889,-2.0942,-0.065120
10.1669,-0.236889,-2.1806,-0.065189
10.1682,-0.236889,-2.2573,-0.065254
10.1694,-0.236889,-2.3240,-0.065314
10.1707,-0.236889,-2.3803,-0.065369
10.1719,-0.236889,-2.4260,-0.065418
10.1732,-0.236889,-2.4609,-0.065462
10.1744,-0.050249,-2.4848,-0.065501
10.1757,-0.050249,-2.4976,-0.065533
10.1769,-0.050249,-2.4993,-0.065559
10.1782,-0.050249,-2.4899,-0.065580
10.1794,-0.050249,-2.4694,-0.065594
10.1807,-0.050249,-2.4379,-0.065602
10.1819,-0.050249,-2.3955,-0.065603
10.1832,-0.050249,-2.3425,-0.065598
10.1844,-0.050249,-2.2790,-0.065587
10.1857,0.038285,-2.2054,-0.065570
10.1869,0.038285,-2.1219,-0.065546
10.1882,0.038285,-2.0290,-0.065516
10.1894,0.038285,-1.9271,-0.065481
10.1907,0.038285,-1.8166,-0.065439
10.1919,0.038285,-1.6979,-0.065392
10.1932,0.038285,-1.5717,-0.065340
10.1944,0.038285,-1.4386,-0.065282
10.1957,0.136391,-1.2989,-0.065219
10.1969,0.136391,-1.1536,-0.065152
10.1982,0.136391,-1.0030,-0.065081
10.1994,0.136391,-0.8472,-0.065005
10.2007,0.136391,-0.6890,-0.064926
10.2019,0.136391,-0.5274,-0.064844
10.2032,0.136391,-0.3632,-0.064758
10.2044,0.136391,-0.1973,-0.064670
10.2058,0.162712,-0.0116,-0.064570
10.2087,0.162712,0.3794,-0.064351
10.2097,0.162712,0.5042,-0.064279
10.2106,0.162712,0.6242,-0.064209
10.2115,0.162712,0.7429,-0.064139
10.2125,0.162712,0.8600,-0.064069
10.2134,0.162712,0.9750,-0.063999
10.2144,0.162712,1.0988,-0.063923
10.2157,-0.308674,1.2461,-0.063830
10.2169,-0.308674,1.3879,-0.063739
10.2182,-0.308674,1.5235,-0.063650
10.2194,-0.308674,1.6526,-0.063563
10.2207,-0.308674,1.7738,-0.063479
10.2219,-0.308674,1.8874,-0.063398
10.2232,-0.308674,1.9925,-0.063321
10.2244,-0.308674,2.0889,-0.063247
10.2257,-0.107677,2.1758,-0.063178
10.2269,-0.107677,2.2531,-0.063113
10.2282,-0.107677,2.3203,-0.063052
10.2294,-0.107677,2.3772,-0.062997
10.2307,-0.107677,2.4239,-0.062947
10.2319,-0.107677,2.4591,-0.062903
10.2332,-0.107677,2.4837,-0.062864
10.2344,-0.107677,2.4972,-0.062832
10.2357,0.059821,2.4995,-0.062805
10.2369,0.059821,2.4908,-0.062784
10.2382,0.059821,2.4709,-0.062770
10.2394,0.059821,2.4401,-0.062761
10.2407,0.059821,2.3983,-0.062760
10.2419,0.059821,2.3459,-0.062764
10.2432,0.059821,2.2830,-0.062775
10.2444,0.059821,2.2101,-0.062792
10.2457,0.043071,2.1272,-0.062815
10.2469,0.043071,2.0349,-0.062845
10.2482,0.043071,1.9333,-0.062880
10.2494,0.043071,1.8233,-0.062921
10.2507,0.043071,1.7051,-0.062968
10.2519,0.043071,1.5794,-0.063020
10.2532,0.043071,1.4466,-0.063077
10.2544,0.043071,1.3073,-0.063140
10.2557,-0.133998,1.1622,-0.063206
10.2569,-0.133998,1.0119,-0.063278
10.2582,-0.133998,0.8572,-0.063353
10.2594,-0.133998,0.6986,-0.063432
10.2607,-0.133998,0.5370,-0.063514
10.2619,-0.133998,0.3729,-0.063599
10.2632,-0.133998,0.2072,-0.063687
10.2644,-0.133998,0.0405,-0.063777
10.2657,-0.133998,-0.1263,-0.063869
10.2703,-0.435494,-0.7374,-0.064220
10.2713,-0.435494,-0.8669,-0.064298
10.2723,-0.435494,-0.9816,-0.064368
10.2732,-0.435494,-1.0935,-0.064437
10.2741,-0.435494,-1.2027,-0.064505
10.2750,-0.435494,-1.3090,-0.064573
10.2760,0.172283,-1.4129,-0.064640
10.2769,0.172283,-1.5130,-0.064706
10.2778,0.172283,-1.6092,-0.064771
10.2787,0.172283,-1.7014,-0.064834
10.2796,0.172283,-1.7894,-0.064895
10.2807,0.172283,-1.8810,-0.064960
10.2819,0.172283,-1.9866,-0.065038
10.2832,0.172283,-2.0834,-0.065112
10.2844,0.172283,-2.1710,-0.065181
10.2857,0.172283,-2.2488,-0.065247
10.2869,-0.172283,-2.3167,-0.065307
10.2882,-0.172283,-2.3742,-0.065362
10.2894,-0.172283,-2.4211,-0.065413
10.2907,-0.172283,-2.4573,-0.065457
10.2919,-0.172283,-2.4825,-0.065496
10.2932,-0.172283,-2.4967,-0.065530
10.2944,-0.172283,-2.4997,-0.065557
10.2957,-0.172283,-2.4916,-0.065578
10.2969,-0.358923,-2.4724,-0.065593
10.2982,-0.358923,-2.4422,-0.065601
10.2994,-0.358923,-2.4010,-0.065603
10.3007,-0.358923,-2.3493,-0.065599
10.3019,-0.358923,-2.2870,-0.065589
10.3032,-0.358923,-2.2146,-0.065572
10.3044,-0.358923,-2.1323,-0.065549
10.3057,-0.358923,-2.0405,-0.065520
10.3069,0.004786,-1.9396,-0.065485
10.3082,0.004786,-1.8299,-0.065444
10.3094,0.004786,-1.7122,-0.065398
10.3107,0.004786,-1.5870,-0.065346
10.3119,0.004786,-1.4546,-0.065289
10.3132,0.004786,-1.3157,-0.065227
10.3144,0.004786,-1.1709,-0.065160
10.3157,0.004786,-1.0210,-0.065089
10.3169,0.093320,-0.8665,-0.065014
10.3182,0.093320,-0.7077,-0.064936
10.3207,0.093320,-0.3730,-0.064763
10.3217,0.093320,-0.2483,-0.064698
10.3226,0.093320,-0.1255,-0.064632
10.3235,0.093320,-0.0025,-0.064565
10.3244,0.093320,0.1204,-0.064497
10.3257,0.093320,0.2829,-0.064406
10.3269,0.236889,0.4479,-0.064312
10.3282,0.236889,0.6109,-0.064217
10.3294,0.236889,0.7713,-0.064122
10.3307,0.236889,0.9296,-0.064027
10.3319,0.236889,1.0813,-0.063933
10.3332,0.236889,1.2290,-0.063841
10.3344,0.236889,1.3715,-0.063749
10.3357,0.236889,1.5079,-0.063660
10.3369,0.114855,1.6375,-0.063573
10.3382,0.114855,1.7599,-0.063489
10.3394,0.114855,1.8744,-0.063407
10.3407,0.114855,1.9806,-0.063329
10.3419,0.114855,2.0780,-0.063255
10.3432,0.114855,2.1661,-0.063186
10.3444,0.114855,2.2445,-0.063120
10.3457,0.114855,2.3130,-0.063059
10.3469,0.114855,2.3711,-0.063004
10.3482,-0.090927,2.4187,-0.062953
10.3494,-0.090927,2.4555,-0.062908
10.3507,-0.090927,2.4813,-0.062869
10.3519,-0.090927,2.4962,-0.062835
10.3532,-0.090927,2.4998,-0.062808
10.3544,-0.090927,2.4924,-0.062786
10.3557,-0.090927,2.4739,-0.062771
10.3569,-0.090927,2.4443,-0.062762
10.3582,-0.358923,2.4039,-0.062760
10.3594,-0.358923,2.3526,-0.062763
10.3607,-0.358923,2.2909,-0.062773
10.3619,-0.358923,2.2191,-0.062790
10.3632,-0.358923,2.1374,-0.062812
10.3644,-0.358923,2.0461,-0.062841
10.3657,-0.358923,1.9457,-0.062876
10.3669,-0.358923,1.8366,-0.062916
10.3682,0.000000,1.7194,-0.062962
10.3716,0.000000,1.3544,-0.063118
10.3726,0.000000,1.2426,-0.063169
10.3735,0.000000,1.1342,-0.063220
10.3745,0.000000,1.0230,-0.063272
10.3754,0.000000,0.9094,-0.063327
10.3763,0.000000,0.7937,-0.063384
10.3772,0.000000,0.6761,-0.063443
10.3781,-0.315853,0.5569,-0.063504
10.3794,-0.315853,0.3922,-0.063589
10.3807,-0.315853,0.2267,-0.063677
10.3819,-0.315853,0.0602,-0.063767
10.3832,-0.315853,-0.1067,-0.063858
10.3844,-0.315853,-0.2731,-0.063951
10.3857,-0.315853,-0.4383,-0.064045
10.3869,-0.315853,-0.6015,-0.064140
10.3882,0.100499,-0.7620,-0.064235
10.3894,0.100499,-0.9191,-0.064330
10.3907,0.100499,-1.0722,-0.064424
10.3919,0.100499,-1.2204,-0.064517
10.3932,0.100499,-1.3633,-0.064608
10.3944,0.100499,-1.5000,-0.064698
10.3957,0.100499,-1.6301,-0.064785
10.3969,0.100499,-1.7531,-0.064869
10.3982,-0.122034,-1.8679,-0.064951
10.3994,-0.122034,-1.9747,-0.065029
10.4007,-0.122034,-2.0725,-0.065103
10.4019,-0.122034,-2.1611,-0.065173
10.4032,-0.122034,-2.2402,-0.065239
10.4044,-0.122034,-2.3092,-0.065300
10.4057,-0.122034,-2.3680,-0.065356
10.4069,-0.122034,-2.4162,-0.065407
10.4082,-0.112463,-2.4536,-0.065452
10.4094,-0.112463,-2.4801,-0.065492
10.4107,-0.112463,-2.4956,-0.065526
10.4119,-0.112463,-2.4999,-0.065554
10.4132,-0.112463,-2.4931,-0.065576
10.4144,-0.112463,-2.4752,-0.065591
10.4157,-0.112463,-2.4463,-0.065600
10.4169,-0.112463,-2.4065,-0.065603
10.4182,-0.220140,-2.3559,-0.065600
10.4194,-0.220140,-2.2949,-0.065590
10.4227,-0.220140,-2.0892,-0.065536
10.4236,-0.220140,-2.0159,-0.065512
10.4245,-0.220140,-1.9405,-0.065485
10.4255,-0.220140,-1.8607,-0.065456
10.4264,-0.220140,-1.7763,-0.065423
10.4273,-0.220140,-1.6876,-0.065388
10.4282,-0.220140,-1.5949,-0.065349
10.4294,0.081356,-1.4704,-0.065296
10.4307,0.081356,-1.3322,-0.065235
10.4319,0.081356,-1.1883,-0.065169
10.4332,0.081356,-1.0389,-0.065098
10.4344,0.081356,-0.8849,-0.065023
10.4357,0.081356,-0.7269,-0.064945
10.4369,0.081356,-0.5657,-0.064863
10.4382,0.081356,-0.4020,-0.064779
10.4394,0.093320,-0.2364,-0.064691
10.4407,0.093320,-0.0700,-0.064602
10.4419,0.093320,0.0969,-0.064510
10.4432,0.093320,0.2633,-0.064417
10.4444,0.093320,0.4286,-0.064323
10.4457,0.093320,0.5919,-0.064228
10.4469,0.093320,0.7527,-0.064133
10.4482,0.093320,0.9100,-0.064039
10.4494,-0.098106,1.0633,-0.063945
10.4507,-0.098106,1.2119,-0.063852
10.4519,-0.098106,1.3550,-0.063760
10.4532,-0.098106,1.4922,-0.063670
10.4544,-0.098106,1.6227,-0.063583
10.4557,-0.098106,1.7459,-0.063498
10.4569,-0.098106,1.8614,-0.063417
10.4582,-0.098106,1.9686,-0.063338
10.4594,0.277567,2.0671,-0.063264
10.4607,0.277567,2.1562,-0.063194
10.4619,0.277567,2.2358,-0.063127
10.4632,0.277567,2.3054,-0.063066
10.4644,0.277567,2.3650,-0.063010
10.4657,0.277567,2.4138,-0.062958
10.4669,0.277567,2.4518,-0.062913
10.4682,0.277567,2.4789,-0.062873
10.4694,-0.265603,2.4950,-0.062839
10.4707,-0.265603,2.5000,-0.062811
10.4738,-0.265603,2.4625,-0.062766
10.4748,-0.265603,2.4371,-0.062761
10.4757,-0.265603,2.4065,-0.062760
10.4766,-0.265603,2.3702,-0.062761
10.4776,-0.265603,2.3282,-0.062767
10.4785,-0.265603,2.2806,-0.062776
10.4794,-0.045464,2.2273,-0.062788
10.4807,-0.045464,2.1474,-0.062809
10.4819,-0.045464,2.0573,-0.062837
10.4832,-0.045464,1.9580,-0.062871
10.4844,-0.045464,1.8499,-0.062911
10.4857,-0.045464,1.7336,-0.062956
10.4869,-0.045464,1.6096,-0.063007
10.4882,-0.045464,1.4784,-0.063063
10.4894,-0.282353,1.3406,-0.063125
10.4907,-0.282353,1.1969,-0.063190
10.4919,-0.282353,1.0478,-0.063261
10.4932,-0.282353,0.8941,-0.063335
10.4944,-0.282353,0.7363,-0.063413
10.4957,-0.282353,0.5754,-0.063494
10.4969,-0.282353,0.4117,-0.063579
10.4982,-0.282353,0.2463,-0.063666
10.4994,-0.129212,0.0798,-0.063756
10.5007,-0.129212,-0.0871,-0.063847
10.5019,-0.129212,-0.2536,-0.063940
10.5032,-0.129212,-0.4189,-0.064034
10.5044,-0.129212,-0.5824,-0.064129
10.5057,-0.129212,-0.7433,-0.064224
10.5069,-0.129212,-0.9009,-0.064319
10.5082,-0.129212,-1.0544,-0.064413
10.5094,-0.129212,-1.2033,-0.064506
10.5107,-0.038285,-1.3468,-0.064597
10.5119,-0.038285,-1.4843,-0.064687
10.5132,-0.038285,-1.6151,-0.064775
10.5144,-0.038285,-1.7388,-0.064860
10.5157,-0.038285,-1.8548,-0.064941
10.5169,-0.038285,-1.9625,-0.065020
10.5182,-0.038285,-2.0615,-0.065095
10.5194,-0.038285,-2.1512,-0.065165
10.5207,0.023928,-2.2314,-0.065232
10.5219,0.023928,-2.3016,-0.065293
10.5250,0.023928,-2.4320,-0.065425
10.5260,0.023928,-2.4583,-0.065459
10.5269,0.023928,-2.4777,-0.065488
10.5278,0.023928,-2.4911,-0.065514
10.5288,0.023928,-2.4985,-0.065537
10.5297,0.023928,-2.4998,-0.065556
10.5307,-0.212961,-2.4945,-0.065573
10.5319,-0.212961,-2.4779,-0.065590
10.5332,-0.212961,-2.4503,-0.065600
10.5344,-0.212961,-2.4117,-0.065603
10.5357,-0.212961,-2.3624,-0.065601
10.5369,-0.212961,-2.3026,-0.065592
10.5382,-0.212961,-2.2325,-0.065576
10.5394,-0.212961,-2.1524,-0.065555
10.5407,-0.035892,-2.0629,-0.065527
10.5419,-0.035892,-1.9641,-0.065494
10.5432,-0.035892,-1.8565,-0.065454
10.5444,-0.035892,-1.7407,-0.065409
10.5457,-0.035892,-1.6171,-0.065359
10.5469,-0.035892,-1.4863,-0.065303
10.5482,-0.035892,-1.3489,-0.065242
10.5494,-0.035892,-1.2055,-0.065177
10.5507,-0.081356,-1.0567,-0.065107
10.5519,-0.081356,-0.9032,-0.065032
10.5532,-0.081356,-0.7457,-0.064955
10.5544,-0.081356,-0.5848,-0.064873
10.5557,-0.081356,-0.4214,-0.064789
10.5569,-0.081356,-0.2561,-0.064702
10.5582,-0.081356,-0.0896,-0.064612
10.5594,-0.081356,0.0773,-0.064521
10.5607,0.169890,0.2438,-0.064428
10.5619,0.169890,0.4092,-0.064334
10.5632,0.169890,0.5728,-0.064239
10.5644,0.169890,0.7339,-0.064145
10.5657,0.169890,0.8917,-0.064050
10.5669,0.169890,1.0455,-0.063956
10.5682,0.169890,1.1947,-0.063862
10.5694,0.169890,1.3385,-0.063771
10.5707,-0.095713,1.4764,-0.063681
10.5719,-0.095713,1.6078,-0.063593
10.5735,-0.095713,1.7685,-0.063483
10.5765,-0.095713,2.0262,-0.063295
10.5775,-0.095713,2.0977,-0.063240
10.5784,-0.095713,2.1622,-0.063189
10.5793,-0.095713,2.2215,-0.063140
10.5802,-0.095713,2.2751,-0.063093
10.5812,0.071785,2.3234,-0.063050
10.5821,0.071785,2.3659,-0.063009
10.5832,0.071785,2.4085,-0.062964
10.5844,0.071785,2.4478,-0.062918
10.5857,0.071785,2.4763,-0.062877
10.5869,0.071785,2.4937,-0.062842
10.5882,0.071785,2.5000,-0.062814
10.5894,0.071785,2.4951,-0.062791
10.5907,0.071785,2.4792,-0.062774
10.5919,-0.203390,2.4522,-0.062764
10.5932,-0.203390,2.4143,-0.062760
10.5944,-0.203390,2.3656,-0.062762
10.5957,-0.203390,2.3064,-0.062770
10.5969,-0.203390,2.2369,-0.062785
10.5982,-0.203390,2.1575,-0.062806
10.5994,-0.203390,2.0684,-0.062834
10.6007,-0.203390,1.9702,-0.062867
10.6019,0.014357,1.8631,-0.062906
10.6032,0.014357,1.7477,-0.062951
10.6044,0.014357,1.6246,-0.063001
10.6057,0.014357,1.4942,-0.063057
10.6069,0.014357,1.3572,-0.063117
10.6082,0.014357,1.2141,-0.063182
10.6094,0.014357,1.0656,-0.063252
10.6107,0.014357,0.9123,-0.063326
10.6119,-0.232104,0.7552,-0.063404
10.6132,-0.232104,0.5945,-0.063485
10.6144,-0.232104,0.4312,-0.063569
10.6157,-0.232104,0.2658,-0.063656
10.6169,-0.232104,0.0994,-0.063745
10.6182,-0.232104,-0.0675,-0.063837
10.6194,-0.232104,-0.2340,-0.063929
10.6207,-0.232104,-0.3995,-0.064023
10.6219,-0.117248,-0.5633,-0.064118
10.6232,-0.117248,-0.7245,-0.064213
10.6247,-0.117248,-0.9181,-0.064329
10.6278,-0.117248,-1.2873,-0.064559
10.6287,-0.117248,-1.3941,-0.064628
10.6296,-0.117248,-1.4947,-0.064694
10.6306,-0.117248,-1.5929,-0.064760
10.6315,-0.057428,-1.6872,-0.064824
10.6324,-0.057428,-1.7762,-0.064886
10.6334,-0.057428,-1.8607,-0.064946
10.6344,-0.057428,-1.9504,-0.065011
10.6357,-0.057428,-2.0503,-0.065086
10.6369,-0.057428,-2.1411,-0.065157
10.6382,-0.057428,-2.2225,-0.065224
10.6394,-0.057428,-2.2939,-0.065286
10.6407,-0.057428,-2.3551,-0.065343
10.6419,-0.047856,-2.4058,-0.065396
10.6432,-0.047856,-2.4458,-0.065442
10.6444,-0.047856,-2.4749,-0.065483
10.6457,-0.047856,-2.4929,-0.065518
10.6469,-0.047856,-2.4999,-0.065548
10.6482,-0.047856,-2.4957,-0.065571
10.6494,-0.047856,-2.4804,-0.065588
10.6507,-0.047856,-2.4541,-0.065599
10.6519,-0.177069,-2.4168,-0.065603
10.6532,-0.177069,-2.3688,-0.065601
10.6544,-0.177069,-2.3102,-0.065593
10.6557,-0.177069,-2.2409,-0.065578
10.6569,-0.177069,-2.1615,-0.065558
10.6582,-0.177069,-2.0735,-0.065531
10.6594,-0.177069,-1.9757,-0.065498
10.6607,-0.177069,-1.8696,-0.065459
10.6619,-0.177069,-1.7547,-0.065415
10.6632,-0.153141,-1.6320,-0.065365
10.6644,-0.153141,-1.5022,-0.065310
10.6657,-0.153141,-1.3655,-0.065250
10.6669,-0.153141,-1.2226,-0.065184
10.6682,-0.153141,-1.0744,-0.065115
10.6694,-0.153141,-0.9215,-0.065041
10.6707,-0.153141,-0.7644,-0.064964
10.6719,-0.153141,-0.6039,-0.064883
10.6732,-0.019143,-0.4403,-0.064799
10.6744,-0.019143,-0.2754,-0.064712
10.6757,-0.019143,-0.1091,-0.064623
10.6769,-0.019143,0.0579,-0.064532
10.6805,-0.019143,0.5369,-0.064260
10.6815,-0.019143,0.6644,-0.064186
10.6824,0.193819,0.7826,-0.064116
10.6834,0.193819,0.8991,-0.064045
10.6843,0.193819,1.0131,-0.063976
10.6852,0.193819,1.1243,-0.063907
10.6861,0.193819,1.2328,-0.063838
10.6870,0.193819,1.3382,-0.063771
10.6882,0.193819,1.4606,-0.063691
10.6894,0.193819,1.5926,-0.063603
10.6907,0.193819,1.7176,-0.063518
10.6919,0.193819,1.8349,-0.063436
10.6932,-0.040678,1.9441,-0.063357
10.6944,-0.040678,2.0446,-0.063281
10.6957,-0.040678,2.1361,-0.063210
10.6969,-0.040678,2.2179,-0.063143
10.6982,-0.040678,2.2900,-0.063080
10.6994,-0.040678,2.3518,-0.063023
10.7007,-0.040678,2.4032,-0.062970
10.7019,-0.040678,2.4438,-0.062923
10.7032,0.038285,2.4735,-0.062882
10.7044,0.038285,2.4922,-0.062846
10.7057,0.038285,2.4998,-0.062817
10.7069,0.038285,2.4963,-0.062793
10.7082,0.038285,2.4817,-0.062776
10.7094,0.038285,2.4560,-0.062765
10.7107,0.038285,2.4193,-0.062760
10.7119,0.038285,2.3719,-0.062761
10.7132,-0.160319,2.3139,-0.062769
10.7144,-0.160319,2.2456,-0.062783
10.7157,-0.160319,2.1673,-0.062804
10.7169,-0.160319,2.0794,-0.062830
10.7182,-0.160319,1.9821,-0.062863
10.7194,-0.160319,1.8760,-0.062901
10.7207,-0.160319,1.7617,-0.062945
10.7219,-0.160319,1.6395,-0.062995
10.7232,-0.074178,1.5099,-0.063050
10.7244,-0.074178,1.3736,-0.063110
10.7257,-0.074178,1.2312,-0.063174
10.7269,-0.074178,1.0833,-0.063244
10.7282,-0.074178,0.9303,-0.063317
10.7306,-0.074178,0.6140,-0.063475
10.7316,-0.074178,0.4866,-0.063540
10.7326,-0.074178,0.3582,-0.063607
10.7336,-0.126820,0.2300,-0.063675
10.7345,-0.126820,0.1067,-0.063741
10.7357,-0.126820,-0.0482,-0.063826
10.7369,-0.126820,-0.2144,-0.063918
10.7382,-0.126820,-0.3801,-0.064012
10.7394,-0.126820,-0.5441,-0.064107
10.7407,-0.126820,-0.7057,-0.064202
10.7419,-0.126820,-0.8641,-0.064296
10.7432,-0.126820,-1.0186,-0.064391
10.7444,-0.263210,-1.1687,-0.064484
10.7457,-0.263210,-1.3135,-0.064576
10.7469,-0.263210,-1.4525,-0.064666
10.7482,-0.263210,-1.5850,-0.064754
10.7494,-0.263210,-1.7104,-0.064840
10.7507,-0.263210,-1.8282,-0.064922
10.7519,-0.263210,-1.9379,-0.065002
10.7532,-0.263210,-2.0390,-0.065077
10.7544,-0.007178,-2.1309,-0.065149
10.7557,-0.007178,-2.2134,-0.065216
10.7569,-0.007178,-2.2860,-0.065279
10.7582,-0.007178,-2.3484,-0.065337
10.7594,-0.007178,-2.4004,-0.065390
10.7607,-0.007178,-2.4416,-0.065437
10.7619,-0.007178,-2.4720,-0.065479
10.7632,-0.007178,-2.4914,-0.065515
10.7644,-0.114855,-2.4997,-0.065545
10.7657,-0.114855,-2.4968,-0.065569
10.7669,-0.114855,-2.4828,-0.065586
10.7682,-0.114855,-2.4578,-0.065598
10.7694,-0.114855,-2.4214,-0.065603
10.7707,-0.114855,-2.3750,-0.065602
10.7719,-0.114855,-2.3176,-0.065594
10.7732,-0.114855,-2.2499,-0.065581
10.7744,-0.071785,-2.1722,-0.065561
10.7757,-0.071785,-2.0848,-0.065534
10.7769,-0.071785,-1.9881,-0.065502
10.7782,-0.071785,-1.8825,-0.065464
10.7794,-0.071785,-1.7683,-0.065420
10.7817,-0.071785,-1.5431,-0.065327
10.7826,-0.071785,-1.4424,-0.065284
10.7835,-0.071785,-1.3401,-0.065238
10.7844,-0.224925,-1.2346,-0.065190
10.7857,-0.224925,-1.0921,-0.065123
10.7869,-0.224925,-0.9397,-0.065050
10.7882,-0.224925,-0.7830,-0.064973
10.7894,-0.224925,-0.6229,-0.064893
10.7907,-0.224925,-0.4600,-0.064809
10.7919,-0.224925,-0.2951,-0.064722
10.7932,-0.224925,-0.1288,-0.064634
10.7944,0.265603,0.0380,-0.064543
10.7957,0.265603,0.2047,-0.064450
10.7969,0.265603,0.3704,-0.064356
10.7982,0.265603,0.5346,-0.064262
10.7994,0.265603,0.6965,-0.064167
10.8007,0.265603,0.8549,-0.064072
10.8019,0.265603,1.0097,-0.063978
10.8032,0.265603,1.1600,-0.063884
10.8044,-0.062213,1.3052,-0.063792
10.8057,-0.062213,1.4445,-0.063702
10.8069,-0.062213,1.5774,-0.063614
10.8082,-0.062213,1.7033,-0.063528
10.8094,-0.062213,1.8215,-0.063445
10.8107,-0.062213,1.9317,-0.063366
10.8119,-0.062213,2.0333,-0.063290
10.8132,-0.062213,2.1258,-0.063218
10.8144,0.031107,2.2088,-0.063150
10.8157,0.031107,2.2820,-0.063087
10.8169,0.031107,2.3450,-0.063029
10.8182,0.031107,2.3976,-0.062976
10.8194,0.031107,2.4396,-0.062928
10.8207,0.031107,2.4706,-0.062886
10.8219,0.031107,2.4906,-0.062850
10.8232,0.031107,2.4995,-0.062820
10.8244,0.031107,2.4973,-0.062795
10.8257,-0.011964,2.4839,-0.062777
10.8269,-0.011964,2.4595,-0.062766
10.8282,-0.011964,2.4242,-0.062760
10.8294,-0.011964,2.3780,-0.062761
10.8307,-0.011964,2.3212,-0.062768
10.8331,-0.011964,2.1825,-0.062799
10.8340,-0.011964,2.1161,-0.062819
10.8350,0.275175,2.0474,-0.062841
10.8359,0.275175,1.9739,-0.062866
10.8369,0.275175,1.8889,-0.062896
10.8382,0.275175,1.7756,-0.062940
10.8394,0.275175,1.6542,-0.062989
10.8407,0.275175,1.5255,-0.063043
10.8419,0.275175,1.3900,-0.063102
10.8432,0.275175,1.2483,-0.063167
10.8444,0.275175,1.1010,-0.063235
10.8457,-0.442672,0.9488,-0.063308
10.8469,-0.442672,0.7924,-0.063385
10.8482,-0.442672,0.6325,-0.063465
10.8494,-0.442672,0.4697,-0.063549
10.8507,-0.442672,0.3049,-0.063635
10.8519,-0.442672,0.1387,-0.063724
10.8532,-0.442672,-0.0282,-0.063815
10.8544,-0.442672,-0.1949,-0.063907
10.8557,-0.189033,-0.3607,-0.064001
10.8569,-0.189033,-0.5250,-0.064095
10.8582,-0.189033,-0.6868,-0.064190
10.8594,-0.189033,-0.8458,-0.064285
10.8607,-0.189033,-1.0007,-0.064380
10.8619,-0.189033,-1.1513,-0.064473
10.8632,-0.189033,-1.2968,-0.064565
10.8644,-0.189033,-1.4365,-0.064656
10.8657,-0.155533,-1.5698,-0.064744
10.8669,-0.155533,-1.6960,-0.064830
10.8682,-0.155533,-1.8148,-0.064913
10.8694,-0.155533,-1.9255,-0.064993
10.8707,-0.155533,-2.0275,-0.065069
10.8719,-0.155533,-2.1206,-0.065141
10.8732,-0.155533,-2.2042,-0.065209
10.8744,-0.155533,-2.2780,-0.065272
10.8757,-0.071785,-2.3416,-0.065330
10.8769,-0.071785,-2.3948,-0.065384
10.8782,-0.071785,-2.4374,-0.065432
10.8794,-0.071785,-2.4690,-0.065474
10.8807,-0.071785,-2.4897,-0.065511
10.8819,-0.071785,-2.4993,-0.065541
10.8842,-0.071785,-2.4873,-0.065582
10.8852,-0.071785,-2.4716,-0.065593
10.8861,-0.492921,-2.4501,-0.065600
10.8870,-0.492921,-2.4226,-0.065603
10.8882,-0.492921,-2.3810,-0.065602
10.8894,-0.492921,-2.3249,-0.065596
10.8907,-0.492921,-2.2584,-0.065583
10.8919,-0.492921,-2.1819,-0.065563
10.8932,-0.492921,-2.0956,-0.065538
10.8944,-0.492921,-2.0000,-0.065506
10.8957,0.390030,-1.8955,-0.065469
10.8969,0.390030,-1.7825,-0.065426
10.8982,0.390030,-1.6616,-0.065377
10.8994,0.390030,-1.5331,-0.065323
10.9007,0.390030,-1.3982,-0.065264
10.9019,0.390030,-1.2568,-0.065200
10.9032,0.390030,-1.1098,-0.065132
10.9044,0.390030,-0.9578,-0.065059
10.9057,0.390030,-0.8017,-0.064982
10.9069,-0.157926,-0.6419,-0.064902
10.9082,-0.157926,-0.4793,-0.064819
10.9094,-0.157926,-0.3146,-0.064733
10.9107,-0.157926,-0.1484,-0.064644
10.9119,-0.157926,0.0183,-0.064553
10.9132,-0.157926,0.1851,-0.064461
10.9144,-0.157926,0.3510,-0.064367
10.9157,-0.157926,0.5154,-0.064273
10.9169,0.126820,0.6774,-0.064178
10.9182,0.126820,0.8364,-0.064083
10.9194,0.126820,0.9917,-0.063989
10.9207,0.126820,1.1426,-0.063895
10.9219,0.126820,1.2884,-0.063803
10.9232,0.126820,1.4284,-0.063712
10.9244,0.126820,1.5622,-0.063624
10.9257,0.126820,1.6889,-0.063538
10.9269,-0.138784,1.8081,-0.063455
10.9282,-0.138784,1.9192,-0.063375
10.9294,-0.138784,2.0218,-0.063298
10.9307,-0.138784,2.1155,-0.063226
10.9319,-0.138784,2.1996,-0.063158
10.9356,-0.138784,2.3902,-0.062984
10.9366,0.217747,2.4253,-0.062945
10.9375,0.217747,2.4523,-0.062912
10.9384,0.217747,2.4732,-0.062882
10.9394,0.217747,2.4882,-0.062855
10.9403,0.217747,2.4971,-0.062832
10.9412,0.217747,2.5000,-0.062811
10.9421,0.217747,2.4968,-0.062794
10.9432,0.217747,2.4861,-0.062779
10.9444,0.217747,2.4630,-0.062767
10.9457,0.217747,2.4290,-0.062760
10.9469,-0.203390,2.3841,-0.062760
10.9482,-0.203390,2.3285,-0.062767
10.9494,-0.203390,2.2626,-0.062779
10.9507,-0.203390,2.1866,-0.062798
10.9519,-0.203390,2.1009,-0.062823
10.9532,-0.203390,2.0059,-0.062855
10.9544,-0.203390,1.9018,-0.062892
10.9557,-0.203390,1.7894,-0.062934
10.9569,0.023928,1.6689,-0.062983
10.9582,0.023928,1.5410,-0.063036
10.9594,0.023928,1.4061,-0.063095
10.9607,0.023928,1.2652,-0.063159
10.9619,0.023928,1.1186,-0.063227
10.9632,0.023928,0.9669,-0.063299
10.9644,0.023928,0.8110,-0.063376
10.9657,0.023928,0.6515,-0.063456
10.9669,-0.124427,0.4890,-0.063539
10.9682,-0.124427,0.3243,-0.063625
10.9694,-0.124427,0.1582,-0.063713
10.9707,-0.124427,-0.0085,-0.063804
10.9719,-0.124427,-0.1753,-0.063896
10.9732,-0.124427,-0.3412,-0.063990
10.9744,-0.124427,-0.5057,-0.064084
10.9757,-0.124427,-0.6680,-0.064179
10.9769,-0.153141,-0.8271,-0.064274
10.9782,-0.153141,-0.9827,-0.064369
10.9794,-0.153141,-1.1338,-0.064462
10.9807,-0.153141,-1.2800,-0.064555
10.9819,-0.153141,-1.4204,-0.064645
10.9832,-0.153141,-1.5545,-0.064734
10.9844,-0.153141,-1.6817,-0.064820
10.9857,-0.153141,-1.8013,-0.064903
10.9869,-0.153141,-1.9129,-0.064983
10.9905,-0.464208,-2.1857,-0.065193
10.9915,-0.464208,-2.2457,-0.065244
10.9924,-0.464208,-2.2973,-0.065289
10.9933,-0.464208,-2.3431,-0.065332
10.9943,-0.464208,-2.3831,-0.065372
10.9952,-0.464208,-2.4179,-0.065409
10.9961,-0.464208,-2.4463,-0.065443
10.9970,-0.464208,-2.4687,-0.065474
10.9982,0.289532,-2.4878,-0.065507
10.9994,0.289532,-2.4987,-0.065538
11.0007,0.289532,-2.4985,-0.065563
11.0019,0.289532,-2.4871,-0.065583
11.0032,0.289532,-2.4647,-0.065596
11.0044,0.289532,-2.4312,-0.065602
11.0057,0.289532,-2.3870,-0.065603
11.0069,0.289532,-2.3321,-0.065597
11.0082,-0.110070,-2.2668,-0.065584
11.0094,-0.110070,-2.1914,-0.065566
11.0107,-0.110070,-2.1062,-0.065541
11.0119,-0.110070,-2.0117,-0.065510
11.0132,-0.110070,-1.9082,-0.065474
11.0144,-0.110070,-1.7962,-0.065431
11.0157,-0.110070,-1.6762,-0.065383
11.0169,-0.110070,-1.5488,-0.065330
11.0182,-0.294317,-1.4144,-0.065271
11.0194,-0.294317,-1.2736,-0.065208
11.0207,-0.294317,-1.1274,-0.065140
11.0219,-0.294317,-0.9760,-0.065068
11.0232,-0.294317,-0.8203,-0.064992
11.0244,-0.294317,-0.6609,-0.064912
11.0257,-0.294317,-0.4986,-0.064829
11.0269,-0.294317,-0.3341,-0.064743
11.0282,-0.064606,-0.1682,-0.064655
11.0294,-0.064606,-0.0014,-0.064564
11.0307,-0.064606,0.1657,-0.064472
11.0319,-0.064606,0.3316,-0.064378
11.0332,-0.064606,0.4962,-0.064284
11.0344,-0.064606,0.6585,-0.064189
11.0357,-0.064606,0.8179,-0.064094
11.0369,-0.064606,0.9737,-0.064000
11.0382,0.047856,1.1251,-0.063906
11.0394,0.047856,1.2715,-0.063814
11.0407,0.047856,1.4126,-0.063723
11.0444,0.047856,1.7936,-0.063465
11.0454,0.047856,1.8815,-0.063402
11.0463,0.047856,1.9605,-0.063344
11.0472,0.047856,2.0347,-0.063289
11.0481,0.177069,2.1037,-0.063235
11.0491,0.177069,2.1676,-0.063184
11.0500,0.177069,2.2262,-0.063136
11.0509,0.177069,2.2795,-0.063090
11.0519,0.177069,2.3312,-0.063042
11.0532,0.177069,2.3862,-0.062988
11.0544,0.177069,2.4306,-0.062939
11.0557,0.177069,2.4642,-0.062896
11.0569,0.177069,2.4869,-0.062858
11.0582,0.177069,2.4984,-0.062826
11.0594,0.174676,2.4988,-0.062801
11.0607,0.174676,2.4881,-0.062781
11.0619,0.174676,2.4663,-0.062768
11.0632,0.174676,2.4335,-0.062761
11.0644,0.174676,2.3899,-0.062760
11.0657,0.174676,2.3356,-0.062766
11.0669,0.174676,2.2709,-0.062778
11.0682,0.174676,2.1961,-0.062796
11.0694,-0.035892,2.1115,-0.062820
11.0707,-0.035892,2.0175,-0.062851
11.0719,-0.035892,1.9145,-0.062887
11.0732,-0.035892,1.8030,-0.062929
11.0744,-0.035892,1.6835,-0.062977
11.0757,-0.035892,1.5564,-0.063030
11.0769,-0.035892,1.4224,-0.063088
11.0782,-0.035892,1.2821,-0.063151
11.0794,-0.308674,1.1360,-0.063219
11.0807,-0.308674,0.9852,-0.063291
11.0819,-0.308674,0.8297,-0.063366
11.0832,-0.308674,0.6703,-0.063446
11.0844,-0.308674,0.5081,-0.063529
11.0857,-0.308674,0.3438,-0.063615
11.0869,-0.308674,0.1778,-0.063703
11.0882,-0.308674,0.0102,-0.063794
11.0894,-0.071785,-0.1579,-0.063887
11.0907,-0.071785,-0.3224,-0.063979
11.0919,-0.071785,-0.4866,-0.064073
11.0963,-0.071785,-1.0415,-0.064405
11.0973,-0.071785,-1.1641,-0.064481
11.0982,-0.071785,-1.2721,-0.064549
11.0992,-0.337388,-1.3767,-0.064617
11.1001,-0.337388,-1.4812,-0.064685
11.1010,-0.337388,-1.5787,-0.064750
11.1020,-0.337388,-1.6721,-0.064813
11.1029,-0.337388,-1.7616,-0.064875
11.1038,-0.337388,-1.8468,-0.064936
11.1047,-0.337388,-1.9275,-0.064994
11.1057,-0.337388,-2.0044,-0.065051
11.1069,-0.337388,-2.0996,-0.065124
11.1082,-0.337388,-2.1854,-0.065193
11.1094,0.009571,-2.2615,-0.065258
11.1107,0.009571,-2.3276,-0.065317
11.1119,0.009571,-2.3832,-0.065372
11.1132,0.009571,-2.4283,-0.065421
11.1144,0.009571,-2.4626,-0.065465
11.1157,0.009571,-2.4858,-0.065503
11.1169,0.009571,-2.4980,-0.065535
11.1182,0.009571,-2.4991,-0.065561
11.1194,0.040678,-2.4890,-0.065581
11.1207,0.040678,-2.4679,-0.065594
11.1219,0.040678,-2.4357,-0.065602
11.1232,0.040678,-2.3927,-0.065603
11.1244,0.040678,-2.3391,-0.065598
11.1257,0.040678,-2.2750,-0.065586
11.1269,0.040678,-2.2008,-0.065568
11.1282,0.040678,-2.1168,-0.065544
11.1294,-0.131605,-2.0233,-0.065514
11.1307,-0.131605,-1.9206,-0.065478
11.1319,-0.131605,-1.8099,-0.065436
11.1332,-0.131605,-1.6908,-0.065389
11.1344,-0.131605,-1.5642,-0.065336
11.1357,-0.131605,-1.4304,-0.065278
11.1369,-0.131605,-1.2905,-0.065216
11.1382,-0.131605,-1.1448,-0.065148
11.1394,-0.131605,-0.9940,-0.065077
11.1407,-0.162712,-0.8385,-0.065001
11.1419,-0.162712,-0.6797,-0.064921
11.1432,-0.162712,-0.5177,-0.064839
11.1463,-0.162712,-0.1015,-0.064619
11.1473,-0.162712,0.0288,-0.064548
11.1482,-0.162712,0.1530,-0.064479
11.1491,-0.162712,0.2762,-0.064410
11.1501,0.071785,0.3980,-0.064341
11.1510,0.071785,0.5189,-0.064271
11.1519,0.071785,0.6387,-0.064201
11.1532,0.071785,0.7994,-0.064105
11.1544,0.071785,0.9555,-0.064011
11.1557,0.071785,1.1075,-0.063917
11.1569,0.071785,1.2559,-0.063824
11.1582,0.071785,1.3963,-0.063733
11.1594,0.071785,1.5313,-0.063644
11.1607,-0.007178,1.6597,-0.063558
11.1619,-0.007178,1.7807,-0.063474
11.1632,-0.007178,1.8938,-0.063393
11.1644,-0.007178,1.9985,-0.063316
11.1657,-0.007178,2.0942,-0.063243
11.1669,-0.007178,2.1806,-0.063174
11.1682,-0.007178,2.2573,-0.063109
11.1694,-0.007178,2.3240,-0.063049
11.1707,0.033500,2.3803,-0.062994
11.1719,0.033500,2.4260,-0.062945
11.1732,0.033500,2.4609,-0.062901
11.1744,0.033500,2.4848,-0.062862
11.1757,0.033500,2.4976,-0.062830
11.1769,0.033500,2.4993,-0.062803
11.1782,0.033500,2.4899,-0.062783
11.1794,0.033500,2.4694,-0.062769
11.1807,0.145962,2.4379,-0.062761
11.1819,0.145962,2.3955,-0.062760
11.1832,0.145962,2.3425,-0.062765
11.1844,0.145962,2.2791,-0.062776
11.1857,0.145962,2.2054,-0.062793
11.1869,0.145962,2.1219,-0.062817
11.1882,0.145962,2.0290,-0.062847
11.1894,0.145962,1.9270,-0.062882
11.1907,-0.169890,1.8165,-0.062924
11.1919,-0.169890,1.6979,-0.062971
11.1932,-0.169890,1.5717,-0.063023
11.1944,-0.169890,1.4385,-0.063081
11.1973,-0.169890,1.1028,-0.063234
11.1983,-0.169890,0.9859,-0.063290
11.1992,-0.169890,0.8710,-0.063346
11.2001,-0.169890,0.7542,-0.063404
11.2011,-0.009571,0.6344,-0.063464
11.2020,-0.009571,0.5128,-0.063527
11.2032,-0.009571,0.3630,-0.063605
11.2044,-0.009571,0.1973,-0.063692
11.2057,-0.009571,0.0308,-0.063783
11.2069,-0.009571,-0.1361,-0.063874
11.2082,-0.009571,-0.3023,-0.063968
11.2094,-0.009571,-0.4672,-0.064062
11.2107,-0.275175,-0.6307,-0.064157
11.2119,-0.275175,-0.7901,-0.064252
11.2132,-0.275175,-0.9464,-0.064346
11.2144,-0.275175,-1.0987,-0.064440
11.2157,-0.275175,-1.2461,-0.064533
11.2169,-0.275175,-1.3879,-0.064624
11.2182,-0.275175,-1.5235,-0.064713
11.2194,-0.275175,-1.6523,-0.064800
11.2207,-0.275175,-1.7738,-0.064884
11.2219,-0.162712,-1.8874,-0.064965
11.2232,-0.162712,-1.9925,-0.065042
11.2244,-0.162712,-2.0888,-0.065116
11.2257,-0.162712,-2.1758,-0.065185
11.2269,-0.162712,-2.2531,-0.065250
11.2282,-0.162712,-2.3203,-0.065310
11.2294,-0.162712,-2.3772,-0.065366
11.2307,-0.162712,-2.4236,-0.065415
11.2319,-0.143569,-2.4591,-0.065460
11.2332,-0.143569,-2.4837,-0.065498
11.2344,-0.143569,-2.4972,-0.065531
11.2357,-0.143569,-2.4995,-0.065558
11.2369,-0.143569,-2.4907,-0.065579
11.2382,-0.143569,-2.4709,-0.065593
11.2394,-0.143569,-2.4401,-0.065601
11.2407,-0.143569,-2.3982,-0.065603
11.2419,0.145962,-2.3459,-0.065599
11.2432,0.145962,-2.2830,-0.065588
11.2444,0.145962,-2.2100,-0.065571
11.2457,0.145962,-2.1271,-0.065547
11.2487,0.145962,-1.8835,-0.065464
11.2497,0.145962,-1.7968,-0.065431
11.2506,0.145962,-1.7088,-0.065396
11.2515,-0.466600,-1.6168,-0.065359
11.2525,-0.466600,-1.5209,-0.065318
11.2534,-0.466600,-1.4215,-0.065274
11.2544,-0.466600,-1.3072,-0.065223
11.2557,-0.466600,-1.1623,-0.065156
11.2569,-0.466600,-1.0120,-0.065085
11.2582,-0.466600,-0.8573,-0.065010
11.2594,-0.466600,-0.6985,-0.064931
11.2607,-0.466600,-0.5370,-0.064849
11.2619,0.177069,-0.3729,-0.064763
11.2632,0.177069,-0.2072,-0.064676
11.2644,0.177069,-0.0405,-0.064586
11.2657,0.177069,0.1263,-0.064494
11.2669,0.177069,0.2926,-0.064401
11.2682,0.177069,0.4576,-0.064306
11.2694,0.177069,0.6205,-0.064212
11.2707,0.177069,0.7807,-0.064117
11.2719,-0.117248,0.9374,-0.064022
11.2732,-0.117248,1.0899,-0.063928
11.2744,-0.117248,1.2375,-0.063835
11.2757,-0.117248,1.3797,-0.063744
11.2769,-0.117248,1.5157,-0.063655
11.2782,-0.117248,1.6449,-0.063568
11.2794,-0.117248,1.7670,-0.063484
11.2807,-0.117248,1.8810,-0.063403
11.2819,0.244068,1.9866,-0.063325
11.2832,0.244068,2.0834,-0.063251
11.2844,0.244068,2.1709,-0.063182
11.2857,0.244068,2.2488,-0.063116
11.2869,0.244068,2.3166,-0.063056
11.2882,0.244068,2.3742,-0.063000
11.2894,0.244068,2.4212,-0.062950
11.2907,0.244068,2.4573,-0.062905
11.2919,0.052642,2.4825,-0.062866
11.2932,0.052642,2.4967,-0.062833
11.2944,0.052642,2.4997,-0.062806
11.2957,0.052642,2.4916,-0.062785
11.2973,0.052642,2.4644,-0.062767
11.3001,0.052642,2.3741,-0.062761
11.3010,0.052642,2.3309,-0.062766
11.3020,0.052642,2.2836,-0.062775
11.3029,-0.064606,2.2307,-0.062787
11.3038,-0.064606,2.1722,-0.062802
11.3047,-0.064606,2.1089,-0.062821
11.3057,-0.064606,2.0403,-0.062843
11.3069,-0.064606,1.9395,-0.062878
11.3082,-0.064606,1.8300,-0.062919
11.3094,-0.064606,1.7123,-0.062965
11.3107,-0.064606,1.5870,-0.063017
11.3119,-0.064606,1.4545,-0.063074
11.3132,-0.294317,1.3157,-0.063136
11.3144,-0.294317,1.1709,-0.063202
11.3157,-0.294317,1.0210,-0.063273
11.3169,-0.294317,0.8665,-0.063348
11.3182,-0.294317,0.7081,-0.063427
11.3194,-0.294317,0.5464,-0.063509
11.3207,-0.294317,0.3826,-0.063594
11.3219,-0.294317,0.2170,-0.063682
11.3232,0.078963,0.0503,-0.063772
11.3244,0.078963,-0.1165,-0.063864
11.3257,0.078963,-0.2828,-0.063957
11.3269,0.078963,-0.4479,-0.064051
11.3282,0.078963,-0.6110,-0.064146
11.3294,0.078963,-0.7713,-0.064241
11.3307,0.078963,-0.9284,-0.064335
11.3319,0.078963,-1.0811,-0.064429
11.3332,-0.083749,-1.2290,-0.064522
11.3344,-0.083749,-1.3715,-0.064613
11.3357,-0.083749,-1.5078,-0.064703
11.3369,-0.083749,-1.6374,-0.064790
11.3382,-0.083749,-1.7598,-0.064874
11.3394,-0.083749,-1.8745,-0.064956
11.3407,-0.083749,-1.9809,-0.065034
11.3419,-0.083749,-2.0781,-0.065107
11.3432,-0.241675,-2.1661,-0.065177
11.3444,-0.241675,-2.2445,-0.065243
11.3457,-0.241675,-2.3130,-0.065304
11.3469,-0.241675,-2.3711,-0.065359
11.3486,-0.241675,-2.4325,-0.065426
11.3517,-0.241675,-2.4944,-0.065522
11.3526,-0.241675,-2.4997,-0.065545
11.3536,-0.500100,-2.4986,-0.065563
11.3545,-0.500100,-2.4915,-0.065578
11.3554,-0.500100,-2.4783,-0.065589
11.3563,-0.500100,-2.4592,-0.065597
11.3572,-0.500100,-2.4341,-0.065602
11.3582,-0.500100,-2.4031,-0.065603
11.3594,-0.500100,-2.3525,-0.065599
11.3607,-0.500100,-2.2910,-0.065589
11.3619,-0.500100,-2.2191,-0.065573
11.3632,0.114855,-2.1374,-0.065551
11.3644,0.114855,-2.0461,-0.065522
11.3657,0.114855,-1.9457,-0.065487
11.3669,0.114855,-1.8367,-0.065447
11.3682,0.114855,-1.7194,-0.065401
11.3694,0.114855,-1.5945,-0.065349
11.3707,0.114855,-1.4625,-0.065292
11.3719,0.114855,-1.3240,-0.065231
11.3732,0.002393,-1.1796,-0.065164
11.3744,0.002393,-1.0300,-0.065094
11.3757,0.002393,-0.8757,-0.065019
11.3769,0.002393,-0.7175,-0.064940
11.3782,0.002393,-0.5562,-0.064859
11.3794,0.002393,-0.3923,-0.064774
11.3807,0.002393,-0.2268,-0.064686
11.3819,0.002393,-0.0602,-0.064596
11.3832,0.002393,0.1067,-0.064505
11.3844,0.088534,0.2731,-0.064412
11.3857,0.088534,0.4382,-0.064317
11.3869,0.088534,0.6015,-0.064223
11.3882,0.088534,0.7620,-0.064128
11.3894,0.088534,0.9192,-0.064033
11.3907,0.088534,1.0722,-0.063939
11.3919,0.088534,1.2205,-0.063846
11.3932,0.088534,1.3633,-0.063755
11.3944,-0.009571,1.5000,-0.063665
11.3957,-0.009571,1.6301,-0.063578
11.3969,-0.009571,1.7530,-0.063493
11.3982,-0.009571,1.8680,-0.063412
11.3994,-0.009571,1.9746,-0.063334
11.4028,-0.009571,2.2198,-0.063141
11.4038,0.177069,2.2764,-0.063092
11.4047,0.177069,2.3247,-0.063048
11.4056,0.177069,2.3672,-0.063007
11.4066,0.177069,2.4038,-0.062969
11.4075,0.177069,2.4347,-0.062934
11.4084,0.177069,2.4597,-0.062902
11.4094,0.177069,2.4801,-0.062871
11.4107,0.177069,2.4956,-0.062837
11.4119,0.177069,2.4999,-0.062809
11.4132,0.177069,2.4931,-0.062787
11.4144,-0.306281,2.4752,-0.062772
11.4157,-0.306281,2.4463,-0.062762
11.4169,-0.306281,2.4065,-0.062760
11.4182,-0.306281,2.3559,-0.062763
11.4194,-0.306281,2.2948,-0.062773
11.4207,-0.306281,2.2236,-0.062789
11.4219,-0.306281,2.1424,-0.062811
11.4232,-0.306281,2.0517,-0.062839
11.4244,0.050249,1.9519,-0.062873
11.4257,0.050249,1.8433,-0.062913
11.4269,0.050249,1.7266,-0.062959
11.4282,0.050249,1.6021,-0.063010
11.4294,0.050249,1.4705,-0.063067
11.4307,0.050249,1.3322,-0.063128
11.4319,0.050249,1.1882,-0.063194
11.4332,0.050249,1.0389,-0.063265
11.4344,-0.086142,0.8849,-0.063339
11.4357,-0.086142,0.7269,-0.063418
11.4369,-0.086142,0.5658,-0.063499
11.4382,-0.086142,0.4021,-0.063584
11.4394,-0.086142,0.2364,-0.063672
11.4407,-0.086142,0.0697,-0.063761
11.4419,-0.086142,-0.0970,-0.063853
11.4432,-0.086142,-0.2633,-0.063946
11.4444,0.043071,-0.4286,-0.064040
11.4457,0.043071,-0.5920,-0.064135
11.4469,0.043071,-0.7527,-0.064229
11.4482,0.043071,-0.9100,-0.064324
11.4494,0.043071,-1.0633,-0.064418
11.4507,0.043071,-1.2119,-0.064511
11.4538,0.043071,-1.5646,-0.064741
11.4548,-0.117248,-1.6634,-0.064808
11.4557,-0.117248,-1.7534,-0.064870
11.4567,-0.117248,-1.8390,-0.064930
11.4576,-0.117248,-1.9201,-0.064989
11.4585,-0.117248,-1.9965,-0.065045
11.4594,-0.117248,-2.0684,-0.065100
11.4607,-0.117248,-2.1563,-0.065169
11.4619,-0.117248,-2.2358,-0.065235
11.4632,-0.117248,-2.3054,-0.065297
11.4644,-0.117248,-2.3648,-0.065353
11.4657,-0.220140,-2.4136,-0.065404
11.4669,-0.220140,-2.4518,-0.065450
11.4682,-0.220140,-2.4789,-0.065490
11.4694,-0.220140,-2.4950,-0.065524
11.4707,-0.220140,-2.5000,-0.065552
11.4719,-0.220140,-2.4938,-0.065574
11.4732,-0.220140,-2.4766,-0.065590
11.4744,-0.220140,-2.4483,-0.065600
11.4757,-0.193819,-2.4091,-0.065603
11.4769,-0.193819,-2.3592,-0.065600
11.4782,-0.193819,-2.2988,-0.065591
11.4794,-0.193819,-2.2281,-0.065575
11.4807,-0.193819,-2.1475,-0.065553
11.4819,-0.193819,-2.0573,-0.065526
11.4832,-0.193819,-1.9580,-0.065492
11.4844,-0.193819,-1.8499,-0.065452
11.4857,-0.162712,-1.7336,-0.065406
11.4869,-0.162712,-1.6096,-0.065356
11.4882,-0.162712,-1.4784,-0.065299
11.4894,-0.162712,-1.3406,-0.065238
11.4907,-0.162712,-1.1969,-0.065173
11.4919,-0.162712,-1.0480,-0.065102
11.4932,-0.162712,-0.8939,-0.065028
11.4944,-0.162712,-0.7363,-0.064950
11.4957,-0.009571,-0.5752,-0.064868
11.4969,-0.009571,-0.4117,-0.064784
11.4982,-0.009571,-0.2463,-0.064697
11.4994,-0.009571,-0.0797,-0.064607
11.5007,-0.009571,0.0871,-0.064515
11.5019,-0.009571,0.2536,-0.064423
11.5050,-0.009571,0.6564,-0.064190
11.5059,-0.064606,0.7786,-0.064118
11.5069,-0.064606,0.8949,-0.064048
11.5078,-0.064606,1.0087,-0.063978
11.5087,-0.064606,1.1201,-0.063909
11.5096,-0.064606,1.2286,-0.063841
11.5107,-0.064606,1.3469,-0.063765
11.5119,-0.064606,1.4843,-0.063676
11.5132,-0.064606,1.6152,-0.063588
11.5144,-0.064606,1.7389,-0.063503
11.5157,0.244068,1.8548,-0.063421
11.5169,0.244068,1.9625,-0.063343
11.5182,0.244068,2.0615,-0.063268
11.5194,0.244068,2.1512,-0.063198
11.5207,0.244068,2.2314,-0.063131
11.5219,0.244068,2.3016,-0.063070
11.5232,0.244068,2.3616,-0.063013
11.5244,0.244068,2.4111,-0.062961
11.5257,0.016750,2.4498,-0.062916
11.5269,0.016750,2.4776,-0.062875
11.5282,0.016750,2.4943,-0.062841
11.5294,0.016750,2.5000,-0.062812
11.5307,0.016750,2.4945,-0.062790
11.5319,0.016750,2.4779,-0.062773
11.5332,0.016750,2.4503,-0.062763
11.5344,0.016750,2.4117,-0.062760
11.5357,0.016750,2.3624,-0.062762
11.5369,-0.212961,2.3026,-0.062771
11.5382,-0.212961,2.2325,-0.062786
11.5394,-0.212961,2.1524,-0.062808
11.5407,-0.212961,2.0628,-0.062836
11.5419,-0.212961,1.9641,-0.062869
11.5432,-0.212961,1.8564,-0.062909
11.5444,-0.212961,1.7407,-0.062954
11.5457,-0.212961,1.6171,-0.063004
11.5469,-0.081356,1.4863,-0.063060
11.5482,-0.081356,1.3489,-0.063121
11.5494,-0.081356,1.2055,-0.063186
11.5507,-0.081356,1.0567,-0.063256
11.5519,-0.081356,0.9032,-0.063330
11.5535,-0.081356,0.6980,-0.063432
11.5569,0.045464,0.2514,-0.063664
11.5579,0.045464,0.1201,-0.063734
11.5588,0.045464,-0.0031,-0.063801
11.5598,0.045464,-0.1262,-0.063869
11.5607,0.045464,-0.2489,-0.063938
11.5616,0.045464,-0.3710,-0.064007
11.5625,0.045464,-0.4921,-0.064076
11.5635,0.045464,-0.6122,-0.064146
11.5644,0.045464,-0.7341,-0.064218
11.5657,0.045464,-0.8917,-0.064313
11.5669,-0.059821,-1.0455,-0.064407
11.5682,-0.059821,-1.1947,-0.064500
11.5694,-0.059821,-1.3385,-0.064592
11.5707,-0.059821,-1.4764,-0.064682
11.5719,-0.059821,-1.6077,-0.064770
11.5732,-0.059821,-1.7318,-0.064855
11.5744,-0.059821,-1.8483,-0.064937
11.5757,-0.059821,-1.9564,-0.065015
11.5769,-0.066999,-2.0559,-0.065090
11.5782,-0.066999,-2.1462,-0.065161
11.5794,-0.066999,-2.2270,-0.065228
11.5807,-0.066999,-2.2978,-0.065290
11.5819,-0.066999,-2.3584,-0.065347
11.5832,-0.066999,-2.4085,-0.065398
11.5844,-0.066999,-2.4478,-0.065445
11.5857,-0.066999,-2.4762,-0.065485
11.5869,-0.236889,-2.4937,-0.065520
11.5882,-0.236889,-2.5000,-0.065549
11.5894,-0.236889,-2.4951,-0.065572
11.5907,-0.236889,-2.4792,-0.065589
11.5919,-0.236889,-2.4522,-0.065599
11.5932,-0.236889,-2.4143,-0.065603
11.5944,-0.236889,-2.3657,-0.065601
11.5957,-0.236889,-2.3064,-0.065592
11.5969,-0.205783,-2.2369,-0.065577
11.5982,-0.205783,-2.1575,-0.065556
11.5994,-0.205783,-2.0684,-0.065529
11.6007,-0.205783,-1.9701,-0.065496
11.6019,-0.205783,-1.8631,-0.065457
11.6032,-0.205783,-1.7477,-0.065412
11.6046,-0.205783,-1.6002,-0.065352
11.6073,-0.095713,-1.3090,-0.065224
11.6083,-0.095713,-1.1997,-0.065174
11.6092,-0.095713,-1.0901,-0.065122
11.6101,-0.095713,-0.9780,-0.065069
11.6110,-0.095713,-0.8635,-0.065013
11.6120,-0.095713,-0.7470,-0.064955
11.6132,-0.095713,-0.5943,-0.064878
11.6144,-0.095713,-0.4311,-0.064794
11.6157,-0.095713,-0.2658,-0.064707
11.6169,-0.095713,-0.0994,-0.064618
11.6182,-0.019143,0.0674,-0.064526
11.6194,-0.019143,0.2342,-0.064433
11.6207,-0.019143,0.3995,-0.064340
11.6219,-0.019143,0.5633,-0.064245
11.6232,-0.019143,0.7245,-0.064150
11.6244,-0.019143,0.8825,-0.064055
11.6257,-0.019143,1.0366,-0.063961
11.6269,-0.019143,1.1860,-0.063868
11.6282,0.047856,1.3302,-0.063776
11.6294,0.047856,1.4684,-0.063686
11.6307,0.047856,1.6003,-0.063598
11.6319,0.047856,1.7248,-0.063513
11.6332,0.047856,1.8416,-0.063431
11.6344,0.047856,1.9503,-0.063352
11.6357,0.047856,2.0503,-0.063277
11.6369,0.047856,2.1411,-0.063206
11.6382,-0.052642,2.2225,-0.063139
11.6394,-0.052642,2.2939,-0.063077
11.6407,-0.052642,2.3552,-0.063019
11.6419,-0.052642,2.4058,-0.062967
11.6432,-0.052642,2.4458,-0.062921
11.6444,-0.052642,2.4749,-0.062880
11.6457,-0.052642,2.4930,-0.062844
11.6469,-0.052642,2.4999,-0.062815
11.6482,-0.043071,2.4957,-0.062792
11.6494,-0.043071,2.4804,-0.062775
11.6507,-0.043071,2.4541,-0.062764
11.6519,-0.043071,2.4168,-0.062760
11.6532,-0.043071,2.3688,-0.062762
11.6544,-0.043071,2.3102,-0.062770
11.6558,-0.043071,2.2349,-0.062786
11.6588,-0.047856,2.0235,-0.062848
11.6598,-0.047856,1.9427,-0.062877
11.6607,-0.047856,1.8626,-0.062906
11.6617,-0.047856,1.7781,-0.062939
11.6626,-0.047856,1.6895,-0.062974
11.6635,-0.047856,1.5966,-0.063013
11.6644,-0.047856,1.4999,-0.063054
11.6657,-0.047856,1.3653,-0.063113
11.6669,-0.047856,1.2226,-0.063178
11.6682,0.040678,1.0744,-0.063248
11.6694,0.040678,0.9215,-0.063321
11.6707,0.040678,0.7644,-0.063399
11.6719,0.040678,0.6039,-0.063480
11.6732,0.040678,0.4407,-0.063564
11.6744,0.040678,0.2755,-0.063651
11.6757,0.040678,0.1092,-0.063740
11.6769,0.040678,-0.0576,-0.063831
11.6782,-0.011964,-0.2242,-0.063924
11.6794,-0.011964,-0.3900,-0.064018
11.6807,-0.011964,-0.5537,-0.064112
11.6819,-0.011964,-0.7151,-0.064207
11.6832,-0.011964,-0.8733,-0.064302
11.6844,-0.011964,-1.0277,-0.064396
11.6857,-0.011964,-1.1774,-0.064489
11.6869,-0.011964,-1.3219,-0.064581
11.6882,0.004786,-1.4605,-0.064671
11.6894,0.004786,-1.5926,-0.064759
11.6907,0.004786,-1.7176,-0.064845
11.6919,0.004786,-1.8349,-0.064927
11.6932,0.004786,-1.9441,-0.065006
11.6944,0.004786,-2.0446,-0.065082
11.6957,0.004786,-2.1360,-0.065153
11.6969,0.004786,-2.2179,-0.065220
11.6982,0.004786,-2.2900,-0.065283
11.6994,-0.248854,-2.3518,-0.065340
11.7007,-0.248854,-2.4031,-0.065393
11.7019,-0.248854,-2.4438,-0.065440
11.7032,-0.248854,-2.4735,-0.065481
11.7044,-0.248854,-2.4922,-0.065517
11.7057,-0.248854,-2.4998,-0.065546
11.7070,-0.248854,-2.4953,-0.065572
11.7101,-0.090927,-2.4374,-0.065602
11.7110,-0.090927,-2.4062,-0.065603
11.7120,-0.090927,-2.3696,-0.065601
11.7129,-0.090927,-2.3272,-0.065596
11.7138,-0.090927,-2.2794,-0.065587
11.7147,-0.090927,-2.2261,-0.065575
11.7157,-0.090927,-2.1673,-0.065559
11.7169,-0.090927,-2.0793,-0.065533
11.7182,-0.090927,-1.9822,-0.065500
11.7194,-0.315853,-1.8761,-0.065462
11.7207,-0.315853,-1.7617,-0.065418
11.7219,-0.315853,-1.6395,-0.065368
11.7232,-0.315853,-1.5099,-0.065313
11.7244,-0.315853,-1.3736,-0.065253
11.7257,-0.315853,-1.2312,-0.065188
11.7269,-0.315853,-1.0833,-0.065119
11.7282,-0.315853,-0.9306,-0.065046
11.7294,-0.045464,-0.7738,-0.064969
11.7307,-0.045464,-0.6133,-0.064888
11.7319,-0.045464,-0.4497,-0.064804
11.7332,-0.045464,-0.2847,-0.064717
11.7344,-0.045464,-0.1190,-0.064628
11.7357,-0.045464,0.0479,-0.064537
11.7369,-0.045464,0.2144,-0.064445
11.7382,-0.045464,0.3801,-0.064351
11.7394,-0.102891,0.5441,-0.064256
11.7407,-0.102891,0.7060,-0.064161
11.7419,-0.102891,0.8642,-0.064066
11.7432,-0.102891,1.0187,-0.063972
11.7444,-0.102891,1.1687,-0.063879
11.7457,-0.102891,1.3135,-0.063787
11.7469,-0.102891,1.4525,-0.063697
11.7482,-0.102891,1.5850,-0.063609
11.7494,0.031107,1.7104,-0.063523
11.7507,0.031107,1.8283,-0.063440
11.7519,0.031107,1.9383,-0.063361
11.7532,0.031107,2.0390,-0.063285
11.7544,0.031107,2.1316,-0.063213
11.7557,0.031107,2.2134,-0.063146
11.7569,0.031107,2.2860,-0.063084
11.7582,0.031107,2.3484,-0.063026
11.7594,0.174676,2.4005,-0.062973
11.7621,0.174676,2.4759,-0.062878
11.7631,0.174676,2.4902,-0.062851
11.7640,0.174676,2.4981,-0.062828
11.7649,0.174676,2.4999,-0.062808
11.7658,0.174676,2.4956,-0.062792
11.7669,0.174676,2.4828,-0.062777
11.7682,0.174676,2.4578,-0.062765
11.7694,-0.105284,2.4218,-0.062760
11.7707,-0.105284,2.3750,-0.062761
11.7719,-0.105284,2.3176,-0.062768
11.7732,-0.105284,2.2499,-0.062782
11.7744,-0.105284,2.1722,-0.062802
11.7757,-0.105284,2.0848,-0.062828
11.7769,-0.105284,1.9881,-0.062861
11.7782,-0.105284,1.8826,-0.062899
11.7794,-0.105284,1.7685,-0.062943
11.7807,-0.110070,1.6469,-0.062992
11.7819,-0.110070,1.5177,-0.063046
11.7832,-0.110070,1.3818,-0.063106
11.7844,-0.110070,1.2397,-0.063170
11.7857,-0.110070,1.0921,-0.063239
11.7869,-0.110070,0.9397,-0.063313
11.7882,-0.110070,0.7831,-0.063390
11.7894,-0.110070,0.6230,-0.063470
11.7907,0.038285,0.4600,-0.063554
11.7919,0.038285,0.2951,-0.063640
11.7932,0.038285,0.1288,-0.063729
11.7944,0.038285,-0.0380,-0.063820
11.7957,0.038285,-0.2047,-0.063913
11.7969,0.038285,-0.3704,-0.064007
11.7982,0.038285,-0.5345,-0.064101
11.7994,0.038285,-0.6963,-0.064196
11.8007,-0.052642,-0.8549,-0.064291
11.8019,-0.052642,-1.0097,-0.064385
11.8032,-0.052642,-1.1601,-0.064479
11.8044,-0.052642,-1.3052,-0.064571
11.8057,-0.052642,-1.4445,-0.064661
11.8069,-0.052642,-1.5775,-0.064749
11.8082,-0.052642,-1.7033,-0.064835
11.8094,-0.052642,-1.8218,-0.064918
11.8107,-0.038285,-1.9386,-0.065002
11.8134,-0.038285,-2.1425,-0.065158
11.8143,-0.038285,-2.2052,-0.065210
11.8153,-0.038285,-2.2608,-0.065257
11.8162,-0.038285,-2.3105,-0.065301
11.8171,-0.038285,-2.3547,-0.065343
11.8182,-0.038285,-2.3977,-0.065387
11.8194,-0.038285,-2.4396,-0.065434
11.8207,-0.205783,-2.4705,-0.065476
11.8219,-0.205783,-2.4906,-0.065513
11.8232,-0.205783,-2.4995,-0.065543
11.8244,-0.205783,-2.4973,-0.065567
11.8257,-0.205783,-2.4839,-0.065585
11.8269,-0.205783,-2.4595,-0.065597
11.8282,-0.205783,-2.4242,-0.065603
11.8294,-0.205783,-2.3780,-0.065602
11.8307,-0.122034,-2.3210,-0.065595
11.8319,-0.122034,-2.2541,-0.065582
11.8332,-0.122034,-2.1770,-0.065562
11.8344,-0.122034,-2.0902,-0.065536
11.8357,-0.122034,-1.9942,-0.065504
11.8369,-0.122034,-1.8891,-0.065467
11.8382,-0.122034,-1.7756,-0.065423
11.8394,-0.122034,-1.6542,-0.065374
11.8407,-0.241675,-1.5255,-0.065320
11.8419,-0.241675,-1.3900,-0.065260
11.8432,-0.241675,-1.2483,-0.065196
11.8444,-0.241675,-1.1007,-0.065127
11.8457,-0.241675,-0.9488,-0.065055
11.8469,-0.241675,-0.7924,-0.064978
11.8482,-0.241675,-0.6325,-0.064897
11.8494,-0.241675,-0.4697,-0.064814
11.8507,-0.086142,-0.3049,-0.064728
11.8519,-0.086142,-0.1369,-0.064638
11.8532,-0.086142,0.0282,-0.064548
11.8544,-0.086142,0.1949,-0.064455
11.8557,-0.086142,0.3608,-0.064362
11.8569,-0.086142,0.5251,-0.064267
11.8582,-0.086142,0.6869,-0.064172
11.8594,-0.086142,0.8457,-0.064078
11.8607,-0.086142,1.0007,-0.063983
11.8620,-0.023928,1.1621,-0.063883
11.8645,-0.023928,1.4443,-0.063702
11.8654,-0.023928,1.5453,-0.063635
11.8663,-0.023928,1.6403,-0.063571
11.8673,-0.023928,1.7314,-0.063508
11.8682,-0.023928,1.8179,-0.063448
11.8694,-0.023928,1.9256,-0.063370
11.8707,-0.023928,2.0276,-0.063294
11.8719,0.160319,2.1206,-0.063222
11.8732,0.160319,2.2042,-0.063154
11.8744,0.160319,2.2780,-0.063091
11.8757,0.160319,2.3416,-0.063032
11.8769,0.160319,2.3948,-0.062979
11.8782,0.160319,2.4374,-0.062931
11.8794,0.160319,2.4690,-0.062889
11.8807,0.160319,2.4897,-0.062852
11.8819,0.023928,2.4993,-0.062821
11.8832,0.023928,2.4977,-0.062797
11.8844,0.023928,2.4850,-0.062778
11.8857,0.023928,2.4613,-0.062766
11.8869,0.023928,2.4266,-0.062760
11.8882,0.023928,2.3810,-0.062761
11.8894,0.023928,2.3249,-0.062767
11.8907,0.023928,2.2584,-0.062780
11.8919,-0.028714,2.1819,-0.062800
11.8932,-0.028714,2.0956,-0.062825
11.8944,-0.028714,2.0000,-0.062857
11.8957,-0.028714,1.8954,-0.062894
11.8969,-0.028714,1.7825,-0.062937
11.8982,-0.028714,1.6616,-0.062986
11.8994,-0.028714,1.5332,-0.063040
11.9007,-0.028714,1.3981,-0.063099
11.9019,-0.019143,1.2568,-0.063163
11.9032,-0.019143,1.1090,-0.063231
11.9044,-0.019143,0.9579,-0.063304
11.9057,-0.019143,0.8017,-0.063380
11.9069,-0.019143,0.6419,-0.063461
11.9082,-0.019143,0.4793,-0.063544
11.9094,-0.019143,0.3146,-0.063630
11.9107,-0.019143,0.1484,-0.063719
11.9119,-0.133998,-0.0184,-0.063810
11.9132,-0.133998,-0.1855,-0.063902
11.9153,-0.133998,-0.4648,-0.064061
11.9162,-0.133998,-0.5873,-0.064132
11.9171,-0.133998,-0.7062,-0.064202
11.9182,-0.133998,-0.8365,-0.064280
11.9194,-0.133998,-0.9919,-0.064374
11.9207,-0.133998,-1.1426,-0.064468
11.9219,0.055035,-1.2884,-0.064560
11.9232,0.055035,-1.4284,-0.064650
11.9244,0.055035,-1.5621,-0.064739
11.9257,0.055035,-1.6888,-0.064825
11.9269,0.055035,-1.8081,-0.064908
11.9282,0.055035,-1.9192,-0.064988
11.9294,0.055035,-2.0218,-0.065064
11.9307,0.055035,-2.1157,-0.065137
11.9319,-0.229711,-2.1997,-0.065205
11.9332,-0.229711,-2.2739,-0.065268
11.9344,-0.229711,-2.3382,-0.065327
11.9357,-0.229711,-2.3919,-0.065381
11.9369,-0.229711,-2.4351,-0.065429
11.9382,-0.229711,-2.4675,-0.065472
11.9394,-0.229711,-2.4888,-0.065509
11.9407,-0.229711,-2.4990,-0.065540
11.9419,-0.229711,-2.4981,-0.065565
11.9432,-0.064606,-2.4861,-0.065584
11.9444,-0.064606,-2.4630,-0.065596
11.9457,-0.064606,-2.4289,-0.065603
11.9469,-0.064606,-2.3840,-0.065602
11.9482,-0.064606,-2.3285,-0.065596
11.9494,-0.064606,-2.2626,-0.065583
11.9507,-0.064606,-2.1866,-0.065565
11.9519,-0.064606,-2.1010,-0.065539
11.9532,-0.122034,-2.0059,-0.065508
11.9544,-0.122034,-1.9019,-0.065471
11.9557,-0.122034,-1.7893,-0.065428
11.9569,-0.122034,-1.6689,-0.065380
11.9582,-0.122034,-1.5410,-0.065326
11.9594,-0.122034,-1.4062,-0.065268
11.9607,-0.122034,-1.2652,-0.065204
11.9619,-0.122034,-1.1185,-0.065136
11.9632,-0.117248,-0.9669,-0.065063
11.9666,-0.117248,-0.5235,-0.064842
11.9676,-0.117248,-0.3959,-0.064776
11.9685,-0.117248,-0.2735,-0.064711
11.9695,-0.117248,-0.1510,-0.064645
11.9704,-0.117248,-0.0281,-0.064579
11.9713,-0.117248,0.0953,-0.064511
11.9722,-0.117248,0.2184,-0.064442
11.9731,-0.299103,0.3408,-0.064373
11.9744,-0.299103,0.5058,-0.064278
11.9757,-0.299103,0.6679,-0.064184
11.9769,-0.299103,0.8271,-0.064089
11.9782,-0.299103,0.9827,-0.063994
11.9794,-0.299103,1.1339,-0.063901
11.9807,-0.299103,1.2800,-0.063808
11.9819,-0.299103,1.4204,-0.063718
11.9832,0.145962,1.5544,-0.063629
11.9844,0.145962,1.6816,-0.063543
11.9857,0.145962,1.8013,-0.063460
11.9869,0.145962,1.9129,-0.063379
11.9882,0.145962,2.0160,-0.063303
11.9894,0.145962,2.1101,-0.063230
11.9907,0.145962,2.1949,-0.063162
11.9919,0.145962,2.2698,-0.063098
11.9932,0.035892,2.3347,-0.063039
11.9944,0.035892,2.3891,-0.062985
11.9957,0.035892,2.4329,-0.062936
11.9969,0.035892,2.4659,-0.062893
11.9982,0.035892,2.4878,-0.062856
11.9994,0.035892,2.4987,-0.062825
12.0007,0.035892,2.4985,-0.062799
12.0019,0.035892,2.4871,-0.062780
12.0032,0.179462,2.4647,-0.062767
12.0044,0.179462,2.4313,-0.062760
12.0057,0.179462,2.3867,-0.062760
12.0069,0.179462,2.3320,-0.062766
12.0082,0.179462,2.2667,-0.062778
12.0094,0.179462,2.1914,-0.062797
12.0107,0.179462,2.1062,-0.062822
12.0119,0.179462,2.0117,-0.062853
12.0132,0.126820,1.9082,-0.062889
12.0144,0.126820,1.7962,-0.062932
12.0191,0.126820,1.3077,-0.063139
12.0202,0.126820,1.1854,-0.063196
12.0211,0.126820,1.0752,-0.063247
12.0220,0.126820,0.9627,-0.063301
12.0229,0.126820,0.8481,-0.063357
12.0239,-0.390030,0.7314,-0.063415
12.0248,-0.390030,0.6129,-0.063475
12.0257,-0.390030,0.4929,-0.063537
12.0266,-0.390030,0.3718,-0.063600
12.0275,-0.390030,0.2498,-0.063664
12.0285,-0.390030,0.1272,-0.063730
12.0294,-0.390030,0.0012,-0.063799
12.0307,-0.390030,-0.1661,-0.063891
12.0319,-0.390030,-0.3318,-0.063985
12.0332,-0.390030,-0.4962,-0.064079
12.0344,-0.212961,-0.6585,-0.064174
12.0357,-0.212961,-0.8179,-0.064268
12.0369,-0.212961,-0.9736,-0.064363
12.0382,-0.212961,-1.1251,-0.064457
12.0394,-0.212961,-1.2717,-0.064549
12.0407,-0.212961,-1.4123,-0.064640
12.0419,-0.212961,-1.5467,-0.064729
12.0432,-0.212961,-1.6743,-0.064815
12.0444,0.282353,-1.7944,-0.064898
12.0457,0.282353,-1.9066,-0.064979
12.0469,0.282353,-2.0102,-0.065056
12.0482,0.282353,-2.1049,-0.065128
12.0494,0.282353,-2.1902,-0.065197
12.0507,0.282353,-2.2657,-0.065261
12.0519,0.282353,-2.3311,-0.065320
12.0532,0.282353,-2.3862,-0.065375
12.0544,-0.074178,-2.4306,-0.065424
12.0557,-0.074178,-2.4642,-0.065467
12.0569,-0.074178,-2.4869,-0.065505
12.0582,-0.074178,-2.4984,-0.065536
12.0594,-0.074178,-2.4988,-0.065562
12.0607,-0.074178,-2.4881,-0.065582
12.0619,-0.074178,-2.4663,-0.065595
12.0632,-0.074178,-2.4335,-0.065602
12.0644,-0.167498,-2.3898,-0.065603
12.0657,-0.167498,-2.3356,-0.065597
12.0694,-0.167498,-2.1104,-0.065542
12.0704,-0.167498,-2.0374,-0.065519
12.0713,-0.167498,-1.9629,-0.065493
12.0722,-0.167498,-1.8846,-0.065465
12.0732,-0.167498,-1.7975,-0.065432
12.0742,-0.306281,-1.7052,-0.065395
12.0751,-0.306281,-1.6127,-0.065357
12.0760,-0.306281,-1.5166,-0.065316
12.0770,-0.306281,-1.4169,-0.065272
12.0782,-0.306281,-1.2819,-0.065212
12.0794,-0.306281,-1.1355,-0.065144
12.0807,-0.306281,-0.9849,-0.065072
12.0819,-0.306281,-0.8295,-0.064996
12.0832,-0.306281,-0.6704,-0.064917
12.0844,-0.217747,-0.5082,-0.064834
12.0857,-0.217747,-0.3438,-0.064748
12.0869,-0.217747,-0.1778,-0.064660
12.0882,-0.217747,-0.0111,-0.064570
12.0894,-0.217747,0.1569,-0.064477
12.0907,-0.217747,0.3220,-0.064384
12.0919,-0.217747,0.4865,-0.064290
12.0932,-0.217747,0.6490,-0.064195
12.0944,-0.217747,0.8086,-0.064100
12.0957,-0.038285,0.9646,-0.064005
12.0969,-0.038285,1.1163,-0.063912
12.0982,-0.038285,1.2631,-0.063819
12.0994,-0.038285,1.4043,-0.063728
12.1007,-0.038285,1.5390,-0.063639
12.1019,-0.038285,1.6670,-0.063553
12.1032,-0.038285,1.7876,-0.063469
12.1044,-0.038285,1.9002,-0.063389
12.1057,0.038285,2.0043,-0.063312
12.1069,0.038285,2.0996,-0.063239
12.1082,0.038285,2.1855,-0.063170
12.1094,0.038285,2.2616,-0.063105
12.1107,0.038285,2.3276,-0.063046
12.1119,0.038285,2.3833,-0.062991
12.1132,0.038285,2.4283,-0.062942
12.1144,0.038285,2.4626,-0.062898
12.1157,0.131605,2.4858,-0.062860
12.1169,0.131605,2.4980,-0.062828
12.1182,0.131605,2.4991,-0.062802
12.1196,0.131605,2.4865,-0.062780
12.1225,0.131605,2.4176,-0.062760
12.1234,0.131605,2.3822,-0.062760
12.1243,0.131605,2.3419,-0.062765
12.1253,0.184247,2.2960,-0.062772
12.1262,0.184247,2.2445,-0.062784
12.1271,0.184247,2.1877,-0.062798
12.1282,0.184247,2.1166,-0.062819
12.1294,0.184247,2.0233,-0.062849
12.1307,0.184247,1.9208,-0.062885
12.1319,0.184247,1.8098,-0.062926
12.1332,0.184247,1.6907,-0.062974
12.1344,0.184247,1.5641,-0.063027
12.1357,-0.246461,1.4305,-0.063084
12.1369,-0.246461,1.2906,-0.063147
12.1382,-0.246461,1.1449,-0.063215
12.1394,-0.246461,0.9939,-0.063286
12.1407,-0.246461,0.8388,-0.063362
12.1419,-0.246461,0.6799,-0.063441
12.1432,-0.246461,0.5178,-0.063524
12.1444,-0.246461,0.3535,-0.063610
12.1457,-0.064606,0.1876,-0.063698
12.1469,-0.064606,0.0209,-0.063788
12.1482,-0.064606,-0.1466,-0.063880
12.1494,-0.064606,-0.3121,-0.063973
12.1507,-0.064606,-0.4767,-0.064068
12.1519,-0.064606,-0.6394,-0.064162
12.1532,-0.064606,-0.7991,-0.064257
12.1544,-0.064606,-0.9554,-0.064352
12.1557,-0.110070,-1.1074,-0.064446
12.1569,-0.110070,-1.2548,-0.064538
12.1582,-0.110070,-1.3964,-0.064630
12.1594,-0.110070,-1.5312,-0.064718
12.1607,-0.110070,-1.6596,-0.064805
12.1619,-0.110070,-1.7806,-0.064889
12.1632,-0.110070,-1.8937,-0.064969
12.1644,-0.110070,-1.9984,-0.065047
12.1657,0.114855,-2.0941,-0.065120
12.1669,0.114855,-2.1806,-0.065189
12.1682,0.114855,-2.2574,-0.065254
12.1694,0.114855,-2.3240,-0.065314
12.1707,0.114855,-2.3806,-0.065369
12.1732,0.114855,-2.4628,-0.065465
12.1742,0.114855,-2.4815,-0.065495
12.1751,0.114855,-2.4935,-0.065520
12.1760,-0.145962,-2.4993,-0.065542
12.1770,-0.145962,-2.4991,-0.065561
12.1782,-0.145962,-2.4899,-0.065580
12.1794,-0.145962,-2.4694,-0.065594
12.1807,-0.145962,-2.4379,-0.065602
12.1819,-0.145962,-2.3955,-0.065603
12.1832,-0.145962,-2.3425,-0.065598
12.1844,-0.145962,-2.2790,-0.065587
12.1857,-0.145962,-2.2054,-0.065570
12.1869,-0.119641,-2.1219,-0.065546
12.1882,-0.119641,-2.0290,-0.065516
12.1894,-0.119641,-1.9271,-0.065481
12.1907,-0.119641,-1.8166,-0.065439
12.1919,-0.119641,-1.6979,-0.065392
12.1932,-0.119641,-1.5717,-0.065340
12.1944,-0.119641,-1.4386,-0.065282
12.1957,-0.119641,-1.2989,-0.065219
12.1969,-0.193819,-1.1536,-0.065152
12.1982,-0.193819,-1.0030,-0.065081
12.1994,-0.193819,-0.8479,-0.065005
12.2007,-0.193819,-0.6892,-0.064926
12.2019,-0.193819,-0.5273,-0.064844
12.2032,-0.193819,-0.3631,-0.064758
12.2044,-0.193819,-0.1974,-0.064670
12.2057,-0.193819,-0.0307,-0.064580
12.2069,-0.299103,0.1361,-0.064488
12.2082,-0.299103,0.3023,-0.064395
12.2094,-0.299103,0.4672,-0.064301
12.2107,-0.299103,0.6300,-0.064206
12.2119,-0.299103,0.7901,-0.064111
12.2132,-0.299103,0.9465,-0.064016
12.2144,-0.299103,1.0992,-0.063922
12.2157,-0.299103,1.2461,-0.063830
12.2169,-0.021535,1.3879,-0.063739
12.2182,-0.021535,1.5235,-0.063650
12.2194,-0.021535,1.6523,-0.063563
12.2207,-0.021535,1.7738,-0.063479
12.2219,-0.021535,1.8875,-0.063398
12.2240,-0.021535,2.0613,-0.063268
12.2250,-0.021535,2.1299,-0.063215
12.2259,-0.021535,2.1918,-0.063164
12.2269,-0.117248,2.2531,-0.063113
12.2282,-0.117248,2.3203,-0.063052
12.2294,-0.117248,2.3772,-0.062997
12.2307,-0.117248,2.4236,-0.062947
12.2319,-0.117248,2.4591,-0.062903
12.2332,-0.117248,2.4837,-0.062864
12.2344,-0.117248,2.4972,-0.062832
12.2357,-0.117248,2.4995,-0.062805
12.2369,0.315853,2.4908,-0.062784
12.2382,0.315853,2.4709,-0.062770
12.2394,0.315853,2.4400,-0.062761
12.2407,0.315853,2.3983,-0.062760
12.2419,0.315853,2.3459,-0.062764
12.2432,0.315853,2.2830,-0.062775
12.2444,0.315853,2.2100,-0.062792
12.2457,0.315853,2.1271,-0.062815
12.2469,0.191426,2.0348,-0.062845
12.2482,0.191426,1.9333,-0.062880
12.2494,0.191426,1.8233,-0.062921
12.2507,0.191426,1.7051,-0.062968
12.2519,0.191426,1.5794,-0.063020
12.2532,0.191426,1.4466,-0.063077
12.2544,0.191426,1.3073,-0.063140
12.2557,0.191426,1.1623,-0.063206
12.2569,0.191426,1.0120,-0.063278
12.2582,-0.296710,0.8573,-0.063353
12.2594,-0.296710,0.6987,-0.063432
12.2607,-0.296710,0.5370,-0.063514
12.2619,-0.296710,0.3730,-0.063599
12.2632,-0.296710,0.2073,-0.063687
12.2644,-0.296710,0.0405,-0.063777
12.2657,-0.296710,-0.1263,-0.063869
12.2669,-0.296710,-0.2926,-0.063962
12.2682,-0.181855,-0.4576,-0.064057
12.2694,-0.181855,-0.6205,-0.064151
12.2707,-0.181855,-0.7807,-0.064246
12.2719,-0.181855,-0.9374,-0.064341
12.2753,-0.181855,-1.3457,-0.064597
12.2763,-0.181855,-1.4529,-0.064666
12.2772,-0.181855,-1.5514,-0.064732
12.2782,0.246461,-1.6461,-0.064796
12.2791,0.246461,-1.7367,-0.064858
12.2800,0.246461,-1.8231,-0.064919
12.2809,0.246461,-1.9051,-0.064978
12.2819,0.246461,-1.9866,-0.065038
12.2832,0.246461,-2.0834,-0.065112
12.2844,0.246461,-2.1710,-0.065181
12.2857,0.246461,-2.2488,-0.065247
12.2869,0.246461,-2.3167,-0.065307
12.2882,-0.224925,-2.3742,-0.065362
12.2894,-0.224925,-2.4211,-0.065413
12.2907,-0.224925,-2.4573,-0.065457
12.2919,-0.224925,-2.4825,-0.065496
12.2932,-0.224925,-2.4967,-0.065530
12.2944,-0.224925,-2.4997,-0.065557
12.2957,-0.224925,-2.4916,-0.065578
12.2969,-0.224925,-2.4724,-0.065593
12.2982,-0.021535,-2.4422,-0.065601
12.2994,-0.021535,-2.4010,-0.065603
12.3007,-0.021535,-2.3493,-0.065599
12.3019,-0.021535,-2.2870,-0.065589
12.3032,-0.021535,-2.2146,-0.065572
12.3044,-0.021535,-2.1322,-0.065549
12.3057,-0.021535,-2.0404,-0.065520
12.3069,-0.021535,-1.9395,-0.065485
12.3082,-0.445065,-1.8300,-0.065444
12.3094,-0.445065,-1.7123,-0.065398
12.3107,-0.445065,-1.5869,-0.065346
12.3119,-0.445065,-1.4546,-0.065289
12.3132,-0.445065,-1.3157,-0.065227
12.3144,-0.445065,-1.1709,-0.065160
12.3157,-0.445065,-1.0199,-0.065089
12.3169,-0.445065,-0.8664,-0.065014
12.3182,0.093320,-0.7081,-0.064936
12.3194,0.093320,-0.5466,-0.064854
12.3207,0.093320,-0.3826,-0.064769
12.3219,0.093320,-0.2170,-0.064681
12.3232,0.093320,-0.0504,-0.064591
12.3265,0.093320,0.4005,-0.064339
12.3275,0.093320,0.5285,-0.064265
12.3284,-0.303888,0.6486,-0.064195
12.3294,-0.303888,0.7667,-0.064125
12.3303,-0.303888,0.8830,-0.064055
12.3312,-0.303888,0.9978,-0.063985
12.3321,-0.303888,1.1100,-0.063916
12.3332,-0.303888,1.2291,-0.063841
12.3344,-0.303888,1.3715,-0.063749
12.3357,-0.303888,1.5079,-0.063660
12.3369,-0.303888,1.6376,-0.063573
12.3382,-0.303888,1.7599,-0.063489
12.3394,-0.136391,1.8746,-0.063407
12.3407,-0.136391,1.9806,-0.063329
12.3419,-0.136391,2.0780,-0.063255
12.3432,-0.136391,2.1661,-0.063185
12.3444,-0.136391,2.2445,-0.063120
12.3457,-0.136391,2.3130,-0.063059
12.3469,-0.136391,2.3711,-0.063004
12.3482,-0.136391,2.4187,-0.062953
12.3494,0.023928,2.4555,-0.062908
12.3507,0.023928,2.4813,-0.062869
12.3519,0.023928,2.4962,-0.062835
12.3532,0.023928,2.4998,-0.062808
12.3544,0.023928,2.4924,-0.062786
12.3557,0.023928,2.4738,-0.062771
12.3569,0.023928,2.4443,-0.062762
12.3582,0.023928,2.4038,-0.062760
12.3594,0.100499,2.3526,-0.062763
12.3607,0.100499,2.2910,-0.062773
12.3619,0.100499,2.2191,-0.062790
12.3632,0.100499,2.1374,-0.062812
12.3644,0.100499,2.0461,-0.062841
12.3657,0.100499,1.9457,-0.062876
12.3669,0.100499,1.8367,-0.062916
12.3682,0.100499,1.7194,-0.062962
12.3694,0.169890,1.5945,-0.063014
12.3707,0.169890,1.4625,-0.063070
12.3719,0.169890,1.3240,-0.063132
12.3732,0.169890,1.1796,-0.063198
12.3744,0.169890,1.0299,-0.063269
12.3782,0.169890,0.5513,-0.063507
12.3792,0.449851,0.4229,-0.063573
12.3801,0.449851,0.2982,-0.063639
12.3810,0.449851,0.1758,-0.063704
12.3820,0.449851,0.0530,-0.063770
12.3829,0.449851,-0.0700,-0.063838
12.3838,0.449851,-0.1929,-0.063906
12.3847,0.449851,-0.3154,-0.063975
12.3857,0.449851,-0.4386,-0.064046
12.3869,0.449851,-0.6015,-0.064140
12.3882,0.449851,-0.7621,-0.064235
12.3894,-0.401994,-0.9191,-0.064330
12.3907,-0.401994,-1.0722,-0.064424
12.3919,-0.401994,-1.2205,-0.064517
12.3932,-0.401994,-1.3633,-0.064608
12.3944,-0.401994,-1.5001,-0.064698
12.3957,-0.401994,-1.6301,-0.064785
12.3969,-0.401994,-1.7529,-0.064869
12.3982,-0.401994,-1.8679,-0.064951
12.3994,-0.337388,-1.9746,-0.065029
12.4007,-0.337388,-2.0725,-0.065103
12.4019,-0.337388,-2.1612,-0.065173
12.4032,-0.337388,-2.2402,-0.065239
12.4044,-0.337388,-2.3092,-0.065300
12.4057,-0.337388,-2.3680,-0.065356
12.4069,-0.337388,-2.4162,-0.065407
12.4082,-0.337388,-2.4536,-0.065452
12.4094,-0.004786,-2.4801,-0.065492
12.4107,-0.004786,-2.4956,-0.065526
12.4119,-0.004786,-2.4999,-0.065554
12.4132,-0.004786,-2.4931,-0.065576
12.4144,-0.004786,-2.4752,-0.065591
12.4157,-0.004786,-2.4463,-0.065600
12.4169,-0.004786,-2.4065,-0.065603
12.4182,-0.004786,-2.3559,-0.065600
12.4194,-0.004786,-2.2949,-0.065590
12.4207,-0.210568,-2.2236,-0.065574
12.4219,-0.210568,-2.1424,-0.065552
12.4232,-0.210568,-2.0517,-0.065524
12.4244,-0.210568,-1.9518,-0.065489
12.4257,-0.210568,-1.8433,-0.065449
12.4304,-0.076570,-1.3625,-0.065248
12.4314,-0.076570,-1.2427,-0.065194
12.4324,-0.076570,-1.1336,-0.065143
12.4333,-0.076570,-1.0223,-0.065090
12.4342,-0.076570,-0.9087,-0.065035
12.4351,-0.076570,-0.7929,-0.064978
12.4361,-0.076570,-0.6723,-0.064918
12.4370,-0.076570,-0.5529,-0.064857
12.4379,-0.076570,-0.4322,-0.064794
12.4388,-0.076570,-0.3106,-0.064731
12.4398,-0.076570,-0.1882,-0.064665
12.4407,0.083749,-0.0653,-0.064599
12.4419,0.083749,0.0971,-0.064510
12.4432,0.083749,0.2633,-0.064417
12.4444,0.083749,0.4286,-0.064323
12.4457,0.083749,0.5919,-0.064228
12.4469,0.083749,0.7526,-0.064133
12.4482,0.083749,0.9100,-0.064039
12.4494,0.083749,1.0633,-0.063945
12.4507,-0.212961,1.2119,-0.063852
12.4519,-0.212961,1.3551,-0.063760
12.4532,-0.212961,1.4922,-0.063670
12.4544,-0.212961,1.6227,-0.063583
12.4557,-0.212961,1.7459,-0.063498
12.4569,-0.212961,1.8614,-0.063417
12.4582,-0.212961,1.9686,-0.063338
12.4594,-0.212961,2.0671,-0.063264
12.4607,-0.165105,2.1562,-0.063193
12.4619,-0.165105,2.2358,-0.063127
12.4632,-0.165105,2.3054,-0.063066
12.4644,-0.165105,2.3648,-0.063010
12.4657,-0.165105,2.4136,-0.062959
12.4669,-0.165105,2.4517,-0.062913
12.4682,-0.165105,2.4789,-0.062873
12.4694,-0.165105,2.4950,-0.062839
12.4707,0.016750,2.5000,-0.062810
12.4719,0.016750,2.4938,-0.062788
12.4732,0.016750,2.4766,-0.062772
12.4744,0.016750,2.4483,-0.062763
12.4757,0.016750,2.4091,-0.062760
12.4769,0.016750,2.3592,-0.062763
12.4782,0.016750,2.2977,-0.062772
12.4810,0.071785,2.1265,-0.062816
12.4819,0.071785,2.0571,-0.062837
12.4828,0.071785,1.9846,-0.062862
12.4838,0.071785,1.9073,-0.062890
12.4847,0.071785,1.8253,-0.062920
12.4857,0.071785,1.7335,-0.062956
12.4869,0.071785,1.6096,-0.063007
12.4882,0.071785,1.4784,-0.063063
12.4894,0.071785,1.3406,-0.063125
12.4907,0.052642,1.1969,-0.063190
12.4919,0.052642,1.0478,-0.063261
12.4932,0.052642,0.8940,-0.063335
12.4944,0.052642,0.7363,-0.063413
12.4957,0.052642,0.5753,-0.063494
12.4969,0.052642,0.4117,-0.063579
12.4982,0.052642,0.2463,-0.063666
12.4994,0.052642,0.0796,-0.063756
12.5007,0.052642,-0.0871,-0.063847
12.5019,0.110070,-0.2536,-0.063940
12.5032,0.110070,-0.4189,-0.064034
12.5044,0.110070,-0.5824,-0.064129
12.5057,0.110070,-0.7433,-0.064224
12.5069,0.110070,-0.9008,-0.064319
12.5082,0.110070,-1.0544,-0.064413
12.5094,0.110070,-1.2033,-0.064506
12.5107,0.110070,-1.3468,-0.064597
12.5119,-0.100499,-1.4843,-0.064687
12.5132,-0.100499,-1.6152,-0.064775
12.5144,-0.100499,-1.7389,-0.064860
12.5157,-0.100499,-1.8547,-0.064941
12.5169,-0.100499,-1.9624,-0.065020
12.5182,-0.100499,-2.0614,-0.065095
12.5194,-0.100499,-2.1513,-0.065165
12.5207,-0.100499,-2.2314,-0.065232
12.5219,-0.193819,-2.3017,-0.065293
12.5232,-0.193819,-2.3616,-0.065350
12.5244,-0.193819,-2.4111,-0.065401
12.5257,-0.193819,-2.4498,-0.065447
12.5269,-0.193819,-2.4776,-0.065488
12.5282,-0.193819,-2.4943,-0.065522
12.5295,-0.193819,-2.5000,-0.065553
12.5321,0.000000,-2.4734,-0.065592
12.5331,0.000000,-2.4515,-0.065599
12.5340,0.000000,-2.4243,-0.065603
12.5350,0.000000,-2.3913,-0.065603
12.5359,0.000000,-2.3526,-0.065600
12.5369,0.000000,-2.3025,-0.065592
12.5382,0.000000,-2.2325,-0.065576
12.5394,0.000000,-2.1525,-0.065555
12.5407,0.000000,-2.0629,-0.065527
12.5419,-0.308674,-1.9641,-0.065494
12.5432,-0.308674,-1.8565,-0.065454
12.5444,-0.308674,-1.7407,-0.065409
12.5457,-0.308674,-1.6171,-0.065359
12.5469,-0.308674,-1.4863,-0.065303
12.5482,-0.308674,-1.3489,-0.065242
12.5494,-0.308674,-1.2055,-0.065177
12.5507,-0.308674,-1.0567,-0.065107
12.5519,0.028714,-0.9032,-0.065032
12.5532,0.028714,-0.7457,-0.064955
12.5544,0.028714,-0.5848,-0.064873
12.5557,0.028714,-0.4214,-0.064789
12.5569,0.028714,-0.2561,-0.064702
12.5582,0.028714,-0.0896,-0.064612
12.5594,0.028714,0.0774,-0.064521
12.5607,0.028714,0.2438,-0.064428
12.5619,-0.088534,0.4092,-0.064334
12.5632,-0.088534,0.5728,-0.064239
12.5644,-0.088534,0.7339,-0.064145
12.5657,-0.088534,0.8917,-0.064050
12.5669,-0.088534,1.0455,-0.063956
12.5682,-0.088534,1.1946,-0.063863
12.5694,-0.088534,1.3385,-0.063771
12.5707,-0.088534,1.4764,-0.063681
12.5719,-0.088534,1.6077,-0.063593
12.5732,-0.148355,1.7318,-0.063508
12.5744,-0.148355,1.8483,-0.063426
12.5757,-0.148355,1.9565,-0.063347
12.5769,-0.148355,2.0559,-0.063272
12.5782,-0.148355,2.1462,-0.063202
12.5794,-0.148355,2.2270,-0.063135
12.5807,-0.148355,2.2978,-0.063073
12.5831,-0.153141,2.4055,-0.062968
12.5840,-0.153141,2.4367,-0.062932
12.5849,-0.153141,2.4613,-0.062900
12.5859,-0.153141,2.4798,-0.062871
12.5869,-0.153141,2.4937,-0.062842
12.5882,-0.153141,2.5000,-0.062813
12.5894,-0.153141,2.4951,-0.062791
12.5907,-0.153141,2.4792,-0.062774
12.5919,-0.153141,2.4522,-0.062764
12.5932,0.141177,2.4143,-0.062760
12.5944,0.141177,2.3656,-0.062762
12.5957,0.141177,2.3064,-0.062770
12.5969,0.141177,2.2369,-0.062785
12.5982,0.141177,2.1575,-0.062806
12.5994,0.141177,2.0683,-0.062834
12.6007,0.141177,1.9701,-0.062867
12.6019,0.141177,1.8631,-0.062906
12.6032,-0.031107,1.7477,-0.062951
12.6044,-0.031107,1.6246,-0.063001
12.6057,-0.031107,1.4942,-0.063057
12.6069,-0.031107,1.3572,-0.063117
12.6082,-0.031107,1.2141,-0.063182
12.6094,-0.031107,1.0656,-0.063252
12.6107,-0.031107,0.9124,-0.063326
12.6119,-0.031107,0.7550,-0.063404
12.6132,-0.055035,0.5944,-0.063485
12.6144,-0.055035,0.4311,-0.063569
12.6157,-0.055035,0.2658,-0.063656
12.6169,-0.055035,0.0994,-0.063745
12.6182,-0.055035,-0.0674,-0.063836
12.6194,-0.055035,-0.2340,-0.063929
12.6207,-0.055035,-0.3994,-0.064023
12.6219,-0.055035,-0.5633,-0.064118
12.6232,0.260818,-0.7245,-0.064213
12.6244,0.260818,-0.8825,-0.064307
12.6257,0.260818,-1.0366,-0.064402
12.6269,0.260818,-1.1861,-0.064495
12.6282,0.260818,-1.3302,-0.064587
12.6294,0.260818,-1.4685,-0.064677
12.6307,0.260818,-1.6003,-0.064765
12.6319,0.260818,-1.7249,-0.064850
12.6343,-0.229711,-1.9407,-0.065004
12.6352,-0.229711,-2.0177,-0.065061
12.6362,-0.229711,-2.0881,-0.065115
12.6371,-0.229711,-2.1533,-0.065167
12.6382,-0.229711,-2.2225,-0.065224
12.6394,-0.229711,-2.2940,-0.065286
12.6407,-0.229711,-2.3551,-0.065343
12.6419,-0.229711,-2.4058,-0.065396
12.6432,-0.174676,-2.4458,-0.065442
12.6444,-0.174676,-2.4749,-0.065483
12.6457,-0.174676,-2.4930,-0.065518
12.6469,-0.174676,-2.4999,-0.065548
12.6482,-0.174676,-2.4957,-0.065571
12.6494,-0.174676,-2.4804,-0.065588
12.6507,-0.174676,-2.4541,-0.065599
12.6519,-0.174676,-2.4168,-0.065603
12.6532,-0.174676,-2.3688,-0.065601
12.6544,-0.124427,-2.3102,-0.065593
12.6557,-0.124427,-2.2413,-0.065579
12.6569,-0.124427,-2.1622,-0.065558
12.6582,-0.124427,-2.0734,-0.065531
12.6594,-0.124427,-1.9757,-0.065498
12.6607,-0.124427,-1.8696,-0.065459
12.6619,-0.124427,-1.7547,-0.065415
12.6632,-0.124427,-1.6320,-0.065365
12.6644,-0.098106,-1.5020,-0.065310
12.6657,-0.098106,-1.3654,-0.065249
12.6669,-0.098106,-1.2226,-0.065184
12.6682,-0.098106,-1.0745,-0.065115
12.6694,-0.098106,-0.9215,-0.065041
12.6707,-0.098106,-0.7644,-0.064964
12.6719,-0.098106,-0.6039,-0.064883
12.6732,-0.098106,-0.4407,-0.064799
12.6744,-0.083749,-0.2756,-0.064712
12.6757,-0.083749,-0.1092,-0.064623
12.6769,-0.083749,0.0577,-0.064532
12.6782,-0.083749,0.2243,-0.064439
12.6794,-0.083749,0.3899,-0.064345
12.6807,-0.083749,0.5537,-0.064251
12.6819,-0.083749,0.7151,-0.064156
12.6832,-0.083749,0.8735,-0.064061
12.6857,-0.107677,1.1830,-0.063870
12.6866,-0.107677,1.2925,-0.063800
12.6876,-0.107677,1.3967,-0.063733
12.6885,-0.107677,1.4973,-0.063667
12.6894,-0.107677,1.5940,-0.063602
12.6907,-0.107677,1.7177,-0.063518
12.6919,-0.107677,1.8350,-0.063436
12.6932,-0.107677,1.9442,-0.063356
12.6944,-0.081356,2.0447,-0.063281
12.6957,-0.081356,2.1361,-0.063210
12.6969,-0.081356,2.2180,-0.063143
12.6982,-0.081356,2.2900,-0.063080
12.6994,-0.081356,2.3518,-0.063023
12.7007,-0.081356,2.4031,-0.062970
12.7019,-0.081356,2.4437,-0.062923
12.7032,-0.081356,2.4735,-0.062882
12.7044,-0.217747,2.4922,-0.062846
12.7057,-0.217747,2.4998,-0.062817
12.7069,-0.217747,2.4963,-0.062793
12.7082,-0.217747,2.4817,-0.062776
12.7094,-0.217747,2.4560,-0.062765
12.7107,-0.217747,2.4193,-0.062760
12.7119,-0.217747,2.3719,-0.062761
12.7132,-0.217747,2.3139,-0.062769
12.7144,0.069392,2.2456,-0.062783
12.7157,0.069392,2.1673,-0.062804
12.7169,0.069392,2.0794,-0.062830
12.7182,0.069392,1.9822,-0.062863
12.7194,0.069392,1.8761,-0.062901
12.7207,0.069392,1.7617,-0.062945
12.7219,0.069392,1.6395,-0.062995
12.7232,0.069392,1.5099,-0.063050
12.7244,0.117248,1.3732,-0.063110
12.7257,0.117248,1.2309,-0.063175
12.7269,0.117248,1.0832,-0.063244
12.7282,0.117248,0.9305,-0.063317
12.7294,0.117248,0.7737,-0.063394
12.7307,0.117248,0.6133,-0.063475
12.7319,0.117248,0.4496,-0.063559
12.7332,0.117248,0.2850,-0.063646
12.7344,0.117248,0.1190,-0.063735
12.7373,0.002393,-0.2689,-0.063949
12.7383,0.002393,-0.3971,-0.064022
12.7392,0.002393,-0.5187,-0.064092
12.7401,0.002393,-0.6386,-0.064162
12.7411,0.002393,-0.7568,-0.064232
12.7420,0.002393,-0.8730,-0.064302
12.7432,0.002393,-1.0187,-0.064391
12.7444,0.002393,-1.1687,-0.064484
12.7457,-0.028714,-1.3134,-0.064576
12.7469,-0.028714,-1.4524,-0.064666
12.7482,-0.028714,-1.5849,-0.064754
12.7494,-0.028714,-1.7103,-0.064840
12.7507,-0.028714,-1.8282,-0.064922
12.7519,-0.028714,-1.9380,-0.065002
12.7532,-0.028714,-2.0390,-0.065077
12.7544,-0.028714,-2.1309,-0.065149
12.7557,-0.023928,-2.2134,-0.065216
12.7569,-0.023928,-2.2860,-0.065279
12.7582,-0.023928,-2.3484,-0.065337
12.7594,-0.023928,-2.4004,-0.065390
12.7607,-0.023928,-2.4416,-0.065437
12.7619,-0.023928,-2.4720,-0.065479
12.7632,-0.023928,-2.4914,-0.065515
12.7644,-0.023928,-2.4997,-0.065545
12.7657,-0.098106,-2.4968,-0.065569
12.7669,-0.098106,-2.4828,-0.065586
12.7682,-0.098106,-2.4578,-0.065598
12.7694,-0.098106,-2.4218,-0.065603
12.7707,-0.098106,-2.3750,-0.065602
12.7719,-0.098106,-2.3176,-0.065594
12.7732,-0.098106,-2.2499,-0.065581
12.7744,-0.098106,-2.1722,-0.065561
12.7757,-0.275175,-2.0848,-0.065534
12.7769,-0.275175,-1.9881,-0.065502
12.7782,-0.275175,-1.8826,-0.065464
12.7794,-0.275175,-1.7686,-0.065420
12.7807,-0.275175,-1.6468,-0.065371
12.7819,-0.275175,-1.5177,-0.065316
12.7832,-0.275175,-1.3818,-0.065257
12.7844,-0.275175,-1.2397,-0.065192
12.7857,-0.126820,-1.0916,-0.065123
12.7885,-0.126820,-0.7392,-0.064951
12.7894,-0.126820,-0.6175,-0.064890
12.7904,-0.126820,-0.4974,-0.064828
12.7913,-0.126820,-0.3758,-0.064765
12.7922,-0.126820,-0.2535,-0.064700
12.7932,-0.126820,-0.1285,-0.064633
12.7944,-0.126820,0.0380,-0.064543
12.7957,-0.057428,0.2047,-0.064450
12.7969,-0.057428,0.3704,-0.064356
12.7982,-0.057428,0.5346,-0.064262
12.7994,-0.057428,0.6964,-0.064167
12.8007,-0.057428,0.8549,-0.064072
12.8019,-0.057428,1.0097,-0.063978
12.8032,-0.057428,1.1600,-0.063884
12.8044,-0.057428,1.3052,-0.063792
12.8057,-0.086142,1.4445,-0.063702
12.8069,-0.086142,1.5774,-0.063614
12.8082,-0.086142,1.7033,-0.063528
12.8094,-0.086142,1.8215,-0.063445
12.8107,-0.086142,1.9317,-0.063366
12.8119,-0.086142,2.0333,-0.063290
12.8132,-0.086142,2.1258,-0.063218
12.8144,-0.086142,2.2088,-0.063150
12.8157,-0.086142,2.2820,-0.063087
12.8169,-0.126820,2.3450,-0.063029
12.8182,-0.126820,2.3976,-0.062976
12.8194,-0.126820,2.4395,-0.062928
12.8207,-0.126820,2.4705,-0.062886
12.8219,-0.126820,2.4906,-0.062850
12.8232,-0.126820,2.4995,-0.062820
12.8244,-0.126820,2.4973,-0.062796
12.8257,-0.126820,2.4840,-0.062777
12.8269,-0.095713,2.4596,-0.062766
12.8282,-0.095713,2.4242,-0.062760
12.8294,-0.095713,2.3780,-0.062761
12.8307,-0.095713,2.3211,-0.062768
12.8319,-0.095713,2.2541,-0.062781
12.8332,-0.095713,2.1770,-0.062801
12.8344,-0.095713,2.0902,-0.062827
12.8357,-0.095713,1.9940,-0.062859
12.8369,0.040678,1.8885,-0.062896
12.8397,0.040678,1.6253,-0.063001
12.8406,0.040678,1.5271,-0.063042
12.8416,0.040678,1.4277,-0.063086
12.8425,0.040678,1.3248,-0.063132
12.8434,0.040678,1.2184,-0.063180
12.8444,0.040678,1.1009,-0.063235
12.8457,0.040678,0.9488,-0.063308
12.8469,0.153141,0.7924,-0.063385
12.8482,0.153141,0.6324,-0.063465
12.8494,0.153141,0.4697,-0.063549
12.8507,0.153141,0.3048,-0.063635
12.8519,0.153141,0.1386,-0.063724
12.8532,0.153141,-0.0282,-0.063815
12.8544,0.153141,-0.1949,-0.063907
12.8557,0.153141,-0.3607,-0.064001
12.8569,-0.040678,-0.5249,-0.064095
12.8582,-0.040678,-0.6868,-0.064190
12.8594,-0.040678,-0.8457,-0.064285
12.8607,-0.040678,-1.0007,-0.064380
12.8619,-0.040678,-1.1513,-0.064473
12.8632,-0.040678,-1.2968,-0.064565
12.8644,-0.040678,-1.4365,-0.064656
12.8657,-0.040678,-1.5698,-0.064744
12.8669,0.011964,-1.6961,-0.064830
12.8682,0.011964,-1.8148,-0.064913
12.8694,0.011964,-1.9255,-0.064993
12.8707,0.011964,-2.0275,-0.065069
12.8719,0.011964,-2.1206,-0.065141
12.8732,0.011964,-2.2042,-0.065209
12.8744,0.011964,-2.2780,-0.065272
12.8757,0.011964,-2.3416,-0.065330
12.8769,-0.110070,-2.3948,-0.065384
12.8782,-0.110070,-2.4374,-0.065432
12.8794,-0.110070,-2.4690,-0.065474
12.8807,-0.110070,-2.4897,-0.065511
12.8819,-0.110070,-2.4993,-0.065541
12.8832,-0.110070,-2.4977,-0.065566
12.8844,-0.110070,-2.4850,-0.065585
12.8857,-0.110070,-2.4613,-0.065597
12.8869,-0.086142,-2.4266,-0.065603
12.8882,-0.086142,-2.3810,-0.065602
12.8906,-0.086142,-2.2624,-0.065583
12.8915,-0.086142,-2.2062,-0.065570
12.8924,-0.086142,-2.1457,-0.065553
12.8934,-0.086142,-2.0799,-0.065533
12.8944,-0.086142,-1.9999,-0.065506
12.8957,-0.086142,-1.8954,-0.065469
12.8969,-0.086142,-1.7825,-0.065426
12.8982,-0.129212,-1.6616,-0.065377
12.8994,-0.129212,-1.5333,-0.065323
12.9007,-0.129212,-1.3981,-0.065264
12.9019,-0.129212,-1.2568,-0.065200
12.9032,-0.129212,-1.1098,-0.065132
12.9044,-0.129212,-0.9579,-0.065059
12.9057,-0.129212,-0.8017,-0.064982
12.9069,-0.129212,-0.6420,-0.064902
12.9082,-0.177069,-0.4793,-0.064819
12.9094,-0.177069,-0.3146,-0.064733
12.9107,-0.177069,-0.1485,-0.064644
12.9119,-0.177069,0.0183,-0.064553
12.9132,-0.177069,0.1851,-0.064461
12.9144,-0.177069,0.3510,-0.064367
12.9157,-0.177069,0.5153,-0.064273
12.9169,-0.177069,0.6774,-0.064178
12.9182,-0.124427,0.8364,-0.064083
12.9194,-0.124427,0.9918,-0.063989
12.9207,-0.124427,1.1426,-0.063895
12.9219,-0.124427,1.2884,-0.063803
12.9232,-0.124427,1.4284,-0.063712
12.9244,-0.124427,1.5621,-0.063624
12.9257,-0.124427,1.6888,-0.063538
12.9269,-0.124427,1.8080,-0.063455
12.9282,-0.074178,1.9192,-0.063375
12.9294,-0.074178,2.0218,-0.063298
12.9307,-0.074178,2.1156,-0.063226
12.9319,-0.074178,2.1997,-0.063158
12.9332,-0.074178,2.2739,-0.063094
12.9344,-0.074178,2.3382,-0.063036
12.9357,-0.074178,2.3920,-0.062982
12.9369,-0.074178,2.4351,-0.062934
12.9382,-0.090927,2.4675,-0.062891
12.9394,-0.090927,2.4888,-0.062854
12.9416,-0.090927,2.4994,-0.062804
12.9425,-0.090927,2.4936,-0.062788
12.9434,-0.090927,2.4818,-0.062776
12.9444,-0.090927,2.4630,-0.062767
12.9457,-0.090927,2.4289,-0.062760
12.9469,-0.090927,2.3840,-0.062760
12.9482,-0.028714,2.3285,-0.062767
12.9494,-0.028714,2.2626,-0.062779
12.9507,-0.028714,2.1866,-0.062798
12.9519,-0.028714,2.1009,-0.062823
12.9532,-0.028714,2.0059,-0.062855
12.9544,-0.028714,1.9019,-0.062892
12.9557,-0.028714,1.7894,-0.062934
12.9569,-0.028714,1.6689,-0.062983
12.9582,0.143569,1.5410,-0.063036
12.9594,0.143569,1.4061,-0.063095
12.9607,0.143569,1.2652,-0.063159
12.9619,0.143569,1.1186,-0.063227
12.9632,0.143569,0.9670,-0.063299
12.9644,0.143569,0.8109,-0.063376
12.9657,0.143569,0.6514,-0.063456
12.9669,0.143569,0.4889,-0.063539
12.9682,0.100499,0.3243,-0.063625
12.9694,0.100499,0.1582,-0.063713
12.9707,0.100499,-0.0085,-0.063804
12.9719,0.100499,-0.1753,-0.063896
12.9732,0.100499,-0.3413,-0.063990
12.9744,0.100499,-0.5057,-0.064084
12.9757,0.100499,-0.6680,-0.064179
12.9769,0.100499,-0.8271,-0.064274
12.9782,0.100499,-0.9827,-0.064369
12.9794,-0.256032,-1.1340,-0.064462
12.9807,-0.256032,-1.2811,-0.064555
12.9819,-0.256032,-1.4204,-0.064645
12.9832,-0.256032,-1.5544,-0.064734
12.9844,-0.256032,-1.6817,-0.064820
12.9857,-0.256032,-1.8013,-0.064903
12.9869,-0.256032,-1.9129,-0.064983
12.9882,-0.256032,-2.0160,-0.065060
12.9894,0.028714,-2.1102,-0.065133
12.9938,0.028714,-2.3656,-0.065354
12.9949,0.028714,-2.4064,-0.065396
12.9958,0.028714,-2.4370,-0.065431
12.9967,0.028714,-2.4616,-0.065463
12.9976,0.028714,-2.4801,-0.065492
12.9986,0.028714,-2.4926,-0.065518
12.9995,0.026321,-2.4991,-0.065540
13.0004,0.026321,-2.4994,-0.065559
13.0013,0.026321,-2.4937,-0.065575
13.0023,0.026321,-2.4819,-0.065587
13.0033,0.026321,-2.4610,-0.065597
13.0044,0.026321,-2.4308,-0.065602
13.0057,0.026321,-2.3869,-0.065603
13.0069,0.026321,-2.3320,-0.065597
13.0082,0.026321,-2.2661,-0.065584
13.0094,-0.165105,-2.1909,-0.065566
13.0107,-0.165105,-2.1060,-0.065541
13.0119,-0.165105,-2.0117,-0.065510
13.0132,-0.165105,-1.9083,-0.065474
13.0144,-0.165105,-1.7963,-0.065431
13.0157,-0.165105,-1.6763,-0.065383
13.0169,-0.165105,-1.5488,-0.065330
13.0182,-0.165105,-1.4145,-0.065271
13.0194,-0.100499,-1.2738,-0.065208
13.0207,-0.100499,-1.1275,-0.065140
13.0219,-0.100499,-0.9761,-0.065068
13.0232,-0.100499,-0.8204,-0.064992
13.0244,-0.100499,-0.6609,-0.064912
13.0257,-0.100499,-0.4986,-0.064829
13.0269,-0.100499,-0.3341,-0.064743
13.0282,-0.100499,-0.1681,-0.064655
13.0294,-0.454636,-0.0013,-0.064564
13.0307,-0.454636,0.1656,-0.064472
13.0319,-0.454636,0.3318,-0.064378
13.0332,-0.454636,0.4962,-0.064284
13.0344,-0.454636,0.6585,-0.064189
13.0357,-0.454636,0.8179,-0.064094
13.0369,-0.454636,0.9737,-0.064000
13.0382,-0.454636,1.1251,-0.063906
13.0394,0.258425,1.2716,-0.063814
13.0407,0.258425,1.4123,-0.063723
13.0443,0.258425,1.7886,-0.063468
13.0453,0.258425,1.8775,-0.063405
13.0462,0.258425,1.9566,-0.063347
13.0472,0.258425,2.0309,-0.063292
13.0481,0.258425,2.1016,-0.063237
13.0490,0.258425,2.1657,-0.063186
13.0500,-0.126820,2.2246,-0.063137
13.0509,-0.126820,2.2780,-0.063091
13.0519,-0.126820,2.3312,-0.063042
13.0532,-0.126820,2.3862,-0.062988
13.0544,-0.126820,2.4306,-0.062939
13.0557,-0.126820,2.4642,-0.062896
13.0569,-0.126820,2.4869,-0.062858
13.0582,-0.126820,2.4984,-0.062826
13.0594,-0.126820,2.4988,-0.062801
13.0607,-0.198604,2.4881,-0.062781
13.0619,-0.198604,2.4663,-0.062768
13.0632,-0.198604,2.4335,-0.062761
13.0644,-0.198604,2.3899,-0.062760
13.0657,-0.198604,2.3356,-0.062766
13.0669,-0.198604,2.2709,-0.062778
13.0682,-0.198604,2.1961,-0.062796
13.0694,-0.198604,2.1115,-0.062820
13.0707,-0.148355,2.0175,-0.062851
13.0719,-0.148355,1.9145,-0.062887
13.0732,-0.148355,1.8030,-0.062929
13.0744,-0.148355,1.6835,-0.062977
13.0757,-0.148355,1.5564,-0.063030
13.0769,-0.148355,1.4224,-0.063088
13.0782,-0.148355,1.2821,-0.063151
13.0794,-0.148355,1.1360,-0.063219
13.0807,-0.004786,0.9852,-0.063291
13.0819,-0.004786,0.8297,-0.063366
13.0832,-0.004786,0.6703,-0.063446
13.0844,-0.004786,0.5082,-0.063529
13.0857,-0.004786,0.3438,-0.063615
13.0869,-0.004786,0.1778,-0.063703
13.0882,-0.004786,0.0108,-0.063793
13.0894,-0.004786,-0.1572,-0.063886
13.0907,0.062213,-0.3220,-0.063979
13.0919,0.062213,-0.4866,-0.064073
13.0958,0.062213,-0.9814,-0.064368
13.0968,0.062213,-1.1003,-0.064441
13.0977,0.062213,-1.2098,-0.064510
13.0986,0.062213,-1.3162,-0.064578
13.0995,0.062213,-1.4193,-0.064644
13.1005,0.244068,-1.5190,-0.064710
13.1014,0.244068,-1.6149,-0.064775
13.1023,0.244068,-1.7068,-0.064837
13.1032,0.244068,-1.7948,-0.064899
13.1044,0.244068,-1.9003,-0.064974
13.1057,0.244068,-2.0044,-0.065051
13.1069,0.244068,-2.0996,-0.065124
13.1082,0.244068,-2.1854,-0.065193
13.1094,0.244068,-2.2615,-0.065258
13.1107,-0.033500,-2.3276,-0.065317
13.1119,-0.033500,-2.3833,-0.065372
13.1132,-0.033500,-2.4283,-0.065421
13.1144,-0.033500,-2.4626,-0.065465
13.1157,-0.033500,-2.4858,-0.065503
13.1169,-0.033500,-2.4980,-0.065535
13.1182,-0.033500,-2.4991,-0.065561
13.1194,-0.033500,-2.4890,-0.065581
13.1207,-0.227318,-2.4679,-0.065594
13.1219,-0.227318,-2.4357,-0.065602
13.1232,-0.227318,-2.3927,-0.065603
13.1244,-0.227318,-2.3390,-0.065598
13.1257,-0.227318,-2.2750,-0.065586
13.1269,-0.227318,-2.2008,-0.065568
13.1282,-0.227318,-2.1167,-0.065544
13.1294,-0.227318,-2.0233,-0.065514
13.1307,-0.227318,-1.9208,-0.065478
13.1319,-0.057428,-1.8098,-0.065436
13.1332,-0.057428,-1.6907,-0.065389
13.1344,-0.057428,-1.5637,-0.065336
13.1357,-0.057428,-1.4305,-0.065278
13.1369,-0.057428,-1.2905,-0.065216
13.1382,-0.057428,-1.1448,-0.065148
13.1394,-0.057428,-0.9940,-0.065076
13.1407,-0.057428,-0.8388,-0.065001
13.1419,-0.313460,-0.6798,-0.064921
13.1432,-0.313460,-0.5178,-0.064839
13.1468,-0.313460,-0.0335,-0.064582
13.1478,-0.313460,0.0969,-0.064510
13.1487,-0.313460,0.2200,-0.064441
13.1496,-0.313460,0.3424,-0.064372
13.1506,-0.313460,0.4638,-0.064303
13.1515,0.007178,0.5842,-0.064233
13.1524,0.007178,0.7029,-0.064163
13.1533,0.007178,0.8201,-0.064093
13.1544,0.007178,0.9556,-0.064011
13.1557,0.007178,1.1075,-0.063917
13.1569,0.007178,1.2547,-0.063824
13.1582,0.007178,1.3968,-0.063733
13.1594,0.007178,1.5319,-0.063644
13.1607,0.007178,1.6597,-0.063558
13.1619,-0.074178,1.7807,-0.063474
13.1632,-0.074178,1.8938,-0.063393
13.1644,-0.074178,1.9985,-0.063316
13.1657,-0.074178,2.0942,-0.063243
13.1669,-0.074178,2.1806,-0.063174
13.1682,-0.074178,2.2573,-0.063109
13.1694,-0.074178,2.3240,-0.063049
13.1707,-0.074178,2.3803,-0.062994
13.1719,-0.059821,2.4260,-0.062945
13.1732,-0.059821,2.4608,-0.062901
13.1744,-0.059821,2.4848,-0.062862
13.1757,-0.059821,2.4976,-0.062830
13.1769,-0.059821,2.4993,-0.062803
13.1782,-0.059821,2.4899,-0.062783
13.1794,-0.059821,2.4694,-0.062769
13.1807,-0.059821,2.4379,-0.062761
13.1819,-0.155533,2.3955,-0.062760
13.1832,-0.155533,2.3425,-0.062765
13.1844,-0.155533,2.2791,-0.062776
13.1857,-0.155533,2.2054,-0.062793
13.1869,-0.155533,2.1219,-0.062817
13.1882,-0.155533,2.0290,-0.062847
13.1894,-0.155533,1.9271,-0.062882
13.1907,-0.155533,1.8166,-0.062924
13.1919,0.000000,1.6979,-0.062971
13.1932,0.000000,1.5717,-0.063023
13.1944,0.000000,1.4385,-0.063081
13.1977,0.000000,1.0602,-0.063255
13.1987,0.000000,0.9403,-0.063312
13.1996,0.000000,0.8249,-0.063369
13.2005,0.000000,0.7077,-0.063427
13.2014,0.000000,0.5889,-0.063488
13.2024,0.078963,0.4685,-0.063550
13.2033,0.078963,0.3463,-0.063613
13.2044,0.078963,0.1971,-0.063693
13.2057,0.078963,0.0307,-0.063783
13.2069,0.078963,-0.1361,-0.063875
13.2082,0.078963,-0.3023,-0.063968
13.2094,0.078963,-0.4672,-0.064062
13.2107,0.078963,-0.6300,-0.064157
13.2119,0.078963,-0.7900,-0.064252
13.2132,-0.141177,-0.9464,-0.064346
13.2144,-0.141177,-1.0987,-0.064440
13.2157,-0.141177,-1.2461,-0.064533
13.2169,-0.141177,-1.3878,-0.064624
13.2182,-0.141177,-1.5235,-0.064713
13.2194,-0.141177,-1.6523,-0.064800
13.2207,-0.141177,-1.7738,-0.064884
13.2219,-0.141177,-1.8874,-0.064965
13.2232,0.327817,-1.9925,-0.065042
13.2244,0.327817,-2.0888,-0.065116
13.2257,0.327817,-2.1758,-0.065185
13.2269,0.327817,-2.2531,-0.065250
13.2282,0.327817,-2.3203,-0.065310
13.2294,0.327817,-2.3772,-0.065366
13.2307,0.327817,-2.4236,-0.065415
13.2319,0.327817,-2.4591,-0.065460
13.2332,-0.148355,-2.4837,-0.065498
13.2344,-0.148355,-2.4972,-0.065531
13.2357,-0.148355,-2.4995,-0.065558
13.2369,-0.148355,-2.4908,-0.065579
13.2382,-0.148355,-2.4709,-0.065593
13.2394,-0.148355,-2.4401,-0.065601
13.2407,-0.148355,-2.3983,-0.065603
13.2419,-0.148355,-2.3459,-0.065599
13.2432,-0.090927,-2.2830,-0.065588
13.2444,-0.090927,-2.2100,-0.065571
13.2457,-0.090927,-2.1271,-0.065547
13.2484,-0.090927,-1.9110,-0.065475
13.2494,-0.090927,-1.8263,-0.065443
13.2503,-0.090927,-1.7400,-0.065409
13.2512,-0.090927,-1.6494,-0.065372
13.2521,-0.090927,-1.5552,-0.065333
13.2532,-0.265603,-1.4465,-0.065285
13.2544,-0.265603,-1.3073,-0.065223
13.2557,-0.265603,-1.1622,-0.065156
13.2569,-0.265603,-1.0120,-0.065085
13.2582,-0.265603,-0.8573,-0.065010
13.2594,-0.265603,-0.6985,-0.064931
13.2607,-0.265603,-0.5370,-0.064849
13.2619,-0.265603,-0.3729,-0.064763
13.2632,-0.169890,-0.2072,-0.064676
13.2644,-0.169890,-0.0405,-0.064586
13.2657,-0.169890,0.1263,-0.064494
13.2669,-0.169890,0.2926,-0.064401
13.2682,-0.169890,0.4576,-0.064306
13.2694,-0.169890,0.6205,-0.064212
13.2707,-0.169890,0.7807,-0.064117
13.2719,-0.169890,0.9374,-0.064022
13.2732,-0.047856,1.0899,-0.063928
13.2744,-0.047856,1.2375,-0.063835
13.2757,-0.047856,1.3797,-0.063744
13.2769,-0.047856,1.5157,-0.063655
13.2782,-0.047856,1.6449,-0.063568
13.2794,-0.047856,1.7670,-0.063484
13.2807,-0.047856,1.8809,-0.063403
13.2819,-0.047856,1.9866,-0.063325
13.2832,0.040678,2.0834,-0.063251
13.2844,0.040678,2.1709,-0.063182
13.2857,0.040678,2.2488,-0.063116
13.2869,0.040678,2.3167,-0.063056
13.2882,0.040678,2.3742,-0.063000
13.2894,0.040678,2.4211,-0.062950
13.2907,0.040678,2.4573,-0.062905
13.2919,0.040678,2.4825,-0.062866
13.2932,0.040678,2.4967,-0.062833
13.2944,-0.217747,2.4997,-0.062806
13.2957,-0.217747,2.4916,-0.062785
13.2972,-0.217747,2.4661,-0.062768
13.2997,-0.217747,2.3905,-0.062760
13.3006,-0.217747,2.3506,-0.062764
13.3015,-0.217747,2.3057,-0.062771
13.3025,-0.217747,2.2553,-0.062781
13.3034,-0.217747,2.1993,-0.062795
13.3044,-0.031107,2.1322,-0.062814
13.3057,-0.031107,2.0404,-0.062843
13.3069,-0.031107,1.9395,-0.062878
13.3082,-0.031107,1.8300,-0.062919
13.3094,-0.031107,1.7123,-0.062965
13.3107,-0.031107,1.5869,-0.063017
13.3119,-0.031107,1.4545,-0.063074
13.3132,-0.031107,1.3157,-0.063136
13.3144,-0.040678,1.1709,-0.063202
13.3157,-0.040678,1.0210,-0.063273
13.3169,-0.040678,0.8665,-0.063348
13.3182,-0.040678,0.7081,-0.063427
13.3194,-0.040678,0.5464,-0.063509
13.3207,-0.040678,0.3826,-0.063594
13.3219,-0.040678,0.2170,-0.063682
13.3232,-0.040678,0.0504,-0.063772
13.3244,0.019143,-0.1166,-0.063864
13.3257,0.019143,-0.2829,-0.063957
13.3269,0.019143,-0.4479,-0.064051
13.3282,0.019143,-0.6110,-0.064146
13.3294,0.019143,-0.7714,-0.064241
13.3307,0.019143,-0.9283,-0.064335
13.3319,0.019143,-1.0812,-0.064429
13.3332,0.019143,-1.2290,-0.064522
13.3344,0.334995,-1.3715,-0.064613
13.3357,0.334995,-1.5079,-0.064703
13.3369,0.334995,-1.6375,-0.064790
13.3382,0.334995,-1.7599,-0.064874
13.3394,0.334995,-1.8744,-0.064956
13.3407,0.334995,-1.9806,-0.065033
13.3419,0.334995,-2.0780,-0.065107
13.3432,0.334995,-2.1661,-0.065177
13.3444,-0.526421,-2.2445,-0.065243
13.3457,-0.526421,-2.3129,-0.065304
13.3469,-0.526421,-2.3711,-0.065359
13.3484,-0.526421,-2.4259,-0.065418
13.3510,-0.526421,-2.4871,-0.065505
13.3520,-0.526421,-2.4968,-0.065530
13.3529,-0.526421,-2.5000,-0.065550
13.3538,-0.526421,-2.4972,-0.065568
13.3548,0.081356,-2.4883,-0.065582
13.3557,0.081356,-2.4734,-0.065592
13.3569,0.081356,-2.4442,-0.065601
13.3582,0.081356,-2.4038,-0.065603
13.3594,0.081356,-2.3526,-0.065600
13.3607,0.081356,-2.2910,-0.065589
13.3619,0.081356,-2.2191,-0.065573
13.3632,0.081356,-2.1374,-0.065551
13.3644,0.019143,-2.0461,-0.065522
13.3657,0.019143,-1.9457,-0.065487
13.3669,0.019143,-1.8367,-0.065447
13.3682,0.019143,-1.7194,-0.065401
13.3694,0.019143,-1.5945,-0.065349
13.3707,0.019143,-1.4625,-0.065292
13.3719,0.019143,-1.3240,-0.065231
13.3732,0.019143,-1.1796,-0.065164
13.3744,0.019143,-1.0299,-0.065094
13.3757,-0.028714,-0.8757,-0.065019
13.3769,-0.028714,-0.7175,-0.064940
13.3782,-0.028714,-0.5562,-0.064859
13.3794,-0.028714,-0.3923,-0.064774
13.3807,-0.028714,-0.2268,-0.064686
13.3819,-0.028714,-0.0602,-0.064596
13.3832,-0.028714,0.1067,-0.064505
13.3844,-0.028714,0.2731,-0.064412
13.3857,-0.260818,0.4382,-0.064317
13.3869,-0.260818,0.6015,-0.064223
13.3882,-0.260818,0.7619,-0.064128
13.3894,-0.260818,0.9191,-0.064033
13.3907,-0.260818,1.0722,-0.063939
13.3919,-0.260818,1.2206,-0.063846
13.3932,-0.260818,1.3634,-0.063755
13.3944,-0.260818,1.5001,-0.063665
13.3957,-0.191426,1.6302,-0.063578
13.3969,-0.191426,1.7530,-0.063493
13.3982,-0.191426,1.8679,-0.063412
13.3995,-0.191426,1.9840,-0.063327
13.4032,-0.191426,2.2458,-0.063119
13.4042,-0.191426,2.3004,-0.063071
13.4052,-0.301496,2.3459,-0.063028
13.4061,-0.301496,2.3856,-0.062989
13.4070,-0.301496,2.4196,-0.062952
13.4079,-0.301496,2.4476,-0.062918
13.4088,-0.301496,2.4697,-0.062888
13.4098,-0.301496,2.4858,-0.062860
13.4107,-0.301496,2.4959,-0.062836
13.4119,-0.301496,2.4999,-0.062809
13.4132,-0.301496,2.4931,-0.062787
13.4144,-0.301496,2.4752,-0.062772
13.4157,0.198604,2.4463,-0.062762
13.4169,0.198604,2.4065,-0.062760
13.4182,0.198604,2.3559,-0.062763
13.4194,0.198604,2.2949,-0.062773
13.4207,0.198604,2.2236,-0.062789
13.4219,0.198604,2.1424,-0.062811
13.4232,0.198604,2.0517,-0.062839
13.4244,0.198604,1.9519,-0.062873
13.4257,-0.050249,1.8433,-0.062913
13.4269,-0.050249,1.7265,-0.062959
13.4282,-0.050249,1.6021,-0.063010
13.4294,-0.050249,1.4705,-0.063067
13.4307,-0.050249,1.3323,-0.063128
13.4319,-0.050249,1.1881,-0.063194
13.4332,-0.050249,1.0388,-0.063265
13.4344,-0.050249,0.8848,-0.063339
13.4357,0.191426,0.7269,-0.063418
13.4369,0.191426,0.5657,-0.063499
13.4382,0.191426,0.4020,-0.063584
13.4394,0.191426,0.2364,-0.063672
13.4407,0.191426,0.0699,-0.063761
13.4419,0.191426,-0.0969,-0.063853
13.4432,0.191426,-0.2633,-0.063946
13.4444,0.191426,-0.4286,-0.064040
13.4457,0.033500,-0.5920,-0.064135
13.4469,0.033500,-0.7526,-0.064229
13.4482,0.033500,-0.9100,-0.064324
13.4494,0.033500,-1.0633,-0.064418
13.4508,0.033500,-1.2292,-0.064522
13.4539,0.033500,-1.5719,-0.064746
13.4549,0.033500,-1.6681,-0.064811
13.4558,0.033500,-1.7578,-0.064873
13.4567,-0.114855,-1.8431,-0.064933
13.4576,-0.114855,-1.9239,-0.064991
13.4585,-0.114855,-2.0001,-0.065048
13.4595,-0.114855,-2.0713,-0.065102
13.4607,-0.114855,-2.1562,-0.065169
13.4619,-0.114855,-2.2358,-0.065235
13.4632,-0.114855,-2.3054,-0.065297
13.4644,-0.114855,-2.3648,-0.065353
13.4657,-0.114855,-2.4136,-0.065404
13.4669,-0.193819,-2.4517,-0.065450
13.4682,-0.193819,-2.4789,-0.065490
13.4694,-0.193819,-2.4950,-0.065524
13.4707,-0.193819,-2.5000,-0.065552
13.4719,-0.193819,-2.4938,-0.065574
13.4732,-0.193819,-2.4766,-0.065590
13.4744,-0.193819,-2.4483,-0.065600
13.4757,-0.193819,-2.4091,-0.065603
13.4769,-0.002393,-2.3592,-0.065600
13.4782,-0.002393,-2.2988,-0.065591
13.4794,-0.002393,-2.2280,-0.065575
13.4807,-0.002393,-2.1475,-0.065553
13.4819,-0.002393,-2.0573,-0.065526
13.4832,-0.002393,-1.9580,-0.065492
13.4844,-0.002393,-1.8499,-0.065452
13.4857,-0.002393,-1.7336,-0.065406
13.4869,-0.033500,-1.6096,-0.065356
13.4882,-0.033500,-1.4784,-0.065299
13.4894,-0.033500,-1.3407,-0.065238
13.4907,-0.033500,-1.1969,-0.065173
13.4919,-0.033500,-1.0478,-0.065102
13.4932,-0.033500,-0.8940,-0.065028
13.4944,-0.033500,-0.7363,-0.064950
13.4957,-0.033500,-0.5753,-0.064868
13.4969,-0.028714,-0.4117,-0.064784
13.4982,-0.028714,-0.2463,-0.064696
13.4994,-0.028714,-0.0798,-0.064607
13.5007,-0.028714,0.0871,-0.064515
13.5019,-0.028714,0.2536,-0.064423
13.5053,-0.028714,0.7008,-0.064164
13.5063,-0.028714,0.8245,-0.064090
13.5072,-0.256032,0.9401,-0.064020
13.5081,-0.256032,1.0533,-0.063951
13.5091,-0.256032,1.1637,-0.063882
13.5100,-0.256032,1.2712,-0.063814
13.5109,-0.256032,1.3755,-0.063747
13.5119,-0.256032,1.4844,-0.063676
13.5132,-0.256032,1.6152,-0.063588
13.5144,-0.256032,1.7389,-0.063503
13.5157,-0.256032,1.8548,-0.063421
13.5169,-0.196211,1.9625,-0.063343
13.5182,-0.196211,2.0615,-0.063268
13.5194,-0.196211,2.1513,-0.063197
13.5207,-0.196211,2.2314,-0.063131
13.5219,-0.196211,2.3016,-0.063070
13.5232,-0.196211,2.3616,-0.063013
13.5244,-0.196211,2.4111,-0.062962
13.5257,-0.196211,2.4498,-0.062916
13.5269,-0.196211,2.4776,-0.062875
13.5282,-0.203390,2.4943,-0.062841
13.5294,-0.203390,2.5000,-0.062812
13.5307,-0.203390,2.4944,-0.062789
13.5319,-0.203390,2.4779,-0.062773
13.5332,-0.203390,2.4503,-0.062763
13.5344,-0.203390,2.4117,-0.062760
13.5357,-0.203390,2.3624,-0.062762
13.5369,-0.203390,2.3026,-0.062771
13.5382,-0.016750,2.2325,-0.062786
13.5394,-0.016750,2.1524,-0.062808
13.5407,-0.016750,2.0630,-0.062835
13.5419,-0.016750,1.9641,-0.062869
13.5432,-0.016750,1.8565,-0.062908
13.5444,-0.016750,1.7407,-0.062954
13.5457,-0.016750,1.6171,-0.063004
13.5469,-0.016750,1.4863,-0.063060
13.5482,0.011964,1.3489,-0.063121
13.5494,0.011964,1.2054,-0.063186
13.5507,0.011964,1.0567,-0.063256
13.5519,0.011964,0.9032,-0.063330
13.5532,0.011964,0.7457,-0.063408
13.5564,0.011964,0.3271,-0.063623
13.5573,0.011964,0.1999,-0.063691
13.5582,-0.011964,0.0768,-0.063757
13.5592,-0.011964,-0.0463,-0.063825
13.5601,-0.011964,-0.1716,-0.063894
13.5610,-0.011964,-0.2942,-0.063963
13.5620,-0.011964,-0.4160,-0.064033
13.5632,-0.011964,-0.5729,-0.064123
13.5644,-0.011964,-0.7339,-0.064218
13.5657,-0.011964,-0.8917,-0.064313
13.5669,-0.011964,-1.0455,-0.064407
13.5682,0.308674,-1.1945,-0.064500
13.5694,0.308674,-1.3385,-0.064592
13.5707,0.308674,-1.4764,-0.064682
13.5719,0.308674,-1.6077,-0.064770
13.5732,0.308674,-1.7318,-0.064855
13.5744,0.308674,-1.8482,-0.064937
13.5757,0.308674,-1.9564,-0.065015
13.5769,0.308674,-2.0559,-0.065090
13.5782,-0.363709,-2.1462,-0.065161
13.5794,-0.363709,-2.2270,-0.065228
13.5807,-0.363709,-2.2978,-0.065290
13.5819,-0.363709,-2.3584,-0.065347
13.5832,-0.363709,-2.4084,-0.065398
13.5844,-0.363709,-2.4478,-0.065445
13.5857,-0.363709,-2.4763,-0.065485
13.5869,-0.363709,-2.4937,-0.065520
13.5882,0.002393,-2.5000,-0.065549
13.5894,0.002393,-2.4951,-0.065572
13.5907,0.002393,-2.4792,-0.065589
13.5919,0.002393,-2.4522,-0.065599
13.5932,0.002393,-2.4143,-0.065603
13.5944,0.002393,-2.3656,-0.065601
13.5957,0.002393,-2.3064,-0.065592
13.5969,0.002393,-2.2369,-0.065577
13.5982,-0.038285,-2.1575,-0.065556
13.5994,-0.038285,-2.0684,-0.065529
13.6007,-0.038285,-1.9701,-0.065496
13.6019,-0.038285,-1.8631,-0.065457
13.6032,-0.038285,-1.7477,-0.065412
13.6044,-0.038285,-1.6246,-0.065362
13.6074,-0.038285,-1.2985,-0.065219
13.6084,0.102891,-1.1881,-0.065168
13.6093,0.102891,-1.0782,-0.065117
13.6102,0.102891,-0.9660,-0.065063
13.6111,0.102891,-0.8514,-0.065007
13.6121,0.102891,-0.7329,-0.064948
13.6132,0.102891,-0.5943,-0.064878
13.6144,0.102891,-0.4311,-0.064794
13.6157,0.102891,-0.2658,-0.064707
13.6169,0.102891,-0.0994,-0.064618
13.6182,0.102891,0.0674,-0.064526
13.6194,-0.272782,0.2341,-0.064433
13.6207,-0.272782,0.3995,-0.064340
13.6219,-0.272782,0.5633,-0.064245
13.6232,-0.272782,0.7245,-0.064150
13.6244,-0.272782,0.8825,-0.064055
13.6257,-0.272782,1.0366,-0.063961
13.6269,-0.272782,1.1860,-0.063868
13.6282,-0.272782,1.3302,-0.063776
13.6294,-0.098106,1.4684,-0.063686
13.6307,-0.098106,1.6003,-0.063598
13.6319,-0.098106,1.7249,-0.063513
13.6332,-0.098106,1.8417,-0.063431
13.6344,-0.098106,1.9503,-0.063352
13.6357,-0.098106,2.0503,-0.063277
13.6369,-0.098106,2.1412,-0.063206
13.6382,-0.098106,2.2225,-0.063139
13.6394,-0.198604,2.2940,-0.063077
13.6407,-0.198604,2.3551,-0.063019
13.6419,-0.198604,2.4058,-0.062967
13.6432,-0.198604,2.4458,-0.062921
13.6444,-0.198604,2.4749,-0.062880
13.6457,-0.198604,2.4930,-0.062844
13.6469,-0.198604,2.4999,-0.062815
13.6482,-0.198604,2.4957,-0.062792
13.6494,-0.198604,2.4804,-0.062775
13.6507,-0.198604,2.4541,-0.062764
13.6519,-0.198604,2.4168,-0.062760
13.6532,-0.198604,2.3688,-0.062762
13.6544,-0.198604,2.3102,-0.062770
13.6560,-0.198604,2.2193,-0.062790
13.6586,-0.198604,2.0366,-0.062844
13.6596,-0.181855,1.9560,-0.062872
13.6606,-0.181855,1.8768,-0.062901
13.6615,-0.181855,1.7931,-0.062933
13.6624,-0.181855,1.7052,-0.062968
13.6633,-0.181855,1.6129,-0.063006
13.6644,-0.181855,1.5020,-0.063053
13.6657,-0.181855,1.3654,-0.063113
13.6669,-0.181855,1.2226,-0.063178
13.6682,-0.181855,1.0745,-0.063248
13.6694,0.205783,0.9215,-0.063321
13.6707,0.205783,0.7644,-0.063399
13.6719,0.205783,0.6039,-0.063480
13.6732,0.205783,0.4407,-0.063564
13.6744,0.205783,0.2756,-0.063651
13.6757,0.205783,0.1092,-0.063740
13.6769,0.205783,-0.0577,-0.063831
13.6782,0.205783,-0.2242,-0.063924
13.6794,0.050249,-0.3900,-0.064018
13.6807,0.050249,-0.5537,-0.064112
13.6819,0.050249,-0.7151,-0.064207
13.6832,0.050249,-0.8733,-0.064302
13.6844,0.050249,-1.0276,-0.064396
13.6857,0.050249,-1.1774,-0.064489
13.6869,0.050249,-1.3219,-0.064581
13.6882,0.050249,-1.4605,-0.064671
13.6894,0.050249,-1.5926,-0.064759
13.6907,0.074178,-1.7176,-0.064845
13.6919,0.074178,-1.8349,-0.064927
13.6932,0.074178,-1.9441,-0.065006
13.6944,0.074178,-2.0446,-0.065082
13.6957,0.074178,-2.1360,-0.065153
13.6969,0.074178,-2.2180,-0.065220
13.6982,0.074178,-2.2900,-0.065283
13.6994,0.074178,-2.3518,-0.065340
13.7007,-0.157926,-2.4031,-0.065393
13.7019,-0.157926,-2.4437,-0.065440
13.7032,-0.157926,-2.4736,-0.065481
13.7044,-0.157926,-2.4922,-0.065517
13.7057,-0.157926,-2.4998,-0.065546
13.7071,-0.157926,-2.4944,-0.065573
13.7099,-0.009571,-2.4427,-0.065601
13.7108,-0.009571,-2.4126,-0.065603
13.7118,-0.009571,-2.3773,-0.065602
13.7127,-0.009571,-2.3363,-0.065597
13.7136,-0.009571,-2.2899,-0.065589
13.7145,-0.009571,-2.2378,-0.065578
13.7157,-0.009571,-2.1674,-0.065559
13.7169,-0.009571,-2.0795,-0.065533
13.7182,-0.009571,-1.9823,-0.065500
13.7194,-0.009571,-1.8761,-0.065462
13.7207,-0.126820,-1.7617,-0.065418
13.7219,-0.126820,-1.6394,-0.065368
13.7232,-0.126820,-1.5099,-0.065313
13.7244,-0.126820,-1.3736,-0.065253
13.7257,-0.126820,-1.2312,-0.065188
13.7269,-0.126820,-1.0833,-0.065119
13.7282,-0.126820,-0.9306,-0.065046
13.7294,-0.126820,-0.7737,-0.064969
13.7307,0.064606,-0.6130,-0.064888
13.7319,0.064606,-0.4503,-0.064804
13.7332,0.064606,-0.2838,-0.064716
13.7344,0.064606,-0.1189,-0.064628
13.7357,0.064606,0.0479,-0.064537
13.7369,0.064606,0.2145,-0.064445
13.7382,0.064606,0.3801,-0.064351
13.7394,0.064606,0.5441,-0.064256
13.7407,-0.035892,0.7057,-0.064161
13.7419,-0.035892,0.8641,-0.064066
13.7432,-0.035892,1.0186,-0.063972
13.7444,-0.035892,1.1687,-0.063879
13.7457,-0.035892,1.3135,-0.063787
13.7469,-0.035892,1.4525,-0.063697
13.7482,-0.035892,1.5850,-0.063608
13.7494,-0.035892,1.7105,-0.063523
13.7507,-0.265603,1.8287,-0.063440
13.7519,-0.265603,1.9387,-0.063360
13.7532,-0.265603,2.0391,-0.063285
13.7544,-0.265603,2.1312,-0.063214
13.7557,-0.265603,2.2134,-0.063146
13.7569,-0.265603,2.2860,-0.063084
13.7583,-0.265603,2.3543,-0.063020
13.7612,-0.244068,2.4574,-0.062905
13.7622,-0.244068,2.4775,-0.062875
13.7631,-0.244068,2.4910,-0.062849
13.7640,-0.244068,2.4984,-0.062826
13.7650,-0.244068,2.4998,-0.062807
13.7659,-0.244068,2.4951,-0.062790
13.7669,-0.244068,2.4828,-0.062776
13.7682,-0.244068,2.4578,-0.062765
13.7694,-0.244068,2.4218,-0.062760
13.7707,-0.244068,2.3750,-0.062761
13.7719,-0.145962,2.3176,-0.062768
13.7732,-0.145962,2.2499,-0.062782
13.7744,-0.145962,2.1722,-0.062802
13.7757,-0.145962,2.0848,-0.062828
13.7769,-0.145962,1.9881,-0.062861
13.7782,-0.145962,1.8826,-0.062899
13.7794,-0.145962,1.7687,-0.062942
13.7807,-0.145962,1.6468,-0.062992
13.7819,-0.021535,1.5177,-0.063046
13.7832,-0.021535,1.3818,-0.063106
13.7844,-0.021535,1.2397,-0.063170
13.7857,-0.021535,1.0922,-0.063239
13.7869,-0.021535,0.9397,-0.063313
13.7882,-0.021535,0.7831,-0.063390
13.7894,-0.021535,0.6229,-0.063470
13.7907,-0.021535,0.4600,-0.063554
13.7919,0.062213,0.2951,-0.063640
13.7932,0.062213,0.1288,-0.063729
13.7944,0.062213,-0.0380,-0.063820
13.7957,0.062213,-0.2045,-0.063913
13.7969,0.062213,-0.3703,-0.064006
13.7982,0.062213,-0.5344,-0.064101
13.7994,0.062213,-0.6964,-0.064196
13.8007,0.062213,-0.8549,-0.064291
13.8019,0.124427,-1.0097,-0.064385
13.8032,0.124427,-1.1600,-0.064479
13.8044,0.124427,-1.3052,-0.064571
13.8057,0.124427,-1.4445,-0.064661
13.8069,0.124427,-1.5774,-0.064749
13.8082,0.124427,-1.7033,-0.064835
13.8095,0.124427,-1.8349,-0.064927
13.8136,-0.002393,-2.1580,-0.065171
13.8146,-0.002393,-2.2211,-0.065223
13.8155,-0.002393,-2.2753,-0.065270
13.8165,-0.002393,-2.3236,-0.065313
13.8174,-0.002393,-2.3662,-0.065354
13.8183,-0.002393,-2.4030,-0.065393
13.8192,-0.002393,-2.4341,-0.065428
13.8201,-0.002393,-2.4591,-0.065460
13.8211,-0.002393,-2.4783,-0.065489
13.8220,-0.050249,-2.4915,-0.065515
13.8232,-0.050249,-2.4995,-0.065543
13.8244,-0.050249,-2.4973,-0.065567
13.8257,-0.050249,-2.4839,-0.065585
13.8269,-0.050249,-2.4595,-0.065597
13.8282,-0.050249,-2.4242,-0.065603
13.8294,-0.050249,-2.3780,-0.065602
13.8307,-0.050249,-2.3213,-0.065595
13.8319,-0.114855,-2.2541,-0.065582
13.8332,-0.114855,-2.1770,-0.065562
13.8344,-0.114855,-2.0902,-0.065536
13.8357,-0.114855,-1.9941,-0.065504
13.8369,-0.114855,-1.8890,-0.065467
13.8382,-0.114855,-1.7756,-0.065423
13.8394,-0.114855,-1.6542,-0.065374
13.8407,-0.114855,-1.5255,-0.065320
13.8419,0.007178,-1.3900,-0.065260
13.8432,0.007178,-1.2483,-0.065196
13.8444,0.007178,-1.1010,-0.065128
13.8457,0.007178,-0.9488,-0.065055
13.8469,0.007178,-0.7924,-0.064978
13.8482,0.007178,-0.6326,-0.064898
13.8494,0.007178,-0.4699,-0.064814
13.8507,0.007178,-0.3050,-0.064728
13.8519,0.007178,-0.1385,-0.064639
13.8532,-0.088534,0.0283,-0.064548
13.8544,-0.088534,0.1949,-0.064455
13.8557,-0.088534,0.3611,-0.064362
13.8569,-0.088534,0.5250,-0.064267
13.8582,-0.088534,0.6869,-0.064172
13.8594,-0.088534,0.8457,-0.064078
13.8607,-0.088534,1.0007,-0.063983
13.8619,-0.088534,1.1514,-0.063890
13.8632,-0.078963,1.2971,-0.063797
13.8657,-0.078963,1.5724,-0.063617
13.8666,-0.078963,1.6679,-0.063552
13.8675,-0.078963,1.7580,-0.063490
13.8685,-0.078963,1.8436,-0.063429
13.8694,-0.078963,1.9256,-0.063370
13.8707,-0.078963,2.0276,-0.063294
13.8719,-0.078963,2.1206,-0.063222
13.8732,-0.232104,2.2042,-0.063154
13.8744,-0.232104,2.2780,-0.063091
13.8757,-0.232104,2.3416,-0.063032
13.8769,-0.232104,2.3948,-0.062979
13.8782,-0.232104,2.4374,-0.062931
13.8794,-0.232104,2.4690,-0.062889
13.8807,-0.232104,2.4897,-0.062852
13.8819,-0.232104,2.4993,-0.062821
13.8832,-0.133998,2.4977,-0.062797
13.8844,-0.133998,2.4850,-0.062778
13.8857,-0.133998,2.4613,-0.062766
13.8869,-0.133998,2.4266,-0.062760
13.8882,-0.133998,2.3810,-0.062761
13.8894,-0.133998,2.3249,-0.062767
13.8907,-0.133998,2.2584,-0.062780
13.8919,-0.133998,2.1818,-0.062800
13.8932,-0.234497,2.0956,-0.062825
13.8944,-0.234497,2.0000,-0.062857
13.8957,-0.234497,1.8954,-0.062894
13.8969,-0.234497,1.7825,-0.062937
13.8982,-0.234497,1.6615,-0.062986
13.8994,-0.234497,1.5331,-0.063040
13.9007,-0.234497,1.3982,-0.063099
13.9019,-0.234497,1.2569,-0.063163
13.9032,0.000000,1.1098,-0.063231
13.9044,0.000000,0.9578,-0.063304
13.9057,0.000000,0.8017,-0.063380
13.9069,0.000000,0.6419,-0.063461
13.9082,0.000000,0.4793,-0.063544
13.9094,0.000000,0.3146,-0.063630
13.9107,0.000000,0.1484,-0.063719
13.9119,0.000000,-0.0184,-0.063809
13.9132,0.071785,-0.1851,-0.063902
13.9165,0.071785,-0.6195,-0.064151
13.9174,0.071785,-0.7444,-0.064225
13.9183,0.071785,-0.8612,-0.064295
13.9193,0.071785,-0.9759,-0.064364
13.9202,0.071785,-1.0878,-0.064433
13.9211,0.071785,-1.1973,-0.064502
13.9220,0.071785,-1.3037,-0.064570
13.9232,0.174676,-1.4285,-0.064650
13.9244,0.174676,-1.5621,-0.064739
13.9257,0.174676,-1.6888,-0.064825
13.9269,0.174676,-1.8080,-0.064908
13.9282,0.174676,-1.9192,-0.064988
13.9294,0.174676,-2.0218,-0.065064
13.9307,0.174676,-2.1156,-0.065137
13.9319,0.174676,-2.1996,-0.065205
13.9332,0.174676,-2.2739,-0.065268
13.9344,-0.119641,-2.3382,-0.065327
13.9357,-0.119641,-2.3920,-0.065381
13.9369,-0.119641,-2.4351,-0.065429
13.9382,-0.119641,-2.4675,-0.065472
13.9394,-0.119641,-2.4888,-0.065509
13.9407,-0.119641,-2.4990,-0.065540
13.9419,-0.119641,-2.4981,-0.065565
13.9432,-0.119641,-2.4861,-0.065584
13.9444,-0.033500,-2.4630,-0.065596
13.9457,-0.033500,-2.4289,-0.065603
13.9469,-0.033500,-2.3840,-0.065602
13.9482,-0.033500,-2.3285,-0.065596
13.9494,-0.033500,-2.2626,-0.065583
13.9507,-0.033500,-2.1866,-0.065565
13.9519,-0.033500,-2.1010,-0.065539
13.9532,-0.033500,-2.0059,-0.065508
13.9544,-0.090927,-1.9019,-0.065471
13.9557,-0.090927,-1.7893,-0.065428
13.9569,-0.090927,-1.6689,-0.065380
13.9582,-0.090927,-1.5410,-0.065326
13.9594,-0.090927,-1.4062,-0.065268
13.9607,-0.090927,-1.2652,-0.065204
13.9619,-0.090927,-1.1185,-0.065136
13.9632,-0.090927,-0.9669,-0.065063
13.9644,-0.021535,-0.8109,-0.064987
13.9672,-0.021535,-0.4551,-0.064806
13.9681,-0.021535,-0.3265,-0.064739
13.9691,-0.021535,-0.2039,-0.064674
13.9700,-0.021535,-0.0810,-0.064608
13.9709,-0.021535,0.0421,-0.064540
13.9719,-0.021535,0.1754,-0.064466
13.9732,-0.021535,0.3413,-0.064373
13.9744,0.007178,0.5057,-0.064278
13.9757,0.007178,0.6679,-0.064184
13.9769,0.007178,0.8271,-0.064089
13.9782,0.007178,0.9827,-0.063994
13.9794,0.007178,1.1340,-0.063901
13.9807,0.007178,1.2799,-0.063808
13.9819,0.007178,1.4204,-0.063718
13.9832,0.007178,1.5544,-0.063629
13.9844,-0.136391,1.6816,-0.063543
13.9857,-0.136391,1.8013,-0.063460
13.9869,-0.136391,1.9129,-0.063379
13.9882,-0.136391,2.0160,-0.063303
13.9894,-0.136391,2.1102,-0.063230
13.9907,-0.136391,2.1949,-0.063162
13.9919,-0.136391,2.2698,-0.063098
13.9932,-0.136391,2.3347,-0.063039
13.9944,-0.208176,2.3891,-0.062985
13.9957,-0.208176,2.4329,-0.062936
13.9969,-0.208176,2.4659,-0.062893
13.9982,-0.208176,2.4878,-0.062856
13.9994,-0.208176,2.4987,-0.062825
14.0007,-0.208176,2.4985,-0.062799
14.0019,-0.208176,2.4871,-0.062780
14.0032,-0.208176,2.4647,-0.062767
14.0044,-0.208176,2.4313,-0.062760
14.0057,-0.131605,2.3870,-0.062760
14.0069,-0.131605,2.3321,-0.062766
14.0082,-0.131605,2.2667,-0.062778
14.0094,-0.131605,2.1913,-0.062797
14.0107,-0.131605,2.1062,-0.062822
14.0119,-0.131605,2.0117,-0.062853
14.0132,-0.131605,1.9082,-0.062889
14.0144,-0.131605,1.7962,-0.062932
14.0159,-0.189033,1.6466,-0.062992
14.0183,-0.189033,1.3930,-0.063101
14.0193,-0.189033,1.2869,-0.063149
14.0202,-0.189033,1.1797,-0.063198
14.0211,-0.189033,1.0697,-0.063250
14.0221,-0.189033,0.9572,-0.063304
14.0232,-0.189033,0.8202,-0.063371
14.0244,-0.189033,0.6609,-0.063451
14.0257,-0.011964,0.4986,-0.063534
14.0269,-0.011964,0.3341,-0.063620
14.0282,-0.011964,0.1680,-0.063708
14.0294,-0.011964,0.0013,-0.063799
14.0307,-0.011964,-0.1660,-0.063891
14.0319,-0.011964,-0.3318,-0.063985
14.0332,-0.011964,-0.4961,-0.064079
14.0344,-0.011964,-0.6585,-0.064174
14.0357,0.069392,-0.8179,-0.064268
14.0369,0.069392,-0.9737,-0.064363
14.0382,0.069392,-1.1251,-0.064457
14.0394,0.069392,-1.2717,-0.064549
14.0407,0.069392,-1.4123,-0.064640
14.0419,0.069392,-1.5467,-0.064729
14.0432,0.069392,-1.6743,-0.064815
14.0444,0.069392,-1.7944,-0.064898
14.0457,0.131605,-1.9065,-0.064979
14.0469,0.131605,-2.0102,-0.065056
14.0482,0.131605,-2.1049,-0.065128
14.0494,0.131605,-2.1901,-0.065197
14.0507,0.131605,-2.2657,-0.065261
14.0519,0.131605,-2.3311,-0.065320
14.0532,0.131605,-2.3862,-0.065375
14.0544,0.131605,-2.4306,-0.065424
14.0557,0.303888,-2.4642,-0.065467
14.0569,0.303888,-2.4869,-0.065505
14.0582,0.303888,-2.4984,-0.065536
14.0594,0.303888,-2.4988,-0.065562
14.0607,0.303888,-2.4881,-0.065582
14.0619,0.303888,-2.4663,-0.065595
14.0632,0.303888,-2.4335,-0.065602
14.0644,0.303888,-2.3898,-0.065603
14.0657,-0.641276,-2.3356,-0.065597
14.0670,-0.641276,-2.2672,-0.065584
14.0697,-0.641276,-2.0892,-0.065536
14.0707,-0.641276,-2.0166,-0.065512
14.0716,-0.641276,-1.9412,-0.065486
14.0725,-0.641276,-1.8614,-0.065456
14.0734,-0.641276,-1.7771,-0.065424
14.0744,-0.641276,-1.6834,-0.065386
14.0757,0.066999,-1.5564,-0.065333
14.0769,0.066999,-1.4224,-0.065275
14.0782,0.066999,-1.2821,-0.065212
14.0794,0.066999,-1.1359,-0.065144
14.0807,0.066999,-0.9850,-0.065072
14.0819,0.066999,-0.8295,-0.064996
14.0832,0.066999,-0.6704,-0.064917
14.0844,0.066999,-0.5082,-0.064834
14.0857,0.066999,-0.3438,-0.064748
14.0869,0.009571,-0.1778,-0.064660
14.0882,0.009571,-0.0104,-0.064569
14.0894,0.009571,0.1569,-0.064477
14.0907,0.009571,0.3219,-0.064384
14.0919,0.009571,0.4866,-0.064290
14.0932,0.009571,0.6490,-0.064195
14.0944,0.009571,0.8086,-0.064100
14.0957,0.009571,0.9646,-0.064005
14.0969,0.062213,1.1163,-0.063912
14.0982,0.062213,1.2631,-0.063819
14.0994,0.062213,1.4043,-0.063728
14.1007,0.062213,1.5390,-0.063639
14.1019,0.062213,1.6670,-0.063553
14.1032,0.062213,1.7876,-0.063469
14.1044,0.062213,1.9002,-0.063389
14.1057,0.062213,2.0044,-0.063312
14.1069,-0.260818,2.0996,-0.063239
14.1082,-0.260818,2.1854,-0.063170
14.1094,-0.260818,2.2615,-0.063105
14.1107,-0.260818,2.3276,-0.063046
14.1119,-0.260818,2.3833,-0.062991
14.1132,-0.260818,2.4283,-0.062942
14.1144,-0.260818,2.4626,-0.062898
14.1157,-0.260818,2.4858,-0.062860
14.1169,-0.131605,2.4980,-0.062828
14.1182,-0.131605,2.4991,-0.062802
14.1211,-0.131605,2.4568,-0.062765
14.1221,-0.131605,2.4301,-0.062760
14.1230,-0.131605,2.3982,-0.062760
14.1239,-0.131605,2.3604,-0.062762
14.1249,-0.131605,2.3171,-0.062769
14.1258,-0.131605,2.2681,-0.062778
14.1269,-0.497707,2.2007,-0.062795
14.1282,-0.497707,2.1167,-0.062819
14.1294,-0.497707,2.0232,-0.062849
14.1307,-0.497707,1.9202,-0.062885
14.1319,-0.497707,1.8095,-0.062926
14.1332,-0.497707,1.6907,-0.062974
14.1344,-0.497707,1.5640,-0.063027
14.1357,-0.497707,1.4289,-0.063085
14.1369,0.100499,1.2900,-0.063147
14.1382,0.100499,1.1446,-0.063215
14.1394,0.100499,0.9940,-0.063286
14.1407,0.100499,0.8388,-0.063362
14.1419,0.100499,0.6798,-0.063441
14.1432,0.100499,0.5178,-0.063524
14.1444,0.100499,0.3535,-0.063610
14.1457,0.100499,0.1876,-0.063698
14.1469,0.050249,0.0209,-0.063788
14.1482,0.050249,-0.1459,-0.063880
14.1494,0.050249,-0.3120,-0.063973
14.1507,0.050249,-0.4768,-0.064068
14.1519,0.050249,-0.6396,-0.064162
14.1532,0.050249,-0.7993,-0.064257
14.1544,0.050249,-0.9556,-0.064352
14.1557,0.050249,-1.1074,-0.064446
14.1569,0.153141,-1.2544,-0.064538
14.1582,0.153141,-1.3972,-0.064630
14.1594,0.153141,-1.5316,-0.064719
14.1607,0.153141,-1.6597,-0.064805
14.1619,0.153141,-1.7807,-0.064889
14.1632,0.153141,-1.8938,-0.064970
14.1644,0.153141,-1.9985,-0.065047
14.1657,0.153141,-2.0942,-0.065120
14.1669,0.153141,-2.1806,-0.065189
14.1682,0.141177,-2.2573,-0.065254
14.1694,0.141177,-2.3247,-0.065314
14.1725,0.141177,-2.4444,-0.065440
14.1735,0.141177,-2.4680,-0.065473
14.1744,0.141177,-2.4848,-0.065501
14.1754,0.141177,-2.4962,-0.065528
14.1765,0.141177,-2.5000,-0.065552
14.1775,-0.198604,-2.4961,-0.065570
14.1784,-0.198604,-2.4862,-0.065584
14.1794,-0.198604,-2.4694,-0.065594
14.1807,-0.198604,-2.4375,-0.065602
14.1819,-0.198604,-2.3950,-0.065603
14.1832,-0.198604,-2.3419,-0.065598
14.1844,-0.198604,-2.2781,-0.065587
14.1857,-0.198604,-2.2046,-0.065569
14.1869,-0.198604,-2.1215,-0.065546
14.1882,-0.220140,-2.0290,-0.065516
14.1894,-0.220140,-1.9271,-0.065481
14.1907,-0.220140,-1.8165,-0.065439
14.1919,-0.220140,-1.6979,-0.065392
14.1932,-0.220140,-1.5718,-0.065340
14.1944,-0.220140,-1.4386,-0.065282
14.1957,-0.220140,-1.2990,-0.065219
14.1969,-0.220140,-1.1536,-0.065152
14.1982,-0.043071,-1.0031,-0.065081
14.1994,-0.043071,-0.8481,-0.065005
14.2007,-0.043071,-0.6893,-0.064926
14.2019,-0.043071,-0.5275,-0.064844
14.2032,-0.043071,-0.3631,-0.064758
14.2044,-0.043071,-0.1969,-0.064670
14.2057,-0.043071,-0.0306,-0.064580
14.2069,-0.043071,0.1361,-0.064488
14.2082,0.023928,0.3024,-0.064395
14.2094,0.023928,0.4672,-0.064301
14.2107,0.023928,0.6300,-0.064206
14.2119,0.023928,0.7920,-0.064110
14.2132,0.023928,0.9465,-0.064016
14.2144,0.023928,1.0987,-0.063923
14.2157,0.023928,1.2461,-0.063830
14.2169,0.023928,1.3879,-0.063739
14.2182,0.028714,1.5235,-0.063650
14.2194,0.028714,1.6524,-0.063563
14.2207,0.028714,1.7739,-0.063479
14.2241,0.028714,2.0627,-0.063267
14.2250,0.028714,2.1343,-0.063211
14.2260,0.028714,2.1960,-0.063161
14.2269,0.028714,2.2522,-0.063113
14.2278,0.028714,2.3030,-0.063068
14.2287,-0.234497,2.3480,-0.063026
14.2297,-0.234497,2.3878,-0.062986
14.2307,-0.234497,2.4237,-0.062947
14.2319,-0.234497,2.4591,-0.062903
14.2332,-0.234497,2.4837,-0.062864
14.2344,-0.234497,2.4972,-0.062832
14.2357,-0.234497,2.4995,-0.062805
14.2369,-0.234497,2.4908,-0.062784
14.2382,-0.124427,2.4709,-0.062770
14.2394,-0.124427,2.4400,-0.062761
14.2407,-0.124427,2.3983,-0.062760
14.2419,-0.124427,2.3459,-0.062764
14.2432,-0.124427,2.2830,-0.062775
14.2444,-0.124427,2.2100,-0.062792
14.2457,-0.124427,2.1271,-0.062815
14.2469,-0.124427,2.0347,-0.062845
14.2482,-0.124427,1.9333,-0.062880
14.2494,-0.373280,1.8233,-0.062921
14.2507,-0.373280,1.7051,-0.062968
14.2519,-0.373280,1.5794,-0.063020
14.2532,-0.373280,1.4466,-0.063077
14.2544,-0.373280,1.3073,-0.063140
14.2557,-0.373280,1.1622,-0.063206
14.2569,-0.373280,1.0120,-0.063278
14.2582,-0.373280,0.8573,-0.063353
14.2594,0.007178,0.6987,-0.063432
14.2607,0.007178,0.5370,-0.063514
14.2619,0.007178,0.3729,-0.063599
14.2632,0.007178,0.2071,-0.063687
14.2644,0.007178,0.0405,-0.063777
14.2657,0.007178,-0.1264,-0.063869
14.2669,0.007178,-0.2926,-0.063962
14.2682,0.007178,-0.4576,-0.064057
14.2694,-0.043071,-0.6205,-0.064151
14.2707,-0.043071,-0.7807,-0.064246
14.2719,-0.043071,-0.9375,-0.064341
14.2749,-0.043071,-1.2976,-0.064566
14.2759,-0.043071,-1.4067,-0.064636
14.2768,-0.043071,-1.5072,-0.064702
14.2777,-0.043071,-1.6037,-0.064767
14.2787,-0.043071,-1.6962,-0.064830
14.2796,0.279960,-1.7847,-0.064892
14.2807,0.279960,-1.8810,-0.064960
14.2819,0.279960,-1.9866,-0.065038
14.2832,0.279960,-2.0834,-0.065112
14.2844,0.279960,-2.1710,-0.065181
14.2857,0.279960,-2.2488,-0.065247
14.2869,0.279960,-2.3167,-0.065307
14.2882,0.279960,-2.3742,-0.065362
14.2894,0.179462,-2.4211,-0.065413
14.2907,0.179462,-2.4573,-0.065457
14.2919,0.179462,-2.4825,-0.065496
14.2932,0.179462,-2.4967,-0.065530
14.2944,0.179462,-2.4997,-0.065557
14.2957,0.179462,-2.4916,-0.065578
14.2969,0.179462,-2.4724,-0.065593
14.2982,0.179462,-2.4422,-0.065601
14.2994,-0.330210,-2.4010,-0.065603
14.3007,-0.330210,-2.3493,-0.065599
14.3019,-0.330210,-2.2870,-0.065589
14.3032,-0.330210,-2.2146,-0.065572
14.3044,-0.330210,-2.1322,-0.065549
14.3057,-0.330210,-2.0404,-0.065520
14.3069,-0.330210,-1.9395,-0.065485
14.3082,-0.330210,-1.8300,-0.065444
14.3094,-0.124427,-1.7123,-0.065398
14.3107,-0.124427,-1.5870,-0.065346
14.3119,-0.124427,-1.4546,-0.065289
14.3132,-0.124427,-1.3157,-0.065227
14.3144,-0.124427,-1.1708,-0.065160
14.3157,-0.124427,-1.0198,-0.065089
14.3169,-0.124427,-0.8665,-0.065014
14.3182,-0.124427,-0.7081,-0.064936
14.3194,-0.009571,-0.5466,-0.064854
14.3207,-0.009571,-0.3826,-0.064769
14.3219,-0.009571,-0.2170,-0.064681
14.3232,-0.009571,-0.0503,-0.064591
14.3261,-0.009571,0.3402,-0.064373
14.3270,-0.009571,0.4653,-0.064302
14.3280,-0.009571,0.5857,-0.064232
14.3289,-0.009571,0.7047,-0.064162
14.3298,-0.009571,0.8228,-0.064091
14.3307,-0.009571,0.9402,-0.064020
14.3319,-0.009571,1.0813,-0.063933
14.3332,-0.009571,1.2291,-0.063841
14.3344,-0.009571,1.3715,-0.063749
14.3357,-0.009571,1.5079,-0.063660
14.3369,-0.009571,1.6376,-0.063573
14.3382,-0.009571,1.7599,-0.063489
14.3394,-0.009571,1.8746,-0.063407
14.3407,-0.009571,1.9806,-0.063329
14.3419,-0.009571,2.0780,-0.063255
14.3432,-0.009571,2.1661,-0.063186
14.3444,-0.009571,2.2445,-0.063120
14.3457,-0.009571,2.3130,-0.063059
14.3469,-0.009571,2.3711,-0.063004
14.3482,-0.009571,2.4187,-0.062953
14.3494,-0.009571,2.4555,-0.062908
14.3507,-0.313460,2.4813,-0.062869
14.3519,-0.313460,2.4962,-0.062835
14.3532,-0.313460,2.4998,-0.062808
14.3544,-0.313460,2.4924,-0.062786
14.3557,-0.313460,2.4738,-0.062771
14.3569,-0.313460,2.4443,-0.062762
14.3582,-0.313460,2.4038,-0.062760
14.3594,-0.313460,2.3526,-0.062763
14.3607,-0.126820,2.2910,-0.062773
14.3619,-0.126820,2.2191,-0.062790
14.3632,-0.126820,2.1374,-0.062812
14.3644,-0.126820,2.0458,-0.062841
14.3657,-0.126820,1.9457,-0.062876
14.3669,-0.126820,1.8367,-0.062916
14.3682,-0.126820,1.7194,-0.062962
14.3694,-0.126820,1.5945,-0.063014
14.3707,0.181855,1.4625,-0.063070
14.3719,0.181855,1.3240,-0.063132
14.3732,0.181855,1.1796,-0.063198
14.3748,0.181855,0.9846,-0.063291
14.3784,0.181855,0.5275,-0.063519
14.3794,0.181855,0.3967,-0.063587
14.3803,0.181855,0.2745,-0.063651
14.3812,-0.394816,0.1498,-0.063718
14.3822,-0.394816,0.0245,-0.063786
14.3831,-0.394816,-0.0991,-0.063854
14.3840,-0.394816,-0.2221,-0.063923
14.3849,-0.394816,-0.3446,-0.063992
14.3859,-0.394816,-0.4660,-0.064061
14.3869,-0.394816,-0.6016,-0.064140
14.3882,-0.394816,-0.7620,-0.064235
14.3894,-0.394816,-0.9191,-0.064330
14.3907,-0.028714,-1.0722,-0.064424
14.3919,-0.028714,-1.2205,-0.064517
14.3932,-0.028714,-1.3633,-0.064608
14.3944,-0.028714,-1.5000,-0.064698
14.3957,-0.028714,-1.6301,-0.064785
14.3969,-0.028714,-1.7529,-0.064869
14.3982,-0.028714,-1.8679,-0.064951
14.3994,-0.028714,-1.9746,-0.065029
14.4007,0.059821,-2.0725,-0.065103
14.4019,0.059821,-2.1611,-0.065173
14.4032,0.059821,-2.2402,-0.065239
14.4044,0.059821,-2.3092,-0.065300
14.4057,0.059821,-2.3680,-0.065356
14.4069,0.059821,-2.4162,-0.065407
14.4082,0.059821,-2.4536,-0.065452
14.4094,0.059821,-2.4801,-0.065492
14.4107,0.059821,-2.4956,-0.065526
14.4119,0.184247,-2.4999,-0.065554
14.4132,0.184247,-2.4931,-0.065576
14.4144,0.184247,-2.4753,-0.065591
14.4157,0.184247,-2.4463,-0.065600
14.4169,0.184247,-2.4065,-0.065603
14.4182,0.184247,-2.3559,-0.065600
14.4194,0.184247,-2.2949,-0.065590
14.4207,0.184247,-2.2236,-0.065574
14.4219,0.014357,-2.1425,-0.065552
14.4232,0.014357,-2.0517,-0.065524
14.4244,0.014357,-1.9518,-0.065489
14.4259,0.014357,-1.8227,-0.065441
14.4287,0.014357,-1.5458,-0.065329
14.4296,0.014357,-1.4446,-0.065285
14.4306,0.014357,-1.3412,-0.065239
14.4315,0.040678,-1.2327,-0.065189
14.4325,0.040678,-1.1222,-0.065138
14.4334,0.040678,-1.0106,-0.065085
14.4344,0.040678,-0.8847,-0.065023
14.4357,0.040678,-0.7269,-0.064945
14.4369,0.040678,-0.5658,-0.064863
14.4382,0.040678,-0.4020,-0.064779
14.4394,0.040678,-0.2365,-0.064691
14.4407,0.040678,-0.0700,-0.064602
14.4419,-0.411565,0.0968,-0.064510
14.4432,-0.411565,0.2633,-0.064417
14.4444,-0.411565,0.4286,-0.064323
14.4457,-0.411565,0.5919,-0.064228
14.4469,-0.411565,0.7526,-0.064133
14.4482,-0.411565,0.9099,-0.064039
14.4494,-0.411565,1.0633,-0.063945
14.4507,-0.411565,1.2118,-0.063852
14.4519,0.016750,1.3550,-0.063760
14.4532,0.016750,1.4922,-0.063670
14.4544,0.016750,1.6227,-0.063583
14.4557,0.016750,1.7459,-0.063498
14.4569,0.016750,1.8614,-0.063417
14.4582,0.016750,1.9686,-0.063338
14.4594,0.016750,2.0671,-0.063264
14.4607,0.016750,2.1562,-0.063193
14.4619,-0.256032,2.2358,-0.063127
14.4632,-0.256032,2.3054,-0.063066
14.4644,-0.256032,2.3648,-0.063010
14.4657,-0.256032,2.4136,-0.062959
14.4669,-0.256032,2.4517,-0.062913
14.4682,-0.256032,2.4793,-0.062872
14.4694,-0.256032,2.4950,-0.062839
14.4707,-0.256032,2.5000,-0.062810
14.4719,-0.004786,2.4938,-0.062788
14.4732,-0.004786,2.4766,-0.062772
14.4744,-0.004786,2.4483,-0.062763
14.4757,-0.004786,2.4091,-0.062760
14.4770,-0.004786,2.3529,-0.062763
14.4801,-0.004786,2.1822,-0.062800
14.4811,-0.004786,2.1177,-0.062818
14.4820,-0.131605,2.0495,-0.062840
14.4829,-0.131605,1.9765,-0.062865
14.4838,-0.131605,1.8988,-0.062893
14.4848,-0.131605,1.8165,-0.062924
14.4857,-0.131605,1.7298,-0.062958
14.4869,-0.131605,1.6095,-0.063007
14.4882,-0.131605,1.4784,-0.063063
14.4894,-0.131605,1.3406,-0.063125
14.4907,-0.131605,1.1969,-0.063190
14.4919,-0.131605,1.0478,-0.063261
14.4932,-0.033500,0.8941,-0.063335
14.4944,-0.033500,0.7363,-0.063413
14.4957,-0.033500,0.5753,-0.063494
14.4969,-0.033500,0.4117,-0.063579
14.4982,-0.033500,0.2463,-0.063666
14.4994,-0.033500,0.0798,-0.063756
14.5007,-0.033500,-0.0871,-0.063847
14.5019,-0.033500,-0.2535,-0.063940
14.5032,-0.265603,-0.4189,-0.064034
14.5044,-0.265603,-0.5824,-0.064129
14.5057,-0.265603,-0.7433,-0.064224
14.5069,-0.265603,-0.9008,-0.064319
14.5082,-0.265603,-1.0544,-0.064413
14.5094,-0.265603,-1.2033,-0.064506
14.5107,-0.265603,-1.3468,-0.064597
14.5119,-0.265603,-1.4843,-0.064687
14.5132,-0.011964,-1.6152,-0.064775
14.5144,-0.011964,-1.7389,-0.064860
14.5157,-0.011964,-1.8547,-0.064941
14.5169,-0.011964,-1.9625,-0.065020
14.5182,-0.011964,-2.0619,-0.065095
14.5194,-0.011964,-2.1512,-0.065165
14.5207,-0.011964,-2.2314,-0.065232
14.5219,-0.011964,-2.3016,-0.065293
14.5232,0.107677,-2.3616,-0.065350
14.5244,0.107677,-2.4111,-0.065401
14.5257,0.107677,-2.4498,-0.065447
14.5269,0.107677,-2.4776,-0.065488
14.5284,0.107677,-2.4966,-0.065529
14.5314,0.107677,-2.4861,-0.065584
14.5324,0.107677,-2.4691,-0.065594
14.5333,0.181855,-2.4468,-0.065600
14.5342,0.181855,-2.4185,-0.065603
14.5351,0.181855,-2.3844,-0.065603
14.5361,0.181855,-2.3445,-0.065598
14.5370,0.181855,-2.2989,-0.065591
14.5382,0.181855,-2.2325,-0.065576
14.5394,0.181855,-2.1525,-0.065555
14.5407,0.181855,-2.0629,-0.065527
14.5419,0.181855,-1.9641,-0.065494
14.5432,0.028714,-1.8565,-0.065454
14.5444,0.028714,-1.7407,-0.065409
14.5457,0.028714,-1.6171,-0.065359
14.5469,0.028714,-1.4863,-0.065303
14.5482,0.028714,-1.3489,-0.065242
14.5494,0.028714,-1.2055,-0.065177
14.5507,0.028714,-1.0567,-0.065107
14.5519,0.028714,-0.9032,-0.065032
14.5532,-0.155533,-0.7457,-0.064955
14.5544,-0.155533,-0.5848,-0.064873
14.5557,-0.155533,-0.4214,-0.064789
14.5569,-0.155533,-0.2560,-0.064702
14.5582,-0.155533,-0.0896,-0.064612
14.5594,-0.155533,0.0774,-0.064521
14.5607,-0.155533,0.2438,-0.064428
14.5619,-0.155533,0.4092,-0.064334
14.5632,-0.155533,0.5728,-0.064239
14.5644,-0.191426,0.7339,-0.064145
14.5657,-0.191426,0.8917,-0.064050
14.5669,-0.191426,1.0455,-0.063956
14.5682,-0.191426,1.1946,-0.063863
14.5694,-0.191426,1.3385,-0.063771
14.5707,-0.191426,1.4764,-0.063681
14.5719,-0.191426,1.6077,-0.063593
14.5732,-0.191426,1.7318,-0.063508
14.5744,-0.069392,1.8483,-0.063426
14.5757,-0.069392,1.9564,-0.063347
14.5769,-0.069392,2.0559,-0.063272
14.5782,-0.069392,2.1462,-0.063202
14.5794,-0.069392,2.2274,-0.063135
14.5821,-0.069392,2.3676,-0.063007
14.5831,-0.069392,2.4051,-0.062968
14.5840,-0.093320,2.4358,-0.062933
14.5849,-0.093320,2.4605,-0.062901
14.5858,-0.093320,2.4793,-0.062872
14.5869,-0.093320,2.4937,-0.062842
14.5882,-0.093320,2.5000,-0.062814
14.5894,-0.093320,2.4951,-0.062791
14.5907,-0.093320,2.4792,-0.062774
14.5919,-0.093320,2.4522,-0.062764
14.5932,-0.093320,2.4143,-0.062760
14.5944,-0.203390,2.3656,-0.062762
14.5957,-0.203390,2.3064,-0.062770
14.5969,-0.203390,2.2369,-0.062785
14.5982,-0.203390,2.1575,-0.062806
14.5994,-0.203390,2.0683,-0.062834
14.6007,-0.203390,1.9701,-0.062867
14.6019,-0.203390,1.8631,-0.062906
14.6032,-0.203390,1.7477,-0.062951
14.6044,0.102891,1.6246,-0.063001
14.6057,0.102891,1.4942,-0.063057
14.6069,0.102891,1.3571,-0.063117
14.6082,0.102891,1.2141,-0.063182
14.6094,0.102891,1.0656,-0.063252
14.6107,0.102891,0.9123,-0.063326
14.6119,0.102891,0.7551,-0.063404
14.6132,0.102891,0.5944,-0.063485
14.6144,-0.318245,0.4311,-0.063569
14.6157,-0.318245,0.2658,-0.063656
14.6169,-0.318245,0.0994,-0.063745
14.6182,-0.318245,-0.0675,-0.063836
14.6194,-0.318245,-0.2340,-0.063929
14.6207,-0.318245,-0.3996,-0.064023
14.6219,-0.318245,-0.5633,-0.064118
14.6232,-0.318245,-0.7245,-0.064213
14.6244,-0.098106,-0.8825,-0.064307
14.6257,-0.098106,-1.0366,-0.064402
14.6269,-0.098106,-1.1861,-0.064495
14.6282,-0.098106,-1.3302,-0.064587
14.6294,-0.098106,-1.4685,-0.064677
14.6308,-0.098106,-1.6138,-0.064774
14.6334,-0.098106,-1.8619,-0.064947
14.6343,-0.102891,-1.9442,-0.065006
14.6353,-0.102891,-2.0196,-0.065063
14.6362,-0.102891,-2.0894,-0.065116
14.6371,-0.102891,-2.1544,-0.065168
14.6382,-0.102891,-2.2225,-0.065224
14.6394,-0.102891,-2.2940,-0.065286
14.6407,-0.102891,-2.3551,-0.065343
14.6419,-0.102891,-2.4058,-0.065396
14.6432,-0.102891,-2.4458,-0.065442
14.6444,-0.102891,-2.4749,-0.065483
14.6457,0.234497,-2.4929,-0.065518
14.6469,0.234497,-2.4999,-0.065548
14.6482,0.234497,-2.4957,-0.065571
14.6494,0.234497,-2.4804,-0.065588
14.6507,0.234497,-2.4541,-0.065599
14.6519,0.234497,-2.4168,-0.065603
14.6532,0.234497,-2.3688,-0.065601
14.6544,0.234497,-2.3102,-0.065593
14.6557,-0.031107,-2.2413,-0.065579
14.6569,-0.031107,-2.1624,-0.065558
14.6582,-0.031107,-2.0732,-0.065531
14.6594,-0.031107,-1.9755,-0.065498
14.6607,-0.031107,-1.8695,-0.065459
14.6619,-0.031107,-1.7547,-0.065415
14.6632,-0.031107,-1.6320,-0.065365
14.6644,-0.031107,-1.5020,-0.065310
14.6657,0.107677,-1.3654,-0.065249
14.6669,0.107677,-1.2226,-0.065184
14.6682,0.107677,-1.0745,-0.065115
14.6694,0.107677,-0.9215,-0.065041
14.6707,0.107677,-0.7644,-0.064964
14.6719,0.107677,-0.6038,-0.064883
14.6732,0.107677,-0.4407,-0.064799
14.6744,0.107677,-0.2756,-0.064712
14.6757,-0.117248,-0.1090,-0.064623
14.6769,-0.117248,0.0577,-0.064532
14.6782,-0.117248,0.2243,-0.064439
14.6794,-0.117248,0.3899,-0.064345
14.6807,-0.117248,0.5537,-0.064251
14.6820,-0.117248,0.7287,-0.064148
14.6845,-0.117248,1.0432,-0.063957
14.6855,-0.047856,1.1563,-0.063887
14.6864,-0.047856,1.2642,-0.063818
14.6873,-0.047856,1.3690,-0.063751
14.6882,-0.047856,1.4702,-0.063685
14.6894,-0.047856,1.5927,-0.063603
14.6907,-0.047856,1.7176,-0.063518
14.6919,-0.047856,1.8350,-0.063436
14.6932,-0.047856,1.9441,-0.063357
14.6944,-0.047856,2.0447,-0.063281
14.6957,-0.227318,2.1361,-0.063210
14.6969,-0.227318,2.2180,-0.063143
14.6982,-0.227318,2.2900,-0.063080
14.6994,-0.227318,2.3518,-0.063023
14.7007,-0.227318,2.4031,-0.062970
14.7019,-0.227318,2.4437,-0.062923
14.7032,-0.227318,2.4735,-0.062882
14.7044,-0.227318,2.4922,-0.062846
14.7057,-0.107677,2.4998,-0.062817
14.7069,-0.107677,2.4963,-0.062793
14.7082,-0.107677,2.4817,-0.062776
14.7094,-0.107677,2.4560,-0.062765
14.7107,-0.107677,2.4193,-0.062760
14.7119,-0.107677,2.3719,-0.062761
14.7132,-0.107677,2.3139,-0.062769
14.7144,-0.107677,2.2456,-0.062783
14.7157,-0.095713,2.1673,-0.062804
14.7169,-0.095713,2.0794,-0.062830
14.7182,-0.095713,1.9822,-0.062863
14.7194,-0.095713,1.8761,-0.062901
14.7207,-0.095713,1.7617,-0.062945
14.7219,-0.095713,1.6395,-0.062995
14.7232,-0.095713,1.5099,-0.063050
14.7244,-0.095713,1.3736,-0.063110
14.7257,-0.095713,1.2312,-0.063174
14.7269,-0.062213,1.0833,-0.063244
14.7282,-0.062213,0.9306,-0.063317
14.7294,-0.062213,0.7737,-0.063394
14.7307,-0.062213,0.6132,-0.063475
14.7319,-0.062213,0.4502,-0.063559
14.7333,-0.062213,0.2709,-0.063653
14.7360,-0.267996,-0.0923,-0.063850
14.7369,-0.267996,-0.2192,-0.063921
14.7379,-0.267996,-0.3416,-0.063990
14.7388,-0.267996,-0.4632,-0.064060
14.7397,-0.267996,-0.5837,-0.064130
14.7407,-0.267996,-0.7058,-0.064202
14.7419,-0.267996,-0.8641,-0.064296
14.7432,-0.267996,-1.0187,-0.064391
14.7444,-0.267996,-1.1686,-0.064484
14.7457,-0.267996,-1.3134,-0.064576
14.7469,0.004786,-1.4524,-0.064666
14.7482,0.004786,-1.5850,-0.064754
14.7494,0.004786,-1.7111,-0.064840
14.7507,0.004786,-1.8284,-0.064923
14.7519,0.004786,-1.9380,-0.065002
14.7532,0.004786,-2.0390,-0.065077
14.7544,0.004786,-2.1309,-0.065149
14.7557,0.004786,-2.2134,-0.065216
14.7569,0.055035,-2.2860,-0.065279
14.7582,0.055035,-2.3484,-0.065337
14.7594,0.055035,-2.4004,-0.065390
14.7607,0.055035,-2.4416,-0.065437
14.7619,0.055035,-2.4720,-0.065479
14.7632,0.055035,-2.4914,-0.065515
14.7644,0.055035,-2.4997,-0.065545
14.7657,0.055035,-2.4968,-0.065569
14.7669,0.028714,-2.4828,-0.065586
14.7682,0.028714,-2.4578,-0.065598
14.7694,0.028714,-2.4218,-0.065603
14.7707,0.028714,-2.3750,-0.065602
14.7719,0.028714,-2.3177,-0.065594
14.7732,0.028714,-2.2500,-0.065581
14.7744,0.028714,-2.1723,-0.065561
14.7757,0.028714,-2.0849,-0.065534
14.7769,-0.122034,-1.9882,-0.065502
14.7782,-0.122034,-1.8827,-0.065464
14.7794,-0.122034,-1.7686,-0.065420
14.7807,-0.122034,-1.6468,-0.065371
14.7819,-0.122034,-1.5177,-0.065316
14.7832,-0.122034,-1.3818,-0.065257
14.7845,-0.122034,-1.2263,-0.065186
14.7882,0.191426,-0.7775,-0.064970
14.7892,0.191426,-0.6521,-0.064907
14.7901,0.191426,-0.5322,-0.064846
14.7910,0.191426,-0.4113,-0.064784
14.7919,0.191426,-0.2895,-0.064719
14.7929,0.191426,-0.1670,-0.064654
14.7938,0.191426,-0.0442,-0.064588
14.7947,0.191426,0.0787,-0.064520
14.7957,0.191426,0.2048,-0.064450
14.7969,-0.133998,0.3704,-0.064356
14.7982,-0.133998,0.5345,-0.064262
14.7994,-0.133998,0.6963,-0.064167
14.8007,-0.133998,0.8549,-0.064072
14.8019,-0.133998,1.0097,-0.063978
14.8032,-0.133998,1.1600,-0.063884
14.8044,-0.133998,1.3052,-0.063792
14.8057,-0.133998,1.4445,-0.063702
14.8069,-0.133998,1.5774,-0.063614
14.8082,-0.086142,1.7033,-0.063528
14.8094,-0.086142,1.8215,-0.063445
14.8107,-0.086142,1.9317,-0.063366
14.8119,-0.086142,2.0333,-0.063290
14.8132,-0.086142,2.1258,-0.063218
14.8144,-0.086142,2.2088,-0.063150
14.8157,-0.086142,2.2820,-0.063087
14.8169,-0.086142,2.3450,-0.063029
14.8182,-0.078963,2.3976,-0.062976
14.8194,-0.078963,2.4395,-0.062928
14.8207,-0.078963,2.4705,-0.062886
14.8219,-0.078963,2.4906,-0.062850
14.8232,-0.078963,2.4995,-0.062820
14.8244,-0.078963,2.4973,-0.062796
14.8257,-0.078963,2.4840,-0.062777
14.8269,-0.078963,2.4596,-0.062766
14.8282,-0.299103,2.4242,-0.062760
14.8294,-0.299103,2.3775,-0.062761
14.8307,-0.299103,2.3211,-0.062768
14.8319,-0.299103,2.2541,-0.062781
14.8332,-0.299103,2.1770,-0.062801
14.8344,-0.299103,2.0902,-0.062827
14.8358,-0.299103,1.9793,-0.062864
14.8389,-0.007178,1.7029,-0.062969
14.8399,-0.007178,1.6080,-0.063008
14.8408,-0.007178,1.5115,-0.063049
14.8417,-0.007178,1.4117,-0.063093
14.8426,-0.007178,1.3082,-0.063139
14.8436,-0.007178,1.2016,-0.063188
14.8445,-0.007178,1.0923,-0.063239
14.8457,-0.007178,0.9487,-0.063308
14.8469,-0.007178,0.7924,-0.063385
14.8482,-0.119641,0.6325,-0.063465
14.8494,-0.119641,0.4697,-0.063549
14.8507,-0.119641,0.3048,-0.063635
14.8519,-0.119641,0.1386,-0.063724
14.8532,-0.119641,-0.0282,-0.063815
14.8544,-0.119641,-0.1949,-0.063907
14.8557,-0.119641,-0.3607,-0.064001
14.8569,-0.119641,-0.5249,-0.064095
14.8582,-0.076570,-0.6868,-0.064190
14.8594,-0.076570,-0.8457,-0.064285
14.8607,-0.076570,-1.0007,-0.064380
14.8619,-0.076570,-1.1513,-0.064473
14.8632,-0.076570,-1.2972,-0.064565
14.8644,-0.076570,-1.4365,-0.064656
14.8657,-0.076570,-1.5698,-0.064744
14.8669,-0.076570,-1.6961,-0.064830
14.8682,-0.119641,-1.8148,-0.064913
14.8694,-0.119641,-1.9255,-0.064993
14.8707,-0.119641,-2.0276,-0.065069
14.8719,-0.119641,-2.1206,-0.065141
14.8732,-0.119641,-2.2042,-0.065209
14.8744,-0.119641,-2.2780,-0.065272
14.8757,-0.119641,-2.3416,-0.065330
14.8769,-0.119641,-2.3948,-0.065384
14.8782,0.035892,-2.4374,-0.065432
14.8794,0.035892,-2.4690,-0.065474
14.8807,0.035892,-2.4897,-0.065511
14.8819,0.035892,-2.4993,-0.065541
14.8832,0.035892,-2.4977,-0.065566
14.8844,0.035892,-2.4850,-0.065585
14.8857,0.035892,-2.4613,-0.065597
14.8872,0.035892,-2.4163,-0.065603
14.8901,0.143569,-2.2904,-0.065589
14.8910,0.143569,-2.2370,-0.065577
14.8919,0.143569,-2.1792,-0.065562
14.8929,0.143569,-2.1162,-0.065544
14.8938,0.143569,-2.0481,-0.065523
14.8947,0.143569,-1.9751,-0.065498
14.8957,0.143569,-1.8954,-0.065469
14.8969,0.143569,-1.7825,-0.065426
14.8982,0.143569,-1.6616,-0.065377
14.8994,-0.110070,-1.5332,-0.065323
14.9007,-0.110070,-1.3981,-0.065264
14.9019,-0.110070,-1.2567,-0.065200
14.9032,-0.110070,-1.1098,-0.065132
14.9044,-0.110070,-0.9579,-0.065059
14.9057,-0.110070,-0.8017,-0.064982
14.9069,-0.110070,-0.6419,-0.064902
14.9082,-0.110070,-0.4793,-0.064819
14.9094,0.076570,-0.3146,-0.064733
14.9107,0.076570,-0.1484,-0.064644
14.9119,0.076570,0.0184,-0.064553
14.9132,0.076570,0.1851,-0.064461
14.9144,0.076570,0.3510,-0.064367
14.9157,0.076570,0.5154,-0.064273
14.9169,0.076570,0.6774,-0.064178
14.9182,0.076570,0.8364,-0.064083
14.9194,-0.021535,0.9919,-0.063989
14.9207,-0.021535,1.1426,-0.063895
14.9219,-0.021535,1.2884,-0.063803
14.9232,-0.021535,1.4284,-0.063712
14.9244,-0.021535,1.5621,-0.063624
14.9257,-0.021535,1.6889,-0.063538
14.9269,-0.021535,1.8081,-0.063455
14.9282,-0.021535,1.9192,-0.063375
14.9294,-0.110070,2.0217,-0.063299
14.9307,-0.110070,2.1154,-0.063226
14.9319,-0.110070,2.1997,-0.063158
14.9332,-0.110070,2.2740,-0.063094
14.9344,-0.110070,2.3382,-0.063036
14.9357,-0.110070,2.3920,-0.062982
14.9369,-0.110070,2.4352,-0.062934
14.9382,-0.110070,2.4677,-0.062891
14.9407,-0.153141,2.4993,-0.062821
14.9417,-0.153141,2.4991,-0.062802
14.9426,-0.153141,2.4927,-0.062787
14.9435,-0.153141,2.4803,-0.062775
14.9444,-0.153141,2.4619,-0.062766
14.9457,-0.153141,2.4289,-0.062760
14.9469,-0.153141,2.3840,-0.062760
14.9482,-0.153141,2.3285,-0.062767
14.9494,-0.234497,2.2626,-0.062779
14.9507,-0.234497,2.1866,-0.062798
14.9519,-0.234497,2.1009,-0.062823
14.9532,-0.234497,2.0058,-0.062855
14.9544,-0.234497,1.9018,-0.062892
14.9557,-0.234497,1.7894,-0.062934
14.9569,-0.234497,1.6689,-0.062983
14.9582,-0.234497,1.5410,-0.063036
14.9594,-0.234497,1.4061,-0.063095
14.9607,-0.019143,1.2653,-0.063159
14.9619,-0.019143,1.1186,-0.063227
14.9632,-0.019143,0.9669,-0.063299
14.9644,-0.019143,0.8109,-0.063376
14.9657,-0.019143,0.6514,-0.063456
14.9669,-0.019143,0.4890,-0.063539
14.9682,-0.019143,0.3243,-0.063625
14.9694,-0.019143,0.1582,-0.063713
14.9707,-0.129212,-0.0086,-0.063804
14.9719,-0.129212,-0.1753,-0.063896
14.9732,-0.129212,-0.3413,-0.063990
14.9744,-0.129212,-0.5057,-0.064084
14.9757,-0.129212,-0.6678,-0.064179
14.9769,-0.129212,-0.8271,-0.064274
14.9782,-0.129212,-0.9827,-0.064368
14.9794,-0.129212,-1.1339,-0.064462
14.9807,-0.112463,-1.2800,-0.064555
14.9819,-0.112463,-1.4204,-0.064645
14.9832,-0.112463,-1.5545,-0.064734
14.9844,-0.112463,-1.6817,-0.064820
14.9857,-0.112463,-1.8013,-0.064903
14.9869,-0.112463,-1.9129,-0.064983
14.9882,-0.112463,-2.0160,-0.065060
14.9895,-0.112463,-2.1180,-0.065139
14.9918,-0.021535,-2.2616,-0.065258
14.9927,-0.021535,-2.3128,-0.065303
14.9936,-0.021535,-2.3568,-0.065345
14.9946,-0.021535,-2.3950,-0.065384
14.9957,-0.021535,-2.4329,-0.065426
14.9969,-0.021535,-2.4659,-0.065469
14.9982,-0.021535,-2.4878,-0.065507
14.9994,-0.021535,-2.4987,-0.065538
15.0007,0.210568,-2.4985,-0.065563
15.0019,0.210568,-2.4871,-0.065583
15.0032,0.210568,-2.4647,-0.065596
15.0044,0.210568,-2.4312,-0.065602
15.0057,0.210568,-2.3870,-0.065603
15.0069,0.210568,-2.3321,-0.065597
15.0082,0.210568,-2.2668,-0.065584
15.0094,0.210568,-2.1914,-0.065566
15.0107,-0.031107,-2.1062,-0.065541
15.0119,-0.031107,-2.0117,-0.065510
15.0132,-0.031107,-1.9082,-0.065474
15.0144,-0.031107,-1.7962,-0.065431
15.0157,-0.031107,-1.6762,-0.065383
15.0169,-0.031107,-1.5487,-0.065330
15.0182,-0.031107,-1.4144,-0.065271
15.0194,-0.031107,-1.2735,-0.065208
15.0207,-0.215354,-1.1273,-0.065140
15.0219,-0.215354,-0.9760,-0.065068
15.0232,-0.215354,-0.8203,-0.064992
15.0244,-0.215354,-0.6609,-0.064912
15.0257,-0.215354,-0.4986,-0.064829
15.0269,-0.215354,-0.3340,-0.064743
15.0282,-0.215354,-0.1681,-0.064655
15.0294,-0.215354,-0.0013,-0.064564
15.0307,0.059821,0.1656,-0.064472
15.0319,0.059821,0.3317,-0.064378
15.0332,0.059821,0.4962,-0.064284
15.0344,0.059821,0.6585,-0.064189
15.0357,0.059821,0.8179,-0.064094
15.0369,0.059821,0.9737,-0.064000
15.0382,0.059821,1.1251,-0.063906
15.0394,0.059821,1.2716,-0.063814
15.0407,0.059821,1.4141,-0.063722
15.0431,0.057428,1.6657,-0.063554
15.0440,0.057428,1.7571,-0.063491
15.0449,0.057428,1.8427,-0.063430
15.0459,0.057428,1.9238,-0.063371
15.0469,0.057428,2.0103,-0.063307
15.0482,0.057428,2.1049,-0.063234
15.0494,0.057428,2.1902,-0.063166
15.0507,0.057428,2.2657,-0.063102
15.0519,-0.165105,2.3312,-0.063042
15.0532,-0.165105,2.3862,-0.062988
15.0544,-0.165105,2.4306,-0.062939
15.0557,-0.165105,2.4642,-0.062896
15.0569,-0.165105,2.4869,-0.062858
15.0582,-0.165105,2.4984,-0.062826
15.0594,-0.165105,2.4988,-0.062801
15.0607,-0.165105,2.4881,-0.062781
15.0619,-0.009571,2.4663,-0.062768
15.0632,-0.009571,2.4335,-0.062761
15.0644,-0.009571,2.3899,-0.062760
15.0657,-0.009571,2.3356,-0.062766
15.0669,-0.009571,2.2709,-0.062778
15.0682,-0.009571,2.1961,-0.062796
15.0694,-0.009571,2.1115,-0.062820
15.0707,-0.009571,2.0175,-0.062851
15.0719,-0.413958,1.9145,-0.062887
15.0732,-0.413958,1.8030,-0.062929
15.0744,-0.413958,1.6835,-0.062977
15.0757,-0.413958,1.5564,-0.063030
15.0769,-0.413958,1.4225,-0.063088
15.0782,-0.413958,1.2821,-0.063151
15.0794,-0.413958,1.1361,-0.063219
15.0807,-0.413958,0.9852,-0.063291
15.0819,0.009571,0.8277,-0.063367
15.0832,0.009571,0.6705,-0.063446
15.0844,0.009571,0.5081,-0.063529
15.0857,0.009571,0.3437,-0.063615
15.0869,0.009571,0.1778,-0.063703
15.0882,0.009571,0.0100,-0.063794
15.0894,0.009571,-0.1579,-0.063887
15.0907,0.009571,-0.3223,-0.063979
15.0919,0.272782,-0.4868,-0.064073
15.0944,0.272782,-0.8045,-0.064260
15.0953,0.272782,-0.9233,-0.064332
15.0962,0.272782,-1.0368,-0.064402
15.0972,0.272782,-1.1476,-0.064471
15.0982,0.272782,-1.2631,-0.064544
15.0994,0.272782,-1.4043,-0.064635
15.1007,0.272782,-1.5390,-0.064723
15.1019,-0.516850,-1.6670,-0.064810
15.1032,-0.516850,-1.7876,-0.064894
15.1044,-0.516850,-1.9002,-0.064974
15.1057,-0.516850,-2.0043,-0.065051
15.1069,-0.516850,-2.0997,-0.065124
15.1082,-0.516850,-2.1854,-0.065193
15.1094,-0.516850,-2.2615,-0.065258
15.1107,-0.516850,-2.3276,-0.065317
15.1119,-0.110070,-2.3833,-0.065372
15.1132,-0.110070,-2.4283,-0.065421
15.1144,-0.110070,-2.4626,-0.065465
15.1157,-0.110070,-2.4858,-0.065503
15.1169,-0.110070,-2.4980,-0.065535
15.1182,-0.110070,-2.4991,-0.065561
15.1194,-0.110070,-2.4890,-0.065581
15.1207,-0.110070,-2.4679,-0.065594
15.1219,-0.110070,-2.4357,-0.065602
15.1232,-0.059821,-2.3927,-0.065603
15.1244,-0.059821,-2.3391,-0.065598
15.1257,-0.059821,-2.2750,-0.065586
15.1269,-0.059821,-2.2007,-0.065568
15.1282,-0.059821,-2.1167,-0.065544
15.1294,-0.059821,-2.0233,-0.065514
15.1307,-0.059821,-1.9207,-0.065478
15.1319,-0.059821,-1.8098,-0.065436
15.1332,0.346959,-1.6907,-0.065389
15.1344,0.346959,-1.5641,-0.065336
15.1357,0.346959,-1.4304,-0.065278
15.1369,0.346959,-1.2905,-0.065216
15.1382,0.346959,-1.1448,-0.065148
15.1394,0.346959,-0.9940,-0.065076
15.1407,0.346959,-0.8387,-0.065001
15.1419,0.346959,-0.6798,-0.064921
15.1432,-0.081356,-0.5172,-0.064839
15.1460,-0.081356,-0.1473,-0.064643
15.1469,-0.081356,-0.0208,-0.064575
15.1478,-0.081356,0.1024,-0.064507
15.1488,-0.081356,0.2259,-0.064438
15.1497,-0.081356,0.3485,-0.064369
15.1507,-0.081356,0.4769,-0.064295
15.1519,-0.081356,0.6395,-0.064200
15.1532,0.165105,0.7993,-0.064106
15.1544,0.165105,0.9555,-0.064011
15.1557,0.165105,1.1075,-0.063917
15.1569,0.165105,1.2546,-0.063825
15.1582,0.165105,1.3974,-0.063733
15.1594,0.165105,1.5323,-0.063644
15.1607,0.165105,1.6598,-0.063558
15.1619,0.165105,1.7807,-0.063474
15.1632,-0.339781,1.8938,-0.063393
15.1644,-0.339781,1.9985,-0.063316
15.1657,-0.339781,2.0942,-0.063243
15.1669,-0.339781,2.1806,-0.063174
15.1682,-0.339781,2.2573,-0.063109
15.1694,-0.339781,2.3240,-0.063049
15.1707,-0.339781,2.3803,-0.062994
15.1719,-0.339781,2.4260,-0.062945
15.1732,-0.009571,2.4608,-0.062901
15.1744,-0.009571,2.4848,-0.062862
15.1757,-0.009571,2.4976,-0.062830
15.1769,-0.009571,2.4993,-0.062803
15.1782,-0.009571,2.4899,-0.062783
15.1794,-0.009571,2.4694,-0.062769
15.1807,-0.009571,2.4379,-0.062761
15.1819,-0.009571,2.3955,-0.062760
15.1832,-0.291924,2.3425,-0.062765
15.1844,-0.291924,2.2790,-0.062776
15.1857,-0.291924,2.2055,-0.062793
15.1869,-0.291924,2.1220,-0.062817
15.1882,-0.291924,2.0290,-0.062847
15.1894,-0.291924,1.9270,-0.062882
15.1907,-0.291924,1.8165,-0.062924
15.1919,-0.291924,1.6979,-0.062971
15.1932,-0.074178,1.5717,-0.063023
15.1944,-0.074178,1.4382,-0.063081
15.1983,-0.074178,0.9901,-0.063288
15.1992,-0.074178,0.8685,-0.063347
15.2002,-0.074178,0.7516,-0.063405
15.2011,-0.074178,0.6333,-0.063465
15.2020,-0.074178,0.5136,-0.063526
15.2029,-0.074178,0.3925,-0.063589
15.2039,-0.047856,0.2707,-0.063653
15.2048,-0.047856,0.1479,-0.063719
15.2057,-0.047856,0.0226,-0.063787
15.2069,-0.047856,-0.1364,-0.063875
15.2082,-0.047856,-0.3024,-0.063968
15.2094,-0.047856,-0.4672,-0.064062
15.2107,-0.047856,-0.6300,-0.064157
15.2119,-0.047856,-0.7900,-0.064252
15.2132,-0.047856,-0.9464,-0.064346
15.2144,-0.047856,-1.0987,-0.064440
15.2157,-0.047856,-1.2460,-0.064533
15.2169,-0.047856,-1.3878,-0.064624
15.2182,-0.047856,-1.5235,-0.064713
15.2194,-0.047856,-1.6523,-0.064800
15.2207,-0.047856,-1.7738,-0.064884
15.2219,-0.047856,-1.8874,-0.064965
15.2232,-0.047856,-1.9925,-0.065042
15.2244,-0.212961,-2.0888,-0.065116
15.2257,-0.212961,-2.1758,-0.065185
15.2269,-0.212961,-2.2531,-0.065250
15.2282,-0.212961,-2.3203,-0.065310
15.2294,-0.212961,-2.3772,-0.065366
15.2307,-0.212961,-2.4237,-0.065416
15.2319,-0.212961,-2.4591,-0.065460
15.2332,-0.212961,-2.4837,-0.065498
15.2344,-0.004786,-2.4972,-0.065531
15.2357,-0.004786,-2.4995,-0.065558
15.2369,-0.004786,-2.4908,-0.065579
15.2382,-0.004786,-2.4709,-0.065593
15.2394,-0.004786,-2.4401,-0.065601
15.2407,-0.004786,-2.3983,-0.065603
15.2419,-0.004786,-2.3459,-0.065599
15.2432,-0.004786,-2.2830,-0.065588
15.2444,0.004786,-2.2100,-0.065571
15.2458,0.004786,-2.1147,-0.065544
15.2486,0.004786,-1.8921,-0.065468
15.2496,0.004786,-1.8070,-0.065435
15.2505,0.004786,-1.7196,-0.065401
15.2514,0.004786,-1.6279,-0.065363
15.2523,0.004786,-1.5327,-0.065323
15.2533,0.004786,-1.4337,-0.065280
15.2544,0.007178,-1.3072,-0.065223
15.2557,0.007178,-1.1622,-0.065156
15.2569,0.007178,-1.0120,-0.065085
15.2582,0.007178,-0.8572,-0.065010
15.2594,0.007178,-0.6987,-0.064931
15.2607,0.007178,-0.5370,-0.064849
15.2619,0.007178,-0.3729,-0.064763
15.2632,0.007178,-0.2072,-0.064676
15.2644,0.090927,-0.0405,-0.064586
15.2657,0.090927,0.1263,-0.064494
15.2669,0.090927,0.2926,-0.064400
15.2682,0.090927,0.4576,-0.064306
15.2694,0.090927,0.6205,-0.064212
15.2707,0.090927,0.7807,-0.064117
15.2719,0.090927,0.9374,-0.064022
15.2732,0.090927,1.0899,-0.063928
15.2744,0.090927,1.2375,-0.063835
15.2757,0.090927,1.3797,-0.063744
15.2769,0.090927,1.5157,-0.063655
15.2782,0.090927,1.6449,-0.063568
15.2794,0.090927,1.7670,-0.063484
15.2807,0.090927,1.8809,-0.063403
15.2819,0.090927,1.9866,-0.063325
15.2832,0.090927,2.0834,-0.063251
15.2844,0.090927,2.1709,-0.063182
15.2857,-0.234497,2.2488,-0.063116
15.2869,-0.234497,2.3166,-0.063056
15.2882,-0.234497,2.3742,-0.063000
15.2894,-0.234497,2.4212,-0.062950
15.2907,-0.234497,2.4573,-0.062905
15.2919,-0.234497,2.4825,-0.062866
15.2932,-0.234497,2.4967,-0.062833
15.2944,-0.234497,2.4997,-0.062806
15.2957,-0.033500,2.4916,-0.062785
15.2970,-0.033500,2.4701,-0.062769
15.2993,-0.033500,2.4040,-0.062760
15.3003,-0.033500,2.3664,-0.062762
15.3012,-0.033500,2.3238,-0.062767
15.3021,-0.033500,2.2756,-0.062777
15.3032,-0.033500,2.2145,-0.062791
15.3044,-0.033500,2.1322,-0.062814
15.3057,-0.306281,2.0404,-0.062843
15.3069,-0.306281,1.9395,-0.062878
15.3082,-0.306281,1.8300,-0.062919
15.3094,-0.306281,1.7123,-0.062965
15.3107,-0.306281,1.5870,-0.063017
15.3119,-0.306281,1.4545,-0.063074
15.3132,-0.306281,1.3157,-0.063136
15.3144,-0.306281,1.1709,-0.063202
15.3157,-0.294317,1.0210,-0.063273
15.3169,-0.294317,0.8665,-0.063348
15.3182,-0.294317,0.7081,-0.063427
15.3194,-0.294317,0.5464,-0.063509
15.3207,-0.294317,0.3826,-0.063594
15.3219,-0.294317,0.2170,-0.063682
15.3232,-0.294317,0.0504,-0.063772
15.3244,-0.294317,-0.1165,-0.063864
15.3257,0.344566,-0.2829,-0.063957
15.3269,0.344566,-0.4479,-0.064051
15.3282,0.344566,-0.6110,-0.064146
15.3294,0.344566,-0.7713,-0.064241
15.3307,0.344566,-0.9284,-0.064335
15.3319,0.344566,-1.0813,-0.064429
15.3332,0.344566,-1.2290,-0.064522
15.3344,0.344566,-1.3715,-0.064613
15.3357,-0.275175,-1.5078,-0.064703
15.3369,-0.275175,-1.6375,-0.064790
15.3382,-0.275175,-1.7600,-0.064874
15.3394,-0.275175,-1.8745,-0.064956
15.3407,-0.275175,-1.9806,-0.065033
15.3419,-0.275175,-2.0780,-0.065107
15.3432,-0.275175,-2.1661,-0.065177
15.3444,-0.275175,-2.2445,-0.065243
15.3457,-0.165105,-2.3130,-0.065304
15.3469,-0.165105,-2.3711,-0.065359
15.3482,-0.165105,-2.4187,-0.065410
15.3506,-0.165105,-2.4799,-0.065492
15.3515,-0.165105,-2.4926,-0.065518
15.3524,-0.165105,-2.4990,-0.065540
15.3533,-0.165105,-2.4994,-0.065559
15.3544,-0.165105,-2.4924,-0.065577
15.3557,-0.133998,-2.4738,-0.065592
15.3569,-0.133998,-2.4443,-0.065601
15.3582,-0.133998,-2.4038,-0.065603
15.3594,-0.133998,-2.3526,-0.065600
15.3607,-0.133998,-2.2910,-0.065589
15.3619,-0.133998,-2.2191,-0.065573
15.3632,-0.133998,-2.1374,-0.065551
15.3644,-0.133998,-2.0461,-0.065522
15.3657,-0.133998,-1.9457,-0.065487
15.3669,0.105284,-1.8367,-0.065447
15.3682,0.105284,-1.7194,-0.065401
15.3694,0.105284,-1.5945,-0.065349
15.3707,0.105284,-1.4625,-0.065292
15.3719,0.105284,-1.3240,-0.065231
15.3732,0.105284,-1.1796,-0.065164
15.3744,0.105284,-1.0299,-0.065094
15.3757,0.105284,-0.8757,-0.065019
15.3769,0.282353,-0.7175,-0.064940
15.3782,0.282353,-0.5562,-0.064859
15.3794,0.282353,-0.3922,-0.064774
15.3807,0.282353,-0.2267,-0.064686
15.3819,0.282353,-0.0601,-0.064596
15.3832,0.282353,0.1067,-0.064505
15.3844,0.282353,0.2731,-0.064412
15.3857,0.282353,0.4382,-0.064317
15.3869,-0.272782,0.6015,-0.064223
15.3882,-0.272782,0.7620,-0.064128
15.3894,-0.272782,0.9192,-0.064033
15.3907,-0.272782,1.0722,-0.063939
15.3919,-0.272782,1.2205,-0.063846
15.3932,-0.272782,1.3633,-0.063755
15.3944,-0.272782,1.5001,-0.063665
15.3957,-0.272782,1.6302,-0.063578
15.3969,-0.009571,1.7530,-0.063493
15.3982,-0.009571,1.8679,-0.063412
15.3994,-0.009571,1.9747,-0.063334
15.4017,-0.009571,2.1508,-0.063198
15.4027,-0.009571,2.2119,-0.063148
15.4036,-0.009571,2.2667,-0.063101
15.4045,-0.009571,2.3158,-0.063057
15.4057,-0.009571,2.3680,-0.063007
15.4069,-0.038285,2.4162,-0.062956
15.4082,-0.038285,2.4536,-0.062910
15.4094,-0.038285,2.4801,-0.062871
15.4107,-0.038285,2.4956,-0.062837
15.4119,-0.038285,2.4999,-0.062809
15.4132,-0.038285,2.4931,-0.062787
15.4144,-0.038285,2.4752,-0.062772
15.4157,-0.038285,2.4463,-0.062762
15.4169,-0.119641,2.4065,-0.062760
15.4182,-0.119641,2.3559,-0.062763
15.4194,-0.119641,2.2948,-0.062773
15.4207,-0.119641,2.2236,-0.062789
15.4219,-0.119641,2.1424,-0.062811
15.4232,-0.119641,2.0517,-0.062839
15.4244,-0.119641,1.9519,-0.062873
15.4257,-0.119641,1.8433,-0.062913
15.4269,-0.138784,1.7265,-0.062959
15.4282,-0.138784,1.6021,-0.063010
15.4294,-0.138784,1.4705,-0.063067
15.4307,-0.138784,1.3323,-0.063128
15.4319,-0.138784,1.1881,-0.063194
15.4332,-0.138784,1.0388,-0.063265
15.4344,-0.138784,0.8849,-0.063339
15.4357,-0.138784,0.7269,-0.063418
15.4369,-0.138784,0.5658,-0.063499
15.4382,-0.215354,0.4021,-0.063584
15.4394,-0.215354,0.2365,-0.063672
15.4407,-0.215354,0.0700,-0.063761
15.4419,-0.215354,-0.0969,-0.063853
15.4432,-0.215354,-0.2633,-0.063946
15.4444,-0.215354,-0.4287,-0.064040
15.4457,-0.215354,-0.5920,-0.064135
15.4469,-0.215354,-0.7527,-0.064229
15.4482,-0.208176,-0.9100,-0.064324
15.4494,-0.208176,-1.0633,-0.064418
15.4507,-0.208176,-1.2119,-0.064511
15.4532,-0.208176,-1.4931,-0.064693
15.4541,-0.208176,-1.5922,-0.064759
15.4550,-0.208176,-1.6852,-0.064822
15.4560,-0.208176,-1.7742,-0.064884
15.4569,-0.208176,-1.8614,-0.064946
15.4582,0.052642,-1.9686,-0.065024
15.4594,0.052642,-2.0671,-0.065099
15.4607,0.052642,-2.1562,-0.065169
15.4619,0.052642,-2.2358,-0.065235
15.4632,0.052642,-2.3054,-0.065297
15.4644,0.052642,-2.3648,-0.065353
15.4657,0.052642,-2.4136,-0.065404
15.4669,0.052642,-2.4517,-0.065450
15.4682,0.043071,-2.4789,-0.065490
15.4694,0.043071,-2.4950,-0.065524
15.4707,0.043071,-2.5000,-0.065552
15.4719,0.043071,-2.4938,-0.065574
15.4732,0.043071,-2.4766,-0.065590
15.4744,0.043071,-2.4483,-0.065600
15.4757,0.043071,-2.4091,-0.065603
15.4769,0.043071,-2.3592,-0.065600
15.4782,-0.102891,-2.2988,-0.065591
15.4794,-0.102891,-2.2280,-0.065575
15.4807,-0.102891,-2.1475,-0.065553
15.4819,-0.102891,-2.0573,-0.065526
15.4832,-0.102891,-1.9580,-0.065492
15.4844,-0.102891,-1.8499,-0.065452
15.4857,-0.102891,-1.7336,-0.065406
15.4869,-0.102891,-1.6096,-0.065356
15.4882,0.234497,-1.4784,-0.065299
15.4894,0.234497,-1.3407,-0.065238
15.4907,0.234497,-1.1969,-0.065173
15.4919,0.234497,-1.0478,-0.065102
15.4932,0.234497,-0.8940,-0.065028
15.4944,0.234497,-0.7363,-0.064950
15.4957,0.234497,-0.5752,-0.064868
15.4969,0.234497,-0.4117,-0.064784
15.4982,-0.318245,-0.2462,-0.064696
15.4994,-0.318245,-0.0798,-0.064607
15.5007,-0.318245,0.0871,-0.064515
15.5045,-0.318245,0.5977,-0.064225
15.5055,-0.318245,0.7232,-0.064151
15.5064,-0.318245,0.8404,-0.064081
15.5073,-0.318245,0.9556,-0.064011
15.5083,-0.050249,1.0678,-0.063942
15.5092,-0.050249,1.1779,-0.063873
15.5101,-0.050249,1.2850,-0.063805
15.5110,-0.050249,1.3889,-0.063738
15.5120,-0.050249,1.4896,-0.063672
15.5132,-0.050249,1.6153,-0.063588
15.5144,-0.050249,1.7389,-0.063503
15.5157,-0.050249,1.8548,-0.063421
15.5169,-0.050249,1.9625,-0.063343
15.5182,-0.050249,2.0614,-0.063268
15.5194,0.021535,2.1513,-0.063197
15.5207,0.021535,2.2314,-0.063131
15.5219,0.021535,2.3016,-0.063070
15.5232,0.021535,2.3616,-0.063013
15.5244,0.021535,2.4111,-0.062962
15.5257,0.021535,2.4498,-0.062916
15.5269,0.021535,2.4776,-0.062875
15.5282,0.021535,2.4943,-0.062841
15.5294,-0.016750,2.5000,-0.062812
15.5307,-0.016750,2.4945,-0.062789
15.5319,-0.016750,2.4779,-0.062773
15.5332,-0.016750,2.4503,-0.062763
15.5344,-0.016750,2.4117,-0.062760
15.5357,-0.016750,2.3624,-0.062762
15.5369,-0.016750,2.3026,-0.062771
15.5382,-0.016750,2.2325,-0.062786
15.5394,-0.076570,2.1525,-0.062808
15.5407,-0.076570,2.0629,-0.062835
15.5419,-0.076570,1.9641,-0.062869
15.5432,-0.076570,1.8565,-0.062908
15.5444,-0.076570,1.7407,-0.062954
15.5457,-0.076570,1.6170,-0.063004
15.5469,-0.076570,1.4863,-0.063060
15.5482,-0.076570,1.3489,-0.063121
15.5494,-0.148355,1.2055,-0.063186
15.5507,-0.148355,1.0567,-0.063256
15.5519,-0.148355,0.9032,-0.063330
15.5532,-0.148355,0.7455,-0.063408
15.5560,-0.148355,0.3752,-0.063598
15.5569,-0.148355,0.2503,-0.063664
15.5579,-0.148355,0.1274,-0.063730
15.5588,-0.148355,0.0043,-0.063797
15.5597,-0.220140,-0.1188,-0.063865
15.5607,-0.220140,-0.2439,-0.063935
15.5619,-0.220140,-0.4092,-0.064029
15.5632,-0.220140,-0.5728,-0.064123
15.5644,-0.220140,-0.7339,-0.064218
15.5657,-0.220140,-0.8917,-0.064313
15.5669,-0.220140,-1.0455,-0.064407
15.5682,-0.220140,-1.1946,-0.064500
15.5694,-0.133998,-1.3385,-0.064592
15.5707,-0.133998,-1.4764,-0.064682
15.5719,-0.133998,-1.6077,-0.064770
15.5732,-0.133998,-1.7318,-0.064855
15.5744,-0.133998,-1.8482,-0.064937
15.5757,-0.133998,-1.9564,-0.065015
15.5769,-0.133998,-2.0559,-0.065090
15.5782,-0.133998,-2.1462,-0.065161
15.5794,-0.088534,-2.2269,-0.065228
15.5807,-0.088534,-2.2978,-0.065290
15.5819,-0.088534,-2.3584,-0.065347
15.5832,-0.088534,-2.4084,-0.065398
15.5844,-0.088534,-2.4478,-0.065445
15.5857,-0.088534,-2.4763,-0.065485
15.5869,-0.088534,-2.4937,-0.065520
15.5882,-0.088534,-2.5000,-0.065549
15.5894,-0.040678,-2.4951,-0.065572
15.5907,-0.040678,-2.4792,-0.065589
15.5919,-0.040678,-2.4522,-0.065599
15.5932,-0.040678,-2.4143,-0.065603
15.5944,-0.040678,-2.3657,-0.065601
15.5957,-0.040678,-2.3064,-0.065592
15.5969,-0.040678,-2.2369,-0.065577
15.5982,-0.040678,-2.1575,-0.065556
15.5994,-0.040678,-2.0684,-0.065529
15.6007,0.114855,-1.9701,-0.065496
15.6019,0.114855,-1.8631,-0.065457
15.6032,0.114855,-1.7477,-0.065412
15.6044,0.114855,-1.6246,-0.065362
15.6057,0.114855,-1.4942,-0.065306
15.6069,0.114855,-1.3572,-0.065246
15.6086,0.114855,-1.1611,-0.065156
15.6124,0.157926,-0.6902,-0.064927
15.6134,0.157926,-0.5634,-0.064862
15.6143,0.157926,-0.4424,-0.064800
15.6152,0.157926,-0.3202,-0.064736
15.6162,0.157926,-0.1979,-0.064671
15.6171,0.157926,-0.0752,-0.064604
15.6180,0.157926,0.0478,-0.064537
15.6189,0.157926,0.1706,-0.064469
15.6198,-0.224925,0.2933,-0.064400
15.6208,-0.224925,0.4151,-0.064331
15.6219,-0.224925,0.5635,-0.064245
15.6232,-0.224925,0.7245,-0.064150
15.6244,-0.224925,0.8825,-0.064055
15.6257,-0.224925,1.0366,-0.063961
15.6269,-0.224925,1.1860,-0.063868
15.6282,-0.224925,1.3302,-0.063776
15.6294,-0.224925,1.4684,-0.063686
15.6307,-0.057428,1.6002,-0.063598
15.6319,-0.057428,1.7248,-0.063513
15.6332,-0.057428,1.8416,-0.063431
15.6344,-0.057428,1.9503,-0.063352
15.6357,-0.057428,2.0503,-0.063277
15.6369,-0.057428,2.1411,-0.063206
15.6382,-0.057428,2.2225,-0.063139
15.6394,-0.057428,2.2940,-0.063077
15.6407,0.059821,2.3551,-0.063019
15.6419,0.059821,2.4058,-0.062967
15.6432,0.059821,2.4458,-0.062921
15.6444,0.059821,2.4749,-0.062880
15.6457,0.059821,2.4930,-0.062844
15.6469,0.059821,2.4999,-0.062815
15.6482,0.059821,2.4957,-0.062792
15.6494,0.059821,2.4804,-0.062775
15.6507,-0.069392,2.4541,-0.062764
15.6519,-0.069392,2.4168,-0.062760
15.6532,-0.069392,2.3688,-0.062762
15.6544,-0.069392,2.3102,-0.062770
15.6557,-0.069392,2.2413,-0.062784
15.6569,-0.069392,2.1624,-0.062805
15.6582,-0.069392,2.0733,-0.062832
15.6597,-0.069392,1.9526,-0.062873
15.6625,-0.059821,1.6980,-0.062971
15.6634,-0.059821,1.6023,-0.063010
15.6644,-0.059821,1.5056,-0.063052
15.6653,-0.059821,1.4053,-0.063096
15.6662,-0.059821,1.3018,-0.063142
15.6671,-0.059821,1.1951,-0.063191
15.6682,-0.059821,1.0743,-0.063248
15.6694,-0.059821,0.9215,-0.063321
15.6707,-0.325424,0.7644,-0.063399
15.6719,-0.325424,0.6039,-0.063480
15.6732,-0.325424,0.4407,-0.063564
15.6744,-0.325424,0.2756,-0.063651
15.6757,-0.325424,0.1087,-0.063740
15.6769,-0.325424,-0.0577,-0.063831
15.6782,-0.325424,-0.2243,-0.063924
15.6794,-0.325424,-0.3901,-0.064018
15.6807,-0.325424,-0.5537,-0.064112
15.6819,-0.081356,-0.7151,-0.064207
15.6832,-0.081356,-0.8733,-0.064302
15.6844,-0.081356,-1.0277,-0.064396
15.6857,-0.081356,-1.1774,-0.064489
15.6869,-0.081356,-1.3219,-0.064581
15.6882,-0.081356,-1.4605,-0.064671
15.6894,-0.081356,-1.5926,-0.064759
15.6907,-0.081356,-1.7176,-0.064845
15.6919,-0.227318,-1.8350,-0.064927
15.6932,-0.227318,-1.9441,-0.065006
15.6944,-0.227318,-2.0446,-0.065082
15.6957,-0.227318,-2.1361,-0.065153
15.6969,-0.227318,-2.2180,-0.065220
15.6982,-0.227318,-2.2900,-0.065283
15.6994,-0.227318,-2.3518,-0.065340
15.7007,-0.227318,-2.4031,-0.065393
15.7019,0.002393,-2.4437,-0.065440
15.7032,0.002393,-2.4735,-0.065481
15.7044,0.002393,-2.4922,-0.065517
15.7057,0.002393,-2.4998,-0.065546
15.7069,0.002393,-2.4963,-0.065570
15.7082,0.002393,-2.4816,-0.065587
15.7094,0.002393,-2.4559,-0.065598
15.7110,0.002393,-2.4054,-0.065603
15.7135,-0.016750,-2.2949,-0.065590
15.7145,-0.016750,-2.2419,-0.065579
15.7154,-0.016750,-2.1846,-0.065564
15.7163,-0.016750,-2.1219,-0.065546
15.7172,-0.016750,-2.0541,-0.065525
15.7182,-0.016750,-1.9816,-0.065500
15.7194,-0.016750,-1.8761,-0.065462
15.7207,-0.016750,-1.7617,-0.065418
15.7219,0.306281,-1.6395,-0.065368
15.7232,0.306281,-1.5099,-0.065313
15.7244,0.306281,-1.3736,-0.065253
15.7257,0.306281,-1.2312,-0.065188
15.7269,0.306281,-1.0833,-0.065119
15.7282,0.306281,-0.9306,-0.065046
15.7294,0.306281,-0.7738,-0.064969
15.7307,0.306281,-0.6131,-0.064888
15.7319,-0.155533,-0.4502,-0.064804
15.7332,-0.155533,-0.2849,-0.064717
15.7344,-0.155533,-0.1191,-0.064628
15.7357,-0.155533,0.0479,-0.064537
15.7369,-0.155533,0.2143,-0.064445
15.7382,-0.155533,0.3800,-0.064351
15.7394,-0.155533,0.5440,-0.064256
15.7407,-0.155533,0.7055,-0.064161
15.7419,-0.126820,0.8640,-0.064067
15.7432,-0.126820,1.0185,-0.063972
15.7444,-0.126820,1.1686,-0.063879
15.7457,-0.126820,1.3134,-0.063787
15.7469,-0.126820,1.4524,-0.063697
15.7482,-0.126820,1.5849,-0.063609
15.7494,-0.126820,1.7103,-0.063523
15.7507,-0.126820,1.8282,-0.063440
15.7519,-0.052642,1.9379,-0.063361
15.7532,-0.052642,2.0389,-0.063285
15.7544,-0.052642,2.1309,-0.063214
15.7557,-0.052642,2.2135,-0.063146
15.7569,-0.052642,2.2860,-0.063084
15.7582,-0.052642,2.3484,-0.063026
15.7594,-0.052642,2.4004,-0.062973
15.7607,-0.052642,2.4416,-0.062926
15.7621,-0.004786,2.4760,-0.062878
15.7647,-0.004786,2.5000,-0.062812
15.7656,-0.004786,2.4969,-0.062794
15.7666,-0.004786,2.4877,-0.062781
15.7675,-0.004786,2.4724,-0.062770
15.7684,-0.004786,2.4511,-0.062763
15.7694,-0.004786,2.4217,-0.062760
15.7707,-0.004786,2.3750,-0.062761
15.7719,-0.004786,2.3176,-0.062768
15.7732,-0.069392,2.2499,-0.062782
15.7744,-0.069392,2.1722,-0.062802
15.7757,-0.069392,2.0848,-0.062828
15.7769,-0.069392,1.9881,-0.062861
15.7782,-0.069392,1.8826,-0.062899
15.7794,-0.069392,1.7686,-0.062943
15.7807,-0.069392,1.6469,-0.062992
15.7819,-0.069392,1.5177,-0.063046
15.7832,-0.035892,1.3818,-0.063106
15.7844,-0.035892,1.2397,-0.063171
15.7857,-0.035892,1.0922,-0.063239
15.7869,-0.035892,0.9397,-0.063313
15.7882,-0.035892,0.7831,-0.063390
15.7894,-0.035892,0.6229,-0.063470
15.7907,-0.035892,0.4600,-0.063554
15.7919,-0.035892,0.2951,-0.063640
15.7932,-0.200997,0.1288,-0.063729
15.7944,-0.200997,-0.0380,-0.063820
15.7957,-0.200997,-0.2047,-0.063913
15.7969,-0.200997,-0.3704,-0.064007
15.7982,-0.200997,-0.5345,-0.064101
15.7994,-0.200997,-0.6964,-0.064196
15.8007,-0.200997,-0.8552,-0.064291
15.8019,-0.200997,-1.0099,-0.064385
15.8032,-0.165105,-1.1600,-0.064478
15.8044,-0.165105,-1.3052,-0.064571
15.8057,-0.165105,-1.4445,-0.064661
15.8069,-0.165105,-1.5775,-0.064749
15.8082,-0.165105,-1.7033,-0.064835
15.8094,-0.165105,-1.8216,-0.064918
15.8107,-0.165105,-1.9317,-0.064997
15.8119,-0.165105,-2.0332,-0.065073
15.8133,-0.227318,-2.1329,-0.065151
15.8160,-0.227318,-2.3006,-0.065292
15.8169,-0.227318,-2.3472,-0.065336
15.8179,-0.227318,-2.3868,-0.065375
15.8188,-0.227318,-2.4205,-0.065412
15.8197,-0.227318,-2.4484,-0.065446
15.8207,-0.227318,-2.4706,-0.065476
15.8219,-0.227318,-2.4906,-0.065513
15.8232,-0.004786,-2.4995,-0.065543
15.8244,-0.004786,-2.4973,-0.065567
15.8257,-0.004786,-2.4839,-0.065585
15.8269,-0.004786,-2.4595,-0.065597
15.8282,-0.004786,-2.4242,-0.065603
15.8294,-0.004786,-2.3781,-0.065602
15.8307,-0.004786,-2.3213,-0.065595
15.8319,-0.004786,-2.2540,-0.065582
15.8332,-0.100499,-2.1770,-0.065562
15.8344,-0.100499,-2.0902,-0.065536
15.8357,-0.100499,-1.9941,-0.065504
15.8369,-0.100499,-1.8890,-0.065467
15.8382,-0.100499,-1.7756,-0.065423
15.8394,-0.100499,-1.6540,-0.065374
15.8407,-0.100499,-1.5255,-0.065320
15.8419,-0.100499,-1.3900,-0.065260
15.8432,-0.100499,-1.2483,-0.065196
15.8444,0.153141,-1.1010,-0.065128
15.8457,0.153141,-0.9488,-0.065055
15.8469,0.153141,-0.7924,-0.064978
15.8482,0.153141,-0.6324,-0.064897
15.8494,0.153141,-0.4697,-0.064814
15.8507,0.153141,-0.3048,-0.064728
15.8519,0.153141,-0.1387,-0.064639
15.8532,0.153141,0.0282,-0.064548
15.8544,-0.004786,0.1949,-0.064455
15.8557,-0.004786,0.3608,-0.064362
15.8569,-0.004786,0.5250,-0.064267
15.8582,-0.004786,0.6868,-0.064172
15.8594,-0.004786,0.8457,-0.064078
15.8607,-0.004786,1.0008,-0.063983
15.8619,-0.004786,1.1514,-0.063890
15.8632,-0.004786,1.2968,-0.063798
15.8644,-0.098106,1.4373,-0.063707
15.8674,-0.098106,1.7410,-0.063502
15.8683,-0.098106,1.8294,-0.063440
15.8692,-0.098106,1.9111,-0.063381
15.8702,-0.098106,1.9882,-0.063324
15.8711,-0.098106,2.0603,-0.063269
15.8720,-0.098106,2.1275,-0.063216
15.8732,-0.098106,2.2043,-0.063154
15.8744,-0.138784,2.2780,-0.063091
15.8757,-0.138784,2.3416,-0.063032
15.8769,-0.138784,2.3948,-0.062979
15.8782,-0.138784,2.4373,-0.062931
15.8794,-0.138784,2.4690,-0.062889
15.8807,-0.138784,2.4897,-0.062852
15.8819,-0.138784,2.4993,-0.062821
15.8832,-0.138784,2.4977,-0.062797
15.8844,0.093320,2.4850,-0.062778
15.8857,0.093320,2.4613,-0.062766
15.8869,0.093320,2.4266,-0.062760
15.8882,0.093320,2.3810,-0.062761
15.8894,0.093320,2.3249,-0.062767
15.8907,0.093320,2.2584,-0.062780
15.8919,0.093320,2.1819,-0.062800
15.8932,0.093320,2.0956,-0.062825
15.8944,0.011964,2.0000,-0.062857
15.8957,0.011964,1.8954,-0.062894
15.8969,0.011964,1.7825,-0.062937
15.8982,0.011964,1.6616,-0.062986
15.8994,0.011964,1.5333,-0.063040
15.9007,0.011964,1.3981,-0.063099
15.9019,0.011964,1.2568,-0.063163
15.9032,0.011964,1.1098,-0.063231
15.9044,-0.153141,0.9580,-0.063304
15.9057,-0.153141,0.8018,-0.063380
15.9069,-0.153141,0.6421,-0.063460
15.9082,-0.153141,0.4793,-0.063544
15.9094,-0.153141,0.3146,-0.063630
15.9107,-0.153141,0.1484,-0.063719
15.9119,-0.153141,-0.0184,-0.063809
15.9132,-0.153141,-0.1851,-0.063902
15.9144,-0.153141,-0.3510,-0.063995
15.9157,-0.093320,-0.5159,-0.064090
15.9187,-0.093320,-0.9017,-0.064319
15.9196,-0.093320,-1.0184,-0.064390
15.9205,-0.093320,-1.1298,-0.064460
15.9215,-0.093320,-1.2382,-0.064528
15.9224,-0.093320,-1.3436,-0.064595
15.9233,-0.093320,-1.4457,-0.064662
15.9244,-0.093320,-1.5622,-0.064739
15.9257,-0.378066,-1.6888,-0.064825
15.9269,-0.378066,-1.8080,-0.064908
15.9282,-0.378066,-1.9192,-0.064988
15.9294,-0.378066,-2.0222,-0.065065
15.9307,-0.378066,-2.1156,-0.065137
15.9319,-0.378066,-2.1996,-0.065205
15.9332,-0.378066,-2.2739,-0.065268
15.9344,-0.378066,-2.3382,-0.065327
15.9357,-0.095713,-2.3920,-0.065381
15.9369,-0.095713,-2.4351,-0.065429
15.9382,-0.095713,-2.4675,-0.065472
15.9394,-0.095713,-2.4888,-0.065509
15.9407,-0.095713,-2.4990,-0.065540
15.9419,-0.095713,-2.4981,-0.065565
15.9432,-0.095713,-2.4861,-0.065584
15.9444,-0.095713,-2.4630,-0.065596
15.9457,-0.062213,-2.4289,-0.065603
15.9469,-0.062213,-2.3840,-0.065602
15.9482,-0.062213,-2.3285,-0.065596
15.9494,-0.062213,-2.2626,-0.065583
15.9507,-0.062213,-2.1866,-0.065565
15.9519,-0.062213,-2.1009,-0.065539
15.9532,-0.062213,-2.0058,-0.065508
15.9544,-0.062213,-1.9018,-0.065471
15.9557,0.088534,-1.7895,-0.065429
15.9569,0.088534,-1.6690,-0.065380
15.9582,0.088534,-1.5411,-0.065327
15.9594,0.088534,-1.4062,-0.065268
15.9607,0.088534,-1.2652,-0.065204
15.9619,0.088534,-1.1184,-0.065136
15.9632,0.088534,-0.9669,-0.065063
15.9644,0.088534,-0.8109,-0.064987
15.9657,0.095713,-0.6514,-0.064907
15.9672,0.095713,-0.4468,-0.064802
15.9700,0.095713,-0.0788,-0.064606
15.9709,0.095713,0.0476,-0.064537
15.9719,0.095713,0.1708,-0.064469
15.9728,0.095713,0.2934,-0.064400
15.9737,0.095713,0.4152,-0.064331
15.9746,0.095713,0.5360,-0.064261
15.9757,0.066999,0.6680,-0.064184
15.9769,0.066999,0.8272,-0.064089
15.9782,0.066999,0.9827,-0.063994
15.9794,0.066999,1.1340,-0.063901
15.9807,0.066999,1.2800,-0.063808
15.9819,0.066999,1.4204,-0.063718
15.9832,0.066999,1.5544,-0.063629
15.9844,0.066999,1.6816,-0.063543
15.9857,-0.078963,1.8013,-0.063460
15.9869,-0.078963,1.9129,-0.063379
15.9882,-0.078963,2.0160,-0.063303
15.9894,-0.078963,2.1102,-0.063230
15.9907,-0.078963,2.1949,-0.063162
15.9919,-0.078963,2.2698,-0.063098
15.9932,-0.078963,2.3347,-0.063039
15.9944,-0.078963,2.3891,-0.062985
15.9957,-0.078963,2.4329,-0.062936
15.9969,-0.157926,2.4659,-0.062893
15.9982,-0.157926,2.4878,-0.062856
15.9994,-0.157926,2.4987,-0.062825
16.0007,-0.157926,2.4985,-0.062799
16.0019,-0.157926,2.4871,-0.062780
16.0032,-0.157926,2.4647,-0.062767
16.0044,-0.157926,2.4312,-0.062760
16.0057,-0.157926,2.3869,-0.062760
16.0069,-0.019143,2.3320,-0.062766
16.0082,-0.019143,2.2668,-0.062778
16.0094,-0.019143,2.1914,-0.062797
16.0107,-0.019143,2.1062,-0.062822
16.0119,-0.019143,2.0116,-0.062853
16.0132,-0.019143,1.9082,-0.062889
16.0144,-0.019143,1.7962,-0.062932
16.0157,-0.019143,1.6761,-0.062980
16.0169,-0.107677,1.5487,-0.063033
16.0184,-0.107677,1.3877,-0.063103
16.0207,-0.107677,1.1238,-0.063225
16.0216,-0.107677,1.0097,-0.063279
16.0226,-0.107677,0.8957,-0.063334
16.0235,-0.107677,0.7795,-0.063391
16.0244,-0.107677,0.6618,-0.063450
16.0257,-0.107677,0.4985,-0.063534
16.0269,-0.078963,0.3341,-0.063620
16.0282,-0.078963,0.1680,-0.063708
16.0294,-0.078963,0.0013,-0.063799
16.0307,-0.078963,-0.1657,-0.063891
16.0319,-0.078963,-0.3317,-0.063985
16.0332,-0.078963,-0.4961,-0.064079
16.0344,-0.078963,-0.6584,-0.064174
16.0357,-0.078963,-0.8179,-0.064269
16.0369,-0.212961,-0.9737,-0.064363
16.0382,-0.212961,-1.1251,-0.064457
16.0394,-0.212961,-1.2715,-0.064549
16.0407,-0.212961,-1.4123,-0.064640
16.0419,-0.212961,-1.5467,-0.064729
16.0432,-0.212961,-1.6743,-0.064815
16.0444,-0.212961,-1.7945,-0.064898
16.0457,-0.212961,-1.9066,-0.064979
16.0469,-0.007178,-2.0102,-0.065056
16.0482,-0.007178,-2.1049,-0.065128
16.0494,-0.007178,-2.1902,-0.065197
16.0507,-0.007178,-2.2657,-0.065261
16.0519,-0.007178,-2.3312,-0.065321
16.0532,-0.007178,-2.3862,-0.065375
16.0544,-0.007178,-2.4306,-0.065424
16.0557,-0.007178,-2.4642,-0.065467
16.0569,-0.404387,-2.4868,-0.065505
16.0582,-0.404387,-2.4984,-0.065536
16.0594,-0.404387,-2.4988,-0.065562
16.0607,-0.404387,-2.4881,-0.065582
16.0619,-0.404387,-2.4663,-0.065595
16.0632,-0.404387,-2.4335,-0.065602
16.0644,-0.404387,-2.3898,-0.065603
16.0657,-0.404387,-2.3354,-0.065597
16.0669,0.009571,-2.2709,-0.065585
16.0682,0.009571,-2.1961,-0.065567
16.0695,0.009571,-2.1078,-0.065542
16.0719,0.009571,-1.9162,-0.065477
16.0728,0.009571,-1.8332,-0.065445
16.0737,0.009571,-1.7471,-0.065412
16.0747,0.009571,-1.6569,-0.065375
16.0757,0.009571,-1.5564,-0.065333
16.0769,0.009571,-1.4224,-0.065275
16.0782,0.045464,-1.2822,-0.065212
16.0794,0.045464,-1.1360,-0.065144
16.0807,0.045464,-0.9850,-0.065072
16.0819,0.045464,-0.8296,-0.064996
16.0832,0.045464,-0.6704,-0.064917
16.0844,0.045464,-0.5082,-0.064834
16.0857,0.045464,-0.3438,-0.064748
16.0869,0.045464,-0.1778,-0.064660
16.0882,0.186640,-0.0102,-0.064569
16.0894,0.186640,0.1576,-0.064476
16.0907,0.186640,0.3224,-0.064384
16.0919,0.186640,0.4866,-0.064290
16.0932,0.186640,0.6490,-0.064195
16.0944,0.186640,0.8086,-0.064100
16.0957,0.186640,0.9646,-0.064005
16.0969,0.186640,1.1163,-0.063912
16.0982,0.196211,1.2631,-0.063819
16.0994,0.196211,1.4044,-0.063728
16.1007,0.196211,1.5390,-0.063639
16.1019,0.196211,1.6670,-0.063553
16.1032,0.196211,1.7876,-0.063469
16.1044,0.196211,1.9002,-0.063389
16.1057,0.196211,2.0043,-0.063312
16.1069,0.196211,2.0996,-0.063239
16.1082,-0.495314,2.1854,-0.063170
16.1094,-0.495314,2.2615,-0.063105
16.1107,-0.495314,2.3275,-0.063046
16.1119,-0.495314,2.3833,-0.062991
16.1132,-0.495314,2.4283,-0.062942
16.1144,-0.495314,2.4626,-0.062898
16.1157,-0.495314,2.4858,-0.062860
16.1169,-0.495314,2.4980,-0.062828
16.1182,-0.011964,2.4991,-0.062802
16.1194,-0.011964,2.4890,-0.062782
16.1207,-0.011964,2.4678,-0.062768
16.1241,-0.011964,2.3508,-0.062764
16.1251,-0.011964,2.3030,-0.062771
16.1261,-0.011964,2.2522,-0.062782
16.1270,-0.011964,2.1960,-0.062796
16.1279,0.100499,2.1345,-0.062813
16.1288,0.100499,2.0679,-0.062834
16.1297,0.100499,1.9963,-0.062858
16.1307,0.100499,1.9195,-0.062885
16.1319,0.100499,1.8096,-0.062926
16.1332,0.100499,1.6907,-0.062974
16.1344,0.100499,1.5641,-0.063027
16.1357,0.100499,1.4305,-0.063084
16.1369,0.100499,1.2905,-0.063147
16.1382,-0.105284,1.1448,-0.063215
16.1394,-0.105284,0.9940,-0.063286
16.1407,-0.105284,0.8388,-0.063362
16.1419,-0.105284,0.6798,-0.063441
16.1432,-0.105284,0.5178,-0.063524
16.1444,-0.105284,0.3535,-0.063610
16.1457,-0.105284,0.1876,-0.063698
16.1469,-0.105284,0.0209,-0.063788
16.1482,-0.043071,-0.1467,-0.063880
16.1494,-0.043071,-0.3121,-0.063973
16.1507,-0.043071,-0.4767,-0.064068
16.1519,-0.043071,-0.6394,-0.064162
16.1532,-0.043071,-0.7991,-0.064257
16.1544,-0.043071,-0.9554,-0.064352
16.1557,-0.043071,-1.1074,-0.064446
16.1569,-0.043071,-1.2544,-0.064538
16.1582,-0.043071,-1.3959,-0.064629
16.1594,-0.296710,-1.5325,-0.064719
16.1607,-0.296710,-1.6600,-0.064805
16.1619,-0.296710,-1.7807,-0.064889
16.1632,-0.296710,-1.8937,-0.064969
16.1644,-0.296710,-1.9984,-0.065047
16.1657,-0.296710,-2.0941,-0.065120
16.1669,-0.296710,-2.1806,-0.065189
16.1682,-0.296710,-2.2573,-0.065254
16.1694,-0.263210,-2.3239,-0.065314
16.1707,-0.263210,-2.3802,-0.065369
16.1719,-0.263210,-2.4261,-0.065418
16.1744,-0.263210,-2.4853,-0.065502
16.1754,-0.263210,-2.4958,-0.065527
16.1763,-0.263210,-2.4999,-0.065548
16.1773,-0.263210,-2.4978,-0.065566
16.1782,-0.263210,-2.4896,-0.065580
16.1794,-0.069392,-2.4694,-0.065594
16.1807,-0.069392,-2.4379,-0.065602
16.1819,-0.069392,-2.3955,-0.065603
16.1832,-0.069392,-2.3425,-0.065598
16.1844,-0.069392,-2.2790,-0.065587
16.1857,-0.069392,-2.2054,-0.065570
16.1869,-0.069392,-2.1219,-0.065546
16.1882,-0.069392,-2.0290,-0.065516
16.1894,0.114855,-1.9271,-0.065481
16.1907,0.114855,-1.8166,-0.065439
16.1919,0.114855,-1.6979,-0.065392
16.1932,0.114855,-1.5717,-0.065340
16.1944,0.114855,-1.4385,-0.065282
16.1957,0.114855,-1.2989,-0.065219
16.1969,0.114855,-1.1535,-0.065152
16.1982,0.114855,-1.0030,-0.065081
16.1994,0.021535,-0.8479,-0.065005
16.2007,0.021535,-0.6893,-0.064926
16.2019,0.021535,-0.5274,-0.064844
16.2032,0.021535,-0.3632,-0.064758
16.2044,0.021535,-0.1974,-0.064670
16.2057,0.021535,-0.0307,-0.064580
16.2069,0.021535,0.1364,-0.064488
16.2082,0.021535,0.3024,-0.064395
16.2094,0.299103,0.4672,-0.064301
16.2107,0.299103,0.6300,-0.064206
16.2119,0.299103,0.7900,-0.064111
16.2132,0.299103,0.9465,-0.064016
16.2144,0.299103,1.0987,-0.063923
16.2157,0.299103,1.2462,-0.063830
16.2169,0.299103,1.3879,-0.063739
16.2182,0.299103,1.5235,-0.063650
16.2194,-0.363709,1.6523,-0.063563
16.2207,-0.363709,1.7739,-0.063479
16.2219,-0.363709,1.8874,-0.063398
16.2232,-0.363709,1.9927,-0.063320
16.2260,-0.363709,2.1962,-0.063161
16.2269,-0.363709,2.2535,-0.063112
16.2278,-0.363709,2.3042,-0.063067
16.2288,-0.363709,2.3491,-0.063025
16.2297,-0.105284,2.3886,-0.062986
16.2307,-0.105284,2.4237,-0.062947
16.2319,-0.105284,2.4591,-0.062903
16.2332,-0.105284,2.4837,-0.062864
16.2344,-0.105284,2.4972,-0.062832
16.2357,-0.105284,2.4995,-0.062805
16.2369,-0.105284,2.4908,-0.062784
16.2382,-0.105284,2.4709,-0.062770
16.2394,-0.105284,2.4400,-0.062761
16.2407,-0.133998,2.3983,-0.062760
16.2419,-0.133998,2.3459,-0.062764
16.2432,-0.133998,2.2830,-0.062775
16.2444,-0.133998,2.2100,-0.062792
16.2457,-0.133998,2.1271,-0.062815
16.2469,-0.133998,2.0348,-0.062845
16.2482,-0.133998,1.9333,-0.062880
16.2494,-0.133998,1.8233,-0.062921
16.2507,0.110070,1.7051,-0.062968
16.2519,0.110070,1.5794,-0.063020
16.2532,0.110070,1.4466,-0.063077
16.2544,0.110070,1.3073,-0.063140
16.2557,0.110070,1.1623,-0.063206
16.2569,0.110070,1.0120,-0.063278
16.2582,0.110070,0.8573,-0.063353
16.2594,0.110070,0.6985,-0.063432
16.2607,-0.071785,0.5370,-0.063514
16.2619,-0.071785,0.3729,-0.063599
16.2632,-0.071785,0.2072,-0.063687
16.2644,-0.071785,0.0407,-0.063777
16.2657,-0.071785,-0.1263,-0.063869
16.2669,-0.071785,-0.2926,-0.063962
16.2682,-0.071785,-0.4577,-0.064057
16.2694,-0.071785,-0.6205,-0.064151
16.2707,-0.033500,-0.7807,-0.064246
16.2719,-0.033500,-0.9374,-0.064341
16.2732,-0.033500,-1.0899,-0.064435
16.2744,-0.033500,-1.2379,-0.064528
16.2774,-0.033500,-1.5633,-0.064740
16.2783,-0.033500,-1.6599,-0.064805
16.2792,-0.033500,-1.7500,-0.064867
16.2801,-0.033500,-1.8358,-0.064928
16.2811,-0.239282,-1.9171,-0.064986
16.2820,-0.239282,-1.9937,-0.065043
16.2832,-0.239282,-2.0835,-0.065112
16.2844,-0.239282,-2.1710,-0.065181
16.2857,-0.239282,-2.2488,-0.065247
16.2869,-0.239282,-2.3167,-0.065307
16.2882,-0.239282,-2.3742,-0.065362
16.2894,-0.239282,-2.4211,-0.065413
16.2907,-0.234497,-2.4573,-0.065457
16.2919,-0.234497,-2.4825,-0.065496
16.2932,-0.234497,-2.4967,-0.065530
16.2944,-0.234497,-2.4997,-0.065557
16.2957,-0.234497,-2.4916,-0.065578
16.2969,-0.234497,-2.4724,-0.065593
16.2982,-0.234497,-2.4422,-0.065601
16.2994,-0.234497,-2.4010,-0.065603
16.3007,-0.179462,-2.3493,-0.065599
16.3019,-0.179462,-2.2870,-0.065589
16.3032,-0.179462,-2.2146,-0.065572
16.3044,-0.179462,-2.1322,-0.065549
16.3057,-0.179462,-2.0404,-0.065520
16.3069,-0.179462,-1.9396,-0.065485
16.3082,-0.179462,-1.8300,-0.065444
16.3094,-0.179462,-1.7123,-0.065398
16.3107,0.014357,-1.5870,-0.065346
16.3119,0.014357,-1.4546,-0.065289
16.3132,0.014357,-1.3157,-0.065227
16.3144,0.014357,-1.1710,-0.065160
16.3157,0.014357,-1.0209,-0.065089
16.3169,0.014357,-0.8665,-0.065014
16.3182,0.014357,-0.7081,-0.064936
16.3194,0.014357,-0.5466,-0.064854
16.3207,0.014357,-0.3827,-0.064769
16.3219,0.052642,-0.2170,-0.064681
16.3232,0.052642,-0.0503,-0.064591
16.3244,0.052642,0.1166,-0.064499
16.3257,0.052642,0.2834,-0.064406
16.3269,0.052642,0.4497,-0.064311
16.3282,0.052642,0.6116,-0.064217
16.3294,0.052642,0.7722,-0.064122
16.3307,0.052642,0.9288,-0.064027
16.3319,0.287139,1.0816,-0.063933
16.3356,0.287139,1.5056,-0.063662
16.3367,0.287139,1.6181,-0.063586
16.3377,0.287139,1.7136,-0.063521
16.3386,0.287139,1.8012,-0.063460
16.3395,0.287139,1.8849,-0.063400
16.3404,0.287139,1.9639,-0.063342
16.3414,-0.172283,2.0377,-0.063286
16.3423,-0.172283,2.1066,-0.063233
16.3432,-0.172283,2.1704,-0.063182
16.3444,-0.172283,2.2447,-0.063120
16.3457,-0.172283,2.3130,-0.063059
16.3469,-0.172283,2.3711,-0.063004
16.3482,-0.172283,2.4187,-0.062953
16.3494,-0.172283,2.4555,-0.062908
16.3507,-0.172283,2.4813,-0.062869
16.3519,-0.296710,2.4961,-0.062835
16.3532,-0.296710,2.4998,-0.062808
16.3544,-0.296710,2.4924,-0.062786
16.3557,-0.296710,2.4738,-0.062771
16.3569,-0.296710,2.4443,-0.062762
16.3582,-0.296710,2.4038,-0.062760
16.3594,-0.296710,2.3527,-0.062763
16.3607,-0.296710,2.2910,-0.062773
16.3619,0.045464,2.2191,-0.062790
16.3632,0.045464,2.1374,-0.062812
16.3644,0.045464,2.0461,-0.062841
16.3657,0.045464,1.9457,-0.062876
16.3669,0.045464,1.8367,-0.062916
16.3682,0.045464,1.7194,-0.062962
16.3694,0.045464,1.5945,-0.063014
16.3707,0.045464,1.4626,-0.063070
16.3719,0.023928,1.3241,-0.063132
16.3732,0.023928,1.1796,-0.063198
16.3744,0.023928,1.0297,-0.063269
16.3757,0.023928,0.8757,-0.063344
16.3769,0.023928,0.7175,-0.063422
16.3782,0.023928,0.5562,-0.063504
16.3794,0.023928,0.3923,-0.063589
16.3807,0.023928,0.2267,-0.063677
16.3819,0.026321,0.0601,-0.063767
16.3832,0.026321,-0.1067,-0.063858
16.3845,0.026321,-0.2910,-0.063961
16.3873,0.026321,-0.6564,-0.064172
16.3883,0.026321,-0.7777,-0.064244
16.3892,0.026321,-0.8938,-0.064314
16.3901,0.026321,-1.0077,-0.064384
16.3910,0.026321,-1.1190,-0.064453
16.3920,-0.253639,-1.2279,-0.064521
16.3932,-0.253639,-1.3633,-0.064608
16.3944,-0.253639,-1.5000,-0.064698
16.3957,-0.253639,-1.6301,-0.064785
16.3969,-0.253639,-1.7529,-0.064869
16.3982,-0.253639,-1.8679,-0.064951
16.3994,-0.253639,-1.9747,-0.065029
16.4007,-0.253639,-2.0725,-0.065103
16.4019,-0.253639,-2.1612,-0.065173
16.4032,-0.433101,-2.2402,-0.065239
16.4044,-0.433101,-2.3092,-0.065300
16.4057,-0.433101,-2.3680,-0.065356
16.4069,-0.433101,-2.4162,-0.065407
16.4082,-0.433101,-2.4536,-0.065452
16.4094,-0.433101,-2.4801,-0.065492
16.4107,-0.433101,-2.4956,-0.065526
16.4119,-0.433101,-2.4999,-0.065554
16.4132,0.373280,-2.4931,-0.065576
16.4144,0.373280,-2.4752,-0.065591
16.4157,0.373280,-2.4463,-0.065600
16.4169,0.373280,-2.4065,-0.065603
16.4182,0.373280,-2.3559,-0.065600
16.4194,0.373280,-2.2949,-0.065590
16.4207,0.373280,-2.2236,-0.065574
16.4219,0.373280,-2.1424,-0.065552
16.4232,-0.440279,-2.0517,-0.065524
16.4244,-0.440279,-1.9520,-0.065489
16.4257,-0.440279,-1.8429,-0.065449
16.4269,-0.440279,-1.7265,-0.065404
16.4282,-0.440279,-1.6020,-0.065352
16.4294,-0.440279,-1.4705,-0.065296
16.4307,-0.440279,-1.3322,-0.065235
16.4319,-0.440279,-1.1880,-0.065168
16.4332,-0.148355,-1.0388,-0.065098
16.4344,-0.148355,-0.8848,-0.065023
16.4358,-0.148355,-0.7107,-0.064937
16.4384,-0.148355,-0.3726,-0.064763
16.4393,-0.148355,-0.2468,-0.064697
16.4402,-0.148355,-0.1238,-0.064631
16.4412,-0.148355,-0.0007,-0.064564
16.4421,-0.148355,0.1224,-0.064496
16.4432,0.107677,0.2634,-0.064417
16.4444,0.107677,0.4286,-0.064323
16.4457,0.107677,0.5919,-0.064228
16.4469,0.107677,0.7526,-0.064133
16.4482,0.107677,0.9100,-0.064039
16.4494,0.107677,1.0633,-0.063945
16.4507,0.107677,1.2119,-0.063852
16.4519,0.107677,1.3550,-0.063760
16.4532,0.258425,1.4922,-0.063670
16.4544,0.258425,1.6227,-0.063583
16.4557,0.258425,1.7459,-0.063498
16.4569,0.258425,1.8614,-0.063417
16.4582,0.258425,1.9686,-0.063338
16.4594,0.258425,2.0671,-0.063264
16.4607,0.258425,2.1562,-0.063193
16.4619,0.258425,2.2358,-0.063127
16.4632,0.083749,2.3054,-0.063066
16.4644,0.083749,2.3648,-0.063010
16.4657,0.083749,2.4136,-0.062959
16.4669,0.083749,2.4517,-0.062913
16.4682,0.083749,2.4789,-0.062873
16.4694,0.083749,2.4950,-0.062839
16.4707,0.083749,2.5000,-0.062811
16.4719,0.083749,2.4938,-0.062788
16.4732,0.083749,2.4766,-0.062772
16.4744,-0.038285,2.4483,-0.062763
16.4757,-0.038285,2.4091,-0.062760
16.4769,-0.038285,2.3592,-0.062763
16.4782,-0.038285,2.2988,-0.062772
16.4794,-0.038285,2.2281,-0.062788
16.4807,-0.038285,2.1475,-0.062809
16.4819,-0.038285,2.0573,-0.062837
16.4832,-0.038285,1.9579,-0.062871
16.4844,-0.334995,1.8499,-0.062911
16.4857,-0.334995,1.7336,-0.062956
16.4870,-0.334995,1.6007,-0.063011
16.4895,-0.334995,1.3276,-0.063130
16.4905,-0.334995,1.2189,-0.063180
16.4914,-0.334995,1.1096,-0.063231
16.4923,-0.334995,0.9981,-0.063284
16.4932,-0.334995,0.8841,-0.063340
16.4944,-0.253639,0.7362,-0.063413
16.4957,-0.253639,0.5753,-0.063494
16.4969,-0.253639,0.4117,-0.063579
16.4982,-0.253639,0.2463,-0.063666
16.4994,-0.253639,0.0796,-0.063756
16.5007,-0.253639,-0.0871,-0.063847
16.5019,-0.253639,-0.2536,-0.063940
16.5032,-0.253639,-0.4189,-0.064034
16.5044,0.023928,-0.5824,-0.064129
16.5057,0.023928,-0.7433,-0.064224
16.5069,0.023928,-0.9009,-0.064319
16.5082,0.023928,-1.0544,-0.064413
16.5094,0.023928,-1.2033,-0.064506
16.5107,0.023928,-1.3468,-0.064597
16.5119,0.023928,-1.4843,-0.064687
16.5132,0.023928,-1.6152,-0.064775
16.5144,-0.064606,-1.7389,-0.064860
16.5157,-0.064606,-1.8548,-0.064941
16.5169,-0.064606,-1.9625,-0.065020
16.5182,-0.064606,-2.0615,-0.065095
16.5194,-0.064606,-2.1512,-0.065165
16.5207,-0.064606,-2.2314,-0.065232
16.5219,-0.064606,-2.3016,-0.065293
16.5232,-0.064606,-2.3616,-0.065350
16.5244,0.043071,-2.4111,-0.065401
16.5257,0.043071,-2.4498,-0.065447
16.5269,0.043071,-2.4776,-0.065488
16.5282,0.043071,-2.4943,-0.065522
16.5294,0.043071,-2.5000,-0.065551
16.5307,0.043071,-2.4945,-0.065573
16.5319,0.043071,-2.4779,-0.065590
16.5332,0.043071,-2.4503,-0.065600
16.5344,-0.186640,-2.4117,-0.065603
16.5357,-0.186640,-2.3624,-0.065601
16.5369,-0.186640,-2.3026,-0.065592
16.5382,-0.186640,-2.2276,-0.065575
16.5408,-0.186640,-2.0553,-0.065525
16.5417,-0.186640,-1.9811,-0.065500
16.5426,-0.186640,-1.9036,-0.065472
16.5435,-0.186640,-1.8213,-0.065441
16.5445,-0.086142,-1.7351,-0.065407
16.5457,-0.086142,-1.6170,-0.065359
16.5469,-0.086142,-1.4863,-0.065303
16.5482,-0.086142,-1.3489,-0.065242
16.5494,-0.086142,-1.2055,-0.065177
16.5507,-0.086142,-1.0567,-0.065107
16.5519,-0.086142,-0.9032,-0.065032
16.5532,-0.086142,-0.7457,-0.064955
16.5544,-0.086142,-0.5849,-0.064873
16.5557,-0.076570,-0.4214,-0.064789
16.5569,-0.076570,-0.2561,-0.064702
16.5582,-0.076570,-0.0896,-0.064612
16.5594,-0.076570,0.0773,-0.064521
16.5607,-0.076570,0.2438,-0.064428
16.5619,-0.076570,0.4092,-0.064334
16.5632,-0.076570,0.5728,-0.064239
16.5644,-0.076570,0.7339,-0.064145
16.5657,0.050249,0.8917,-0.064050
16.5669,0.050249,1.0455,-0.063956
16.5682,0.050249,1.1946,-0.063863
16.5694,0.050249,1.3385,-0.063771
16.5707,0.050249,1.4764,-0.063681
16.5719,0.050249,1.6077,-0.063593
16.5732,0.050249,1.7318,-0.063508
16.5744,0.050249,1.8482,-0.063426
16.5757,0.098106,1.9563,-0.063348
16.5769,0.098106,2.0558,-0.063273
16.5782,0.098106,2.1462,-0.063202
16.5794,0.098106,2.2270,-0.063135
16.5807,0.098106,2.2978,-0.063073
16.5819,0.098106,2.3584,-0.063016
16.5832,0.098106,2.4084,-0.062964
16.5844,0.098106,2.4478,-0.062918
16.5857,-0.083749,2.4763,-0.062877
16.5869,-0.083749,2.4937,-0.062842
16.5882,-0.083749,2.5000,-0.062814
16.5894,-0.083749,2.4951,-0.062791
16.5931,-0.083749,2.4166,-0.062760
16.5941,-0.083749,2.3790,-0.062761
16.5950,-0.083749,2.3381,-0.062765
16.5959,0.055035,2.2916,-0.062773
16.5969,0.055035,2.2397,-0.062785
16.5978,0.055035,2.1824,-0.062799
16.5987,0.055035,2.1198,-0.062818
16.5996,0.055035,2.0521,-0.062839
16.6007,0.055035,1.9700,-0.062867
16.6019,0.055035,1.8631,-0.062906
16.6032,0.055035,1.7477,-0.062951
16.6044,0.055035,1.6246,-0.063001
16.6057,-0.241675,1.4942,-0.063057
16.6069,-0.241675,1.3572,-0.063117
16.6082,-0.241675,1.2141,-0.063182
16.6094,-0.241675,1.0656,-0.063252
16.6107,-0.241675,0.9124,-0.063326
16.6119,-0.241675,0.7551,-0.063404
16.6132,-0.241675,0.5944,-0.063485
16.6144,-0.241675,0.4311,-0.063569
16.6157,-0.002393,0.2659,-0.063656
16.6169,-0.002393,0.0994,-0.063745
16.6182,-0.002393,-0.0675,-0.063836
16.6194,-0.002393,-0.2342,-0.063929
16.6207,-0.002393,-0.3995,-0.064023
16.6219,-0.002393,-0.5633,-0.064118
16.6232,-0.002393,-0.7245,-0.064213
16.6244,-0.002393,-0.8825,-0.064307
16.6257,-0.181855,-1.0366,-0.064402
16.6269,-0.181855,-1.1860,-0.064495
16.6282,-0.181855,-1.3302,-0.064587
16.6294,-0.181855,-1.4684,-0.064677
16.6307,-0.181855,-1.6003,-0.064765
16.6319,-0.181855,-1.7249,-0.064850
16.6332,-0.181855,-1.8418,-0.064932
16.6344,-0.181855,-1.9503,-0.065011
16.6357,-0.181855,-2.0503,-0.065086
16.6369,-0.062213,-2.1412,-0.065157
16.6382,-0.062213,-2.2225,-0.065224
16.6394,-0.062213,-2.2939,-0.065286
16.6407,-0.062213,-2.3552,-0.065344
16.6436,-0.062213,-2.4569,-0.065457
16.6445,-0.062213,-2.4772,-0.065487
16.6455,-0.062213,-2.4908,-0.065513
16.6464,-0.069392,-2.4983,-0.065536
16.6473,-0.069392,-2.4998,-0.065556
16.6482,-0.069392,-2.4952,-0.065572
16.6494,-0.069392,-2.4804,-0.065588
16.6507,-0.069392,-2.4541,-0.065599
16.6519,-0.069392,-2.4168,-0.065603
16.6532,-0.069392,-2.3688,-0.065601
16.6544,-0.069392,-2.3102,-0.065593
16.6557,-0.069392,-2.2413,-0.065579
16.6569,-0.074178,-2.1624,-0.065558
16.6582,-0.074178,-2.0739,-0.065531
16.6594,-0.074178,-1.9753,-0.065498
16.6607,-0.074178,-1.8691,-0.065459
16.6619,-0.074178,-1.7547,-0.065415
16.6632,-0.074178,-1.6320,-0.065365
16.6644,-0.074178,-1.5021,-0.065310
16.6657,-0.074178,-1.3654,-0.065249
16.6669,-0.232104,-1.2227,-0.065184
16.6682,-0.232104,-1.0745,-0.065115
16.6694,-0.232104,-0.9215,-0.065041
16.6707,-0.232104,-0.7644,-0.064964
16.6719,-0.232104,-0.6039,-0.064883
16.6732,-0.232104,-0.4408,-0.064799
16.6744,-0.232104,-0.2756,-0.064712
16.6757,-0.232104,-0.1093,-0.064623
16.6769,-0.050249,0.0578,-0.064532
16.6782,-0.050249,0.2242,-0.064439
16.6794,-0.050249,0.3900,-0.064345
16.6807,-0.050249,0.5536,-0.064251
16.6819,-0.050249,0.7150,-0.064156
16.6832,-0.050249,0.8734,-0.064061
16.6844,-0.050249,1.0277,-0.063967
16.6857,-0.050249,1.1774,-0.063873
16.6869,0.110070,1.3219,-0.063781
16.6882,0.110070,1.4605,-0.063691
16.6894,0.110070,1.5926,-0.063603
16.6907,0.110070,1.7176,-0.063518
16.6919,0.110070,1.8352,-0.063435
16.6946,0.110070,2.0616,-0.063268
16.6956,0.110070,2.1304,-0.063214
16.6965,0.110070,2.1922,-0.063164
16.6974,0.112463,2.2488,-0.063116
16.6983,0.112463,2.2998,-0.063071
16.6994,0.112463,2.3518,-0.063023
16.7007,0.112463,2.4031,-0.062970
16.7019,0.112463,2.4437,-0.062923
16.7032,0.112463,2.4735,-0.062882
16.7044,0.112463,2.4922,-0.062846
16.7057,0.112463,2.4998,-0.062817
16.7069,0.043071,2.4963,-0.062793
16.7082,0.043071,2.4816,-0.062776
16.7094,0.043071,2.4560,-0.062765
16.7107,0.043071,2.4193,-0.062760
16.7119,0.043071,2.3718,-0.062761
16.7132,0.043071,2.3139,-0.062769
16.7144,0.043071,2.2456,-0.062783
16.7157,0.043071,2.1673,-0.062804
16.7169,0.043071,2.0794,-0.062830
16.7182,-0.098106,1.9822,-0.062863
16.7194,-0.098106,1.8761,-0.062901
16.7207,-0.098106,1.7617,-0.062945
16.7219,-0.098106,1.6395,-0.062995
16.7232,-0.098106,1.5099,-0.063050
16.7244,-0.098106,1.3736,-0.063110
16.7257,-0.098106,1.2312,-0.063174
16.7269,-0.098106,1.0833,-0.063244
16.7282,-0.143569,0.9306,-0.063317
16.7294,-0.143569,0.7737,-0.063394
16.7307,-0.143569,0.6132,-0.063475
16.7319,-0.143569,0.4503,-0.063559
16.7332,-0.143569,0.2850,-0.063646
16.7344,-0.143569,0.1191,-0.063735
16.7357,-0.143569,-0.0479,-0.063826
16.7369,-0.143569,-0.2144,-0.063918
16.7382,-0.141177,-0.3801,-0.064012
16.7394,-0.141177,-0.5440,-0.064107
16.7407,-0.141177,-0.7059,-0.064202
16.7419,-0.141177,-0.8641,-0.064296
16.7455,-0.141177,-1.2918,-0.064562
16.7464,-0.141177,-1.4028,-0.064634
16.7474,-0.141177,-1.5033,-0.064700
16.7483,-0.040678,-1.5998,-0.064764
16.7492,-0.040678,-1.6923,-0.064827
16.7501,-0.040678,-1.7806,-0.064889
16.7511,-0.040678,-1.8646,-0.064948
16.7520,-0.040678,-1.9445,-0.065007
16.7532,-0.040678,-2.0391,-0.065077
16.7544,-0.040678,-2.1310,-0.065149
16.7557,-0.040678,-2.2134,-0.065216
16.7569,-0.040678,-2.2860,-0.065279
16.7582,-0.244068,-2.3484,-0.065337
16.7594,-0.244068,-2.4004,-0.065390
16.7607,-0.244068,-2.4416,-0.065437
16.7619,-0.244068,-2.4720,-0.065479
16.7632,-0.244068,-2.4914,-0.065515
16.7644,-0.244068,-2.4997,-0.065545
16.7657,-0.244068,-2.4968,-0.065569
16.7669,-0.244068,-2.4828,-0.065586
16.7682,0.007178,-2.4578,-0.065598
16.7694,0.007178,-2.4218,-0.065603
16.7707,0.007178,-2.3750,-0.065602
16.7719,0.007178,-2.3176,-0.065594
16.7732,0.007178,-2.2499,-0.065581
16.7744,0.007178,-2.1722,-0.065561
16.7757,0.007178,-2.0848,-0.065534
16.7769,0.007178,-1.9881,-0.065502
16.7782,-0.172283,-1.8826,-0.065464
16.7794,-0.172283,-1.7686,-0.065420
16.7807,-0.172283,-1.6469,-0.065371
16.7819,-0.172283,-1.5177,-0.065316
16.7832,-0.172283,-1.3818,-0.065257
16.7844,-0.172283,-1.2397,-0.065192
16.7857,-0.172283,-1.0921,-0.065123
16.7869,-0.172283,-0.9397,-0.065050
16.7882,-0.126820,-0.7831,-0.064973
16.7894,-0.126820,-0.6229,-0.064893
16.7907,-0.126820,-0.4601,-0.064809
16.7919,-0.126820,-0.2950,-0.064722
16.7932,-0.126820,-0.1288,-0.064633
16.7966,-0.126820,0.3255,-0.064382
16.7975,-0.126820,0.4536,-0.064309
16.7985,-0.136391,0.5744,-0.064239
16.7994,-0.136391,0.6936,-0.064168
16.8003,-0.136391,0.8109,-0.064099
16.8012,-0.136391,0.9264,-0.064029
16.8021,-0.136391,1.0397,-0.063959
16.8032,-0.136391,1.1600,-0.063884
16.8044,-0.136391,1.3052,-0.063792
16.8057,-0.136391,1.4445,-0.063702
16.8069,-0.136391,1.5774,-0.063614
16.8082,-0.136391,1.7033,-0.063528
16.8094,0.241675,1.8215,-0.063445
16.8107,0.241675,1.9317,-0.063366
16.8119,0.241675,2.0333,-0.063290
16.8132,0.241675,2.1258,-0.063218
16.8144,0.241675,2.2088,-0.063150
16.8157,0.241675,2.2820,-0.063087
16.8169,0.241675,2.3450,-0.063029
16.8182,0.241675,2.3976,-0.062976
16.8194,-0.016750,2.4395,-0.062928
16.8207,-0.016750,2.4705,-0.062886
16.8219,-0.016750,2.4906,-0.062850
16.8232,-0.016750,2.4995,-0.062820
16.8244,-0.016750,2.4973,-0.062795
16.8257,-0.016750,2.4840,-0.062777
16.8269,-0.016750,2.4596,-0.062766
16.8282,-0.016750,2.4242,-0.062760
16.8294,0.157926,2.3780,-0.062761
16.8307,0.157926,2.3212,-0.062768
16.8319,0.157926,2.2541,-0.062781
16.8332,0.157926,2.1770,-0.062801
16.8344,0.157926,2.0902,-0.062827
16.8357,0.157926,1.9941,-0.062859
16.8369,0.157926,1.8890,-0.062896
16.8382,0.157926,1.7756,-0.062940
16.8394,-0.179462,1.6542,-0.062989
16.8407,-0.179462,1.5253,-0.063043
16.8419,-0.179462,1.3899,-0.063102
16.8432,-0.179462,1.2482,-0.063167
16.8444,-0.179462,1.1009,-0.063235
16.8478,-0.179462,0.6832,-0.063440
16.8487,-0.179462,0.5576,-0.063504
16.8497,0.145962,0.4365,-0.063566
16.8506,0.145962,0.3147,-0.063630
16.8515,0.145962,0.1920,-0.063695
16.8524,0.145962,0.0692,-0.063762
16.8533,0.145962,-0.0538,-0.063829
16.8544,0.145962,-0.1949,-0.063907
16.8557,0.145962,-0.3607,-0.064001
16.8569,0.145962,-0.5249,-0.064095
16.8582,0.145962,-0.6868,-0.064190
16.8594,-0.483350,-0.8458,-0.064285
16.8607,-0.483350,-1.0007,-0.064380
16.8619,-0.483350,-1.1513,-0.064473
16.8632,-0.483350,-1.2968,-0.064565
16.8644,-0.483350,-1.4365,-0.064656
16.8657,-0.483350,-1.5698,-0.064744
16.8669,-0.483350,-1.6961,-0.064830
16.8682,-0.483350,-1.8148,-0.064913
16.8694,-0.483350,-1.9255,-0.064993
16.8707,0.002393,-2.0276,-0.065069
16.8719,0.002393,-2.1206,-0.065141
16.8732,0.002393,-2.2042,-0.065209
16.8744,0.002393,-2.2780,-0.065272
16.8757,0.002393,-2.3416,-0.065330
16.8769,0.002393,-2.3948,-0.065384
16.8782,0.002393,-2.4373,-0.065432
16.8794,0.002393,-2.4690,-0.065474
16.8807,-0.208176,-2.4897,-0.065511
16.8819,-0.208176,-2.4993,-0.065541
16.8832,-0.208176,-2.4977,-0.065566
16.8844,-0.208176,-2.4851,-0.065585
16.8857,-0.208176,-2.4613,-0.065597
16.8869,-0.208176,-2.4266,-0.065603
16.8882,-0.208176,-2.3810,-0.065602
16.8894,-0.208176,-2.3249,-0.065596
16.8907,-0.050249,-2.2584,-0.065583
16.8919,-0.050249,-2.1818,-0.065563
16.8932,-0.050249,-2.0956,-0.065538
16.8944,-0.050249,-2.0000,-0.065506
16.8957,-0.050249,-1.8954,-0.065469
16.8990,-0.050249,-1.5765,-0.065342
16.9000,-0.457029,-1.4739,-0.065297
16.9009,-0.457029,-1.3724,-0.065253
16.9018,-0.457029,-1.2679,-0.065205
16.9027,-0.457029,-1.1604,-0.065156
16.9036,-0.457029,-1.0499,-0.065103
16.9046,-0.457029,-0.9371,-0.065049
16.9057,-0.457029,-0.8017,-0.064982
16.9069,-0.457029,-0.6419,-0.064902
16.9082,-0.457029,-0.4794,-0.064819
16.9094,-0.457029,-0.3146,-0.064733
16.9107,0.301496,-0.1484,-0.064644
16.9119,0.301496,0.0184,-0.064553
16.9132,0.301496,0.1851,-0.064461
16.9144,0.301496,0.3510,-0.064367
16.9157,0.301496,0.5153,-0.064273
16.9169,0.301496,0.6774,-0.064178
16.9182,0.301496,0.8364,-0.064083
16.9194,0.301496,0.9919,-0.063989
16.9207,-0.050249,1.1426,-0.063895
16.9219,-0.050249,1.2884,-0.063803
16.9232,-0.050249,1.4284,-0.063712
16.9244,-0.050249,1.5621,-0.063624
16.9257,-0.050249,1.6888,-0.063538
16.9269,-0.050249,1.8080,-0.063455
16.9282,-0.050249,1.9192,-0.063375
16.9294,-0.050249,2.0218,-0.063298
16.9307,0.122034,2.1156,-0.063226
16.9319,0.122034,2.1996,-0.063158
16.9332,0.122034,2.2739,-0.063094
16.9344,0.122034,2.3382,-0.063036
16.9357,0.122034,2.3920,-0.062982
16.9369,0.122034,2.4351,-0.062934
16.9382,0.122034,2.4676,-0.062891
16.9394,0.122034,2.4888,-0.062854
16.9407,-0.153141,2.4990,-0.062823
16.9419,-0.153141,2.4981,-0.062798
16.9432,-0.153141,2.4861,-0.062779
16.9444,-0.153141,2.4630,-0.062767
16.9457,-0.153141,2.4289,-0.062760
16.9469,-0.153141,2.3840,-0.062760
16.9503,-0.153141,2.2071,-0.062793
16.9513,0.208176,2.1441,-0.062810
16.9522,0.208176,2.0783,-0.062831
16.9531,0.208176,2.0074,-0.062854
16.9541,0.208176,1.9317,-0.062881
16.9550,0.208176,1.8512,-0.062910
16.9559,0.208176,1.7663,-0.062943
16.9569,0.208176,1.6688,-0.062983
16.9582,0.208176,1.5410,-0.063036
16.9594,0.208176,1.4061,-0.063095
16.9607,0.208176,1.2652,-0.063159
16.9619,-0.189033,1.1186,-0.063227
16.9632,-0.189033,0.9669,-0.063299
16.9644,-0.189033,0.8110,-0.063376
16.9657,-0.189033,0.6514,-0.063456
16.9669,-0.189033,0.4890,-0.063539
16.9682,-0.189033,0.3243,-0.063625
16.9694,-0.189033,0.1582,-0.063713
16.9707,-0.189033,-0.0086,-0.063804
16.9719,-0.023928,-0.1753,-0.063896
16.9732,-0.023928,-0.3413,-0.063990
16.9744,-0.023928,-0.5057,-0.064084
16.9757,-0.023928,-0.6679,-0.064179
16.9769,-0.023928,-0.8272,-0.064274
16.9782,-0.023928,-0.9827,-0.064368
16.9794,-0.023928,-1.1338,-0.064462
16.9807,-0.023928,-1.2800,-0.064554
16.9819,-0.153141,-1.4204,-0.064645
16.9832,-0.153141,-1.5544,-0.064734
16.9844,-0.153141,-1.6816,-0.064820
16.9857,-0.153141,-1.8013,-0.064903
16.9869,-0.153141,-1.9129,-0.064983
16.9882,-0.153141,-2.0159,-0.065060
16.9894,-0.153141,-2.1101,-0.065133
16.9907,-0.153141,-2.1948,-0.065201
16.9919,-0.222533,-2.2699,-0.065265
16.9932,-0.222533,-2.3347,-0.065324
16.9944,-0.222533,-2.3891,-0.065378
16.9957,-0.222533,-2.4329,-0.065426
16.9969,-0.222533,-2.4659,-0.065469
16.9986,-0.222533,-2.4926,-0.065518
17.0025,-0.129212,-2.4769,-0.065590
17.0035,-0.129212,-2.4556,-0.065598
17.0045,-0.129212,-2.4295,-0.065602
17.0054,-0.129212,-2.3975,-0.065603
17.0063,-0.129212,-2.3598,-0.065600
17.0072,-0.129212,-2.3163,-0.065594
17.0081,-0.129212,-2.2672,-0.065584
17.0091,-0.129212,-2.2127,-0.065571
17.0100,-0.129212,-2.1528,-0.065555
17.0109,-0.129212,-2.0878,-0.065535
17.0119,-0.090927,-2.0116,-0.065510
17.0132,-0.090927,-1.9082,-0.065474
17.0144,-0.090927,-1.7962,-0.065431
17.0157,-0.090927,-1.6762,-0.065383
17.0169,-0.090927,-1.5487,-0.065330
17.0182,-0.090927,-1.4144,-0.065271
17.0194,-0.090927,-1.2737,-0.065208
17.0207,-0.090927,-1.1274,-0.065140
17.0219,-0.038285,-0.9760,-0.065068
17.0232,-0.038285,-0.8203,-0.064992
17.0244,-0.038285,-0.6609,-0.064912
17.0257,-0.038285,-0.4986,-0.064829
17.0269,-0.038285,-0.3341,-0.064743
17.0282,-0.038285,-0.1680,-0.064655
17.0294,-0.038285,-0.0012,-0.064564
17.0307,-0.038285,0.1657,-0.064472
17.0319,-0.038285,0.3317,-0.064378
17.0332,-0.119641,0.4962,-0.064284
17.0344,-0.119641,0.6584,-0.064189
17.0357,-0.119641,0.8177,-0.064094
17.0369,-0.119641,0.9735,-0.064000
17.0382,-0.119641,1.1250,-0.063906
17.0394,-0.119641,1.2717,-0.063814
17.0407,-0.119641,1.4126,-0.063723
17.0419,-0.119641,1.5468,-0.063634
17.0432,0.002393,1.6744,-0.063548
17.0444,0.002393,1.7945,-0.063464
17.0457,0.002393,1.9066,-0.063384
17.0469,0.002393,2.0102,-0.063307
17.0482,0.002393,2.1049,-0.063234
17.0494,0.002393,2.1902,-0.063166
17.0507,0.002393,2.2657,-0.063102
17.0522,0.002393,2.3469,-0.063027
17.0549,0.191426,2.4457,-0.062921
17.0559,0.191426,2.4687,-0.062889
17.0568,0.191426,2.4852,-0.062862
17.0577,0.191426,2.4955,-0.062837
17.0586,0.191426,2.4999,-0.062816
17.0595,0.191426,2.4981,-0.062798
17.0607,0.191426,2.4881,-0.062781
17.0619,0.191426,2.4663,-0.062768
17.0632,-0.143569,2.4335,-0.062761
17.0644,-0.143569,2.3899,-0.062760
17.0657,-0.143569,2.3356,-0.062766
17.0669,-0.143569,2.2709,-0.062778
17.0682,-0.143569,2.1961,-0.062796
17.0694,-0.143569,2.1115,-0.062820
17.0707,-0.143569,2.0175,-0.062851
17.0719,-0.143569,1.9145,-0.062887
17.0732,-0.016750,1.8030,-0.062929
17.0744,-0.016750,1.6835,-0.062977
17.0757,-0.016750,1.5564,-0.063030
17.0769,-0.016750,1.4225,-0.063088
17.0782,-0.016750,1.2822,-0.063151
17.0794,-0.016750,1.1360,-0.063219
17.0807,-0.016750,0.9850,-0.063291
17.0819,-0.016750,0.8296,-0.063367
17.0832,0.019143,0.6704,-0.063446
17.0844,0.019143,0.5082,-0.063529
17.0857,0.019143,0.3438,-0.063615
17.0869,0.019143,0.1778,-0.063703
17.0882,0.019143,0.0102,-0.063794
17.0894,0.019143,-0.1577,-0.063887
17.0907,0.019143,-0.3223,-0.063979
17.0919,0.019143,-0.4866,-0.064073
17.0932,-0.095713,-0.6490,-0.064168
17.0944,-0.095713,-0.8086,-0.064263
17.0957,-0.095713,-0.9646,-0.064357
17.0969,-0.095713,-1.1164,-0.064451
17.0982,-0.095713,-1.2631,-0.064544
17.0994,-0.095713,-1.4042,-0.064635
17.1007,-0.095713,-1.5390,-0.064724
17.1019,-0.095713,-1.6670,-0.064810
17.1033,-0.055035,-1.7997,-0.064902
17.1058,-0.055035,-2.0184,-0.065062
17.1068,-0.055035,-2.0926,-0.065119
17.1077,-0.055035,-2.1584,-0.065171
17.1087,-0.055035,-2.2181,-0.065220
17.1096,-0.055035,-2.2722,-0.065267
17.1107,-0.055035,-2.3276,-0.065317
17.1119,-0.055035,-2.3833,-0.065372
17.1132,-0.055035,-2.4283,-0.065421
17.1144,-0.303888,-2.4626,-0.065465
17.1157,-0.303888,-2.4858,-0.065503
17.1169,-0.303888,-2.4980,-0.065535
17.1182,-0.303888,-2.4991,-0.065561
17.1194,-0.303888,-2.4890,-0.065581
17.1207,-0.303888,-2.4679,-0.065594
17.1219,-0.303888,-2.4357,-0.065602
17.1232,-0.303888,-2.3927,-0.065603
17.1244,-0.323031,-2.3391,-0.065598
17.1257,-0.323031,-2.2750,-0.065586
17.1269,-0.323031,-2.2008,-0.065568
17.1282,-0.323031,-2.1168,-0.065544
17.1294,-0.323031,-2.0233,-0.065514
17.1307,-0.323031,-1.9207,-0.065478
17.1319,-0.323031,-1.8097,-0.065436
17.1332,-0.323031,-1.6907,-0.065389
17.1344,0.504886,-1.5641,-0.065336
17.1357,0.504886,-1.4305,-0.065278
17.1369,0.504886,-1.2906,-0.065216
17.1382,0.504886,-1.1448,-0.065148
17.1394,0.504886,-0.9939,-0.065076
17.1407,0.504886,-0.8384,-0.065001
17.1419,0.504886,-0.6797,-0.064921
17.1432,0.504886,-0.5178,-0.064839
17.1444,-0.406780,-0.3534,-0.064753
17.1457,-0.406780,-0.1875,-0.064665
17.1469,-0.406780,-0.0209,-0.064575
17.1482,-0.406780,0.1459,-0.064483
17.1494,-0.406780,0.3121,-0.064389
17.1507,-0.406780,0.4769,-0.064295
17.1519,-0.406780,0.6395,-0.064200
17.1532,-0.406780,0.7993,-0.064105
17.1545,-0.186640,0.9677,-0.064004
17.1570,-0.186640,1.2631,-0.063819
17.1579,-0.186640,1.3698,-0.063751
17.1588,-0.186640,1.4723,-0.063684
17.1598,-0.186640,1.5773,-0.063614
17.1609,-0.186640,1.6808,-0.063543
17.1619,-0.186640,1.7811,-0.063474
17.1632,-0.186640,1.8938,-0.063393
17.1644,-0.011964,1.9985,-0.063316
17.1657,-0.011964,2.0942,-0.063243
17.1669,-0.011964,2.1806,-0.063174
17.1682,-0.011964,2.2573,-0.063109
17.1694,-0.011964,2.3240,-0.063049
17.1707,-0.011964,2.3803,-0.062994
17.1719,-0.011964,2.4260,-0.062945
17.1732,-0.011964,2.4608,-0.062901
17.1744,0.186640,2.4848,-0.062862
17.1757,0.186640,2.4976,-0.062830
17.1769,0.186640,2.4993,-0.062803
17.1782,0.186640,2.4899,-0.062783
17.1794,0.186640,2.4694,-0.062769
17.1807,0.186640,2.4379,-0.062761
17.1819,0.186640,2.3955,-0.062760
17.1832,0.186640,2.3425,-0.062765
17.1844,-0.090927,2.2790,-0.062776
17.1857,-0.090927,2.2054,-0.062793
17.1869,-0.090927,2.1219,-0.062817
17.1882,-0.090927,2.0290,-0.062847
17.1894,-0.090927,1.9271,-0.062882
17.1907,-0.090927,1.8166,-0.062924
17.1919,-0.090927,1.6979,-0.062971
17.1932,-0.090927,1.5718,-0.063023
17.1944,-0.090927,1.4386,-0.063081
17.1957,0.256032,1.2989,-0.063143
17.1969,0.256032,1.1535,-0.063211
17.1982,0.256032,1.0030,-0.063282
17.1994,0.256032,0.8480,-0.063357
17.2007,0.256032,0.6892,-0.063437
17.2019,0.256032,0.5274,-0.063519
17.2032,0.256032,0.3632,-0.063604
17.2044,0.256032,0.1973,-0.063692
17.2058,-0.215354,0.0168,-0.063790
17.2084,-0.215354,-0.3344,-0.063986
17.2094,-0.215354,-0.4628,-0.064060
17.2103,-0.215354,-0.5834,-0.064130
17.2112,-0.215354,-0.7026,-0.064200
17.2121,-0.215354,-0.8203,-0.064270
17.2132,-0.215354,-0.9466,-0.064346
17.2144,-0.215354,-1.0988,-0.064440
17.2157,-0.169890,-1.2461,-0.064533
17.2169,-0.169890,-1.3879,-0.064624
17.2182,-0.169890,-1.5237,-0.064713
17.2194,-0.169890,-1.6523,-0.064800
17.2207,-0.169890,-1.7738,-0.064884
17.2219,-0.169890,-1.8874,-0.064965
17.2232,-0.169890,-1.9925,-0.065042
17.2244,-0.169890,-2.0888,-0.065116
17.2257,-0.169890,-2.1758,-0.065185
17.2269,-0.169890,-2.2531,-0.065250
17.2282,-0.169890,-2.3203,-0.065310
17.2294,-0.169890,-2.3773,-0.065366
17.2307,-0.169890,-2.4237,-0.065416
17.2319,-0.169890,-2.4591,-0.065460
17.2332,-0.169890,-2.4837,-0.065498
17.2344,-0.169890,-2.4972,-0.065531
17.2357,-0.172283,-2.4995,-0.065558
17.2369,-0.172283,-2.4908,-0.065579
17.2382,-0.172283,-2.4709,-0.065593
17.2394,-0.172283,-2.4400,-0.065601
17.2407,-0.172283,-2.3982,-0.065603
17.2419,-0.172283,-2.3459,-0.065599
17.2432,-0.172283,-2.2830,-0.065588
17.2444,-0.172283,-2.2101,-0.065571
17.2457,0.035892,-2.1271,-0.065547
17.2469,0.035892,-2.0347,-0.065518
17.2482,0.035892,-1.9333,-0.065483
17.2494,0.035892,-1.8233,-0.065442
17.2507,0.035892,-1.7051,-0.065395
17.2519,0.035892,-1.5793,-0.065343
17.2532,0.035892,-1.4465,-0.065285
17.2544,0.035892,-1.3073,-0.065223
17.2557,-0.105284,-1.1622,-0.065156
17.2569,-0.105284,-1.0118,-0.065085
17.2593,-0.105284,-0.7080,-0.064936
17.2603,-0.105284,-0.5865,-0.064874
17.2612,-0.105284,-0.4659,-0.064812
17.2621,-0.105284,-0.3445,-0.064749
17.2632,-0.105284,-0.2071,-0.064676
17.2644,-0.105284,-0.0405,-0.064586
17.2657,-0.222533,0.1263,-0.064494
17.2669,-0.222533,0.2926,-0.064401
17.2682,-0.222533,0.4576,-0.064306
17.2694,-0.222533,0.6205,-0.064212
17.2707,-0.222533,0.7807,-0.064117
17.2719,-0.222533,0.9374,-0.064022
17.2732,-0.222533,1.0899,-0.063928
17.2744,-0.222533,1.2376,-0.063835
17.2757,-0.222533,1.3797,-0.063744
17.2769,-0.035892,1.5157,-0.063655
17.2782,-0.035892,1.6449,-0.063568
17.2794,-0.035892,1.7670,-0.063484
17.2807,-0.035892,1.8809,-0.063403
17.2819,-0.035892,1.9866,-0.063325
17.2832,-0.035892,2.0834,-0.063251
17.2844,-0.035892,2.1709,-0.063182
17.2857,-0.035892,2.2488,-0.063116
17.2869,0.055035,2.3167,-0.063056
17.2882,0.055035,2.3742,-0.063000
17.2894,0.055035,2.4211,-0.062950
17.2907,0.055035,2.4573,-0.062905
17.2919,0.055035,2.4825,-0.062866
17.2932,0.055035,2.4967,-0.062833
17.2944,0.055035,2.4997,-0.062806
17.2957,0.055035,2.4916,-0.062785
17.2969,-0.021535,2.4724,-0.062770
17.2982,-0.021535,2.4422,-0.062762
17.2994,-0.021535,2.4011,-0.062760
17.3007,-0.021535,2.3493,-0.062764
17.3019,-0.021535,2.2870,-0.062774
17.3032,-0.021535,2.2146,-0.062791
17.3044,-0.021535,2.1323,-0.062814
17.3057,-0.021535,2.0404,-0.062843
17.3069,0.145962,1.9395,-0.062878
17.3082,0.145962,1.8299,-0.062919
17.3108,0.145962,1.5722,-0.063023
17.3117,0.145962,1.4723,-0.063066
17.3127,0.145962,1.3708,-0.063111
17.3136,0.145962,1.2663,-0.063158
17.3145,0.145962,1.1587,-0.063208
17.3157,0.145962,1.0209,-0.063273
17.3169,0.205783,0.8665,-0.063348
17.3182,0.205783,0.7081,-0.063427
17.3194,0.205783,0.5464,-0.063509
17.3207,0.205783,0.3827,-0.063594
17.3219,0.205783,0.2170,-0.063682
17.3232,0.205783,0.0504,-0.063772
17.3244,0.205783,-0.1165,-0.063864
17.3257,0.205783,-0.2828,-0.063957
17.3269,-0.394816,-0.4479,-0.064051
17.3282,-0.394816,-0.6110,-0.064146
17.3294,-0.394816,-0.7713,-0.064241
17.3307,-0.394816,-0.9285,-0.064335
17.3319,-0.394816,-1.0811,-0.064429
17.3332,-0.394816,-1.2290,-0.064522
17.3344,-0.394816,-1.3715,-0.064613
17.3357,-0.394816,-1.5079,-0.064703
17.3369,-0.035892,-1.6375,-0.064790
17.3382,-0.035892,-1.7599,-0.064874
17.3394,-0.035892,-1.8745,-0.064956
17.3407,-0.035892,-1.9808,-0.065034
17.3419,-0.035892,-2.0780,-0.065107
17.3432,-0.035892,-2.1661,-0.065177
17.3444,-0.035892,-2.2444,-0.065243
17.3457,-0.035892,-2.3129,-0.065304
17.3469,-0.035892,-2.3710,-0.065359
17.3482,-0.224925,-2.4187,-0.065410
17.3494,-0.224925,-2.4555,-0.065455
17.3507,-0.224925,-2.4814,-0.065494
17.3519,-0.224925,-2.4962,-0.065528
17.3532,-0.224925,-2.4998,-0.065555
17.3544,-0.224925,-2.4924,-0.065577
17.3557,-0.224925,-2.4738,-0.065592
17.3569,-0.224925,-2.4443,-0.065601
17.3582,-0.294317,-2.4038,-0.065603
17.3594,-0.294317,-2.3525,-0.065599
17.3621,-0.294317,-2.2042,-0.065569
17.3631,-0.294317,-2.1420,-0.065552
17.3640,-0.294317,-2.0759,-0.065532
17.3649,-0.294317,-2.0049,-0.065508
17.3659,-0.294317,-1.9289,-0.065481
17.3669,-0.294317,-1.8366,-0.065447
17.3682,0.179462,-1.7194,-0.065401
17.3694,0.179462,-1.5945,-0.065349
17.3707,0.179462,-1.4625,-0.065292
17.3719,0.179462,-1.3240,-0.065231
17.3732,0.179462,-1.1796,-0.065164
17.3744,0.179462,-1.0299,-0.065094
17.3757,0.179462,-0.8757,-0.065019
17.3769,0.179462,-0.7175,-0.064940
17.3782,0.011964,-0.5562,-0.064859
17.3794,0.011964,-0.3922,-0.064774
17.3807,0.011964,-0.2269,-0.064686
17.3819,0.011964,-0.0602,-0.064596
17.3832,0.011964,0.1067,-0.064505
17.3844,0.011964,0.2731,-0.064412
17.3857,0.011964,0.4382,-0.064317
17.3869,0.011964,0.6015,-0.064223
17.3882,-0.332602,0.7620,-0.064128
17.3894,-0.332602,0.9191,-0.064033
17.3907,-0.332602,1.0722,-0.063939
17.3919,-0.332602,1.2205,-0.063846
17.3932,-0.332602,1.3633,-0.063755
17.3944,-0.332602,1.5000,-0.063665
17.3957,-0.332602,1.6301,-0.063578
17.3969,-0.332602,1.7529,-0.063493
17.3982,-0.122034,1.8679,-0.063412
17.3994,-0.122034,1.9746,-0.063334
17.4007,-0.122034,2.0725,-0.063260
17.4019,-0.122034,2.1611,-0.063190
17.4032,-0.122034,2.2402,-0.063124
17.4044,-0.122034,2.3092,-0.063063
17.4057,-0.122034,2.3680,-0.063007
17.4069,-0.122034,2.4162,-0.062956
17.4082,0.069392,2.4536,-0.062910
17.4094,0.069392,2.4801,-0.062871
17.4107,0.069392,2.4956,-0.062837
17.4119,0.069392,2.4999,-0.062809
17.4132,0.069392,2.4931,-0.062787
17.4144,0.069392,2.4752,-0.062772
17.4157,0.069392,2.4463,-0.062762
17.4169,0.069392,2.4065,-0.062760
17.4182,0.308674,2.3559,-0.062763
17.4198,0.308674,2.2724,-0.062777
17.4239,0.308674,1.9928,-0.062859
17.4249,0.308674,1.9106,-0.062888
17.4258,0.308674,1.8288,-0.062919
17.4267,0.308674,1.7427,-0.062953
17.4277,0.308674,1.6523,-0.062990
17.4286,-0.222533,1.5581,-0.063029
17.4295,-0.222533,1.4602,-0.063071
17.4304,-0.222533,1.3578,-0.063117
17.4314,-0.222533,1.2510,-0.063165
17.4323,-0.222533,1.1420,-0.063216
17.4332,-0.222533,1.0309,-0.063269
17.4344,-0.222533,0.8847,-0.063339
17.4357,-0.222533,0.7271,-0.063418
17.4369,-0.222533,0.5659,-0.063499
17.4382,-0.222533,0.4022,-0.063584
17.4394,-0.059821,0.2365,-0.063672
17.4407,-0.059821,0.0696,-0.063761
17.4419,-0.059821,-0.0970,-0.063853
17.4432,-0.059821,-0.2633,-0.063946
17.4444,-0.059821,-0.4287,-0.064040
17.4457,-0.059821,-0.5920,-0.064135
17.4469,-0.059821,-0.7526,-0.064229
17.4482,-0.059821,-0.9100,-0.064324
17.4494,0.122034,-1.0633,-0.064418
17.4507,0.122034,-1.2119,-0.064511
17.4519,0.122034,-1.3550,-0.064603
17.4532,0.122034,-1.4922,-0.064692
17.4544,0.122034,-1.6226,-0.064780
17.4557,0.122034,-1.7459,-0.064864
17.4569,0.122034,-1.8614,-0.064946
17.4582,0.122034,-1.9686,-0.065024
17.4594,0.000000,-2.0671,-0.065099
17.4607,0.000000,-2.1561,-0.065169
17.4619,0.000000,-2.2358,-0.065235
17.4632,0.000000,-2.3055,-0.065297
17.4644,0.000000,-2.3648,-0.065353
17.4657,0.000000,-2.4136,-0.065404
17.4669,0.000000,-2.4517,-0.065450
17.4682,0.000000,-2.4789,-0.065490
17.4694,-0.244068,-2.4950,-0.065524
17.4707,-0.244068,-2.5000,-0.065552
17.4743,-0.244068,-2.4518,-0.065599
17.4753,-0.244068,-2.4216,-0.065603
17.4763,-0.244068,-2.3865,-0.065603
17.4772,-0.244068,-2.3456,-0.065599
17.4781,-0.244068,-2.2999,-0.065591
17.4791,-0.289532,-2.2487,-0.065580
17.4800,-0.289532,-2.1921,-0.065566
17.4809,-0.289532,-2.1301,-0.065548
17.4819,-0.289532,-2.0572,-0.065525
17.4832,-0.289532,-1.9580,-0.065492
17.4844,-0.289532,-1.8499,-0.065452
17.4857,-0.289532,-1.7336,-0.065406
17.4869,-0.289532,-1.6096,-0.065356
17.4882,-0.289532,-1.4784,-0.065299
17.4894,-0.270389,-1.3407,-0.065238
17.4907,-0.270389,-1.1969,-0.065173
17.4919,-0.270389,-1.0478,-0.065102
17.4932,-0.270389,-0.8940,-0.065028
17.4944,-0.270389,-0.7363,-0.064950
17.4957,-0.270389,-0.5753,-0.064868
17.4969,-0.270389,-0.4117,-0.064784
17.4982,-0.270389,-0.2463,-0.064697
17.4994,-0.076570,-0.0796,-0.064607
17.5007,-0.076570,0.0871,-0.064516
17.5019,-0.076570,0.2536,-0.064423
17.5032,-0.076570,0.4189,-0.064329
17.5044,-0.076570,0.5822,-0.064234
17.5057,-0.076570,0.7431,-0.064139
17.5069,-0.076570,0.9007,-0.064044
17.5082,-0.076570,1.0544,-0.063950
17.5094,-0.076570,1.2033,-0.063857
17.5107,0.050249,1.3468,-0.063765
17.5119,0.050249,1.4842,-0.063676
17.5132,0.050249,1.6151,-0.063588
17.5144,0.050249,1.7389,-0.063503
17.5157,0.050249,1.8548,-0.063421
17.5169,0.050249,1.9625,-0.063343
17.5182,0.050249,2.0615,-0.063268
17.5194,0.050249,2.1512,-0.063198
17.5207,-0.004786,2.2314,-0.063131
17.5219,-0.004786,2.3016,-0.063070
17.5253,-0.004786,2.4411,-0.062927
17.5263,-0.004786,2.4658,-0.062894
17.5272,-0.004786,2.4831,-0.062865
17.5282,-0.004786,2.4944,-0.062840
17.5291,-0.004786,2.4996,-0.062819
17.5300,0.246461,2.4988,-0.062800
17.5309,0.246461,2.4918,-0.062785
17.5319,0.246461,2.4779,-0.062773
17.5332,0.246461,2.4503,-0.062763
17.5344,0.246461,2.4117,-0.062760
17.5357,0.246461,2.3624,-0.062762
17.5369,0.246461,2.3026,-0.062771
17.5382,0.246461,2.2325,-0.062786
17.5394,0.246461,2.1525,-0.062808
17.5407,-0.251246,2.0629,-0.062835
17.5419,-0.251246,1.9641,-0.062869
17.5432,-0.251246,1.8565,-0.062908
17.5444,-0.251246,1.7407,-0.062954
17.5457,-0.251246,1.6171,-0.063004
17.5469,-0.251246,1.4863,-0.063060
17.5482,-0.251246,1.3489,-0.063121
17.5494,-0.251246,1.2055,-0.063186
17.5507,-0.078963,1.0567,-0.063256
17.5519,-0.078963,0.9032,-0.063330
17.5532,-0.078963,0.7457,-0.063408
17.5544,-0.078963,0.5849,-0.063490
17.5557,-0.078963,0.4214,-0.063574
17.5569,-0.078963,0.2561,-0.063661
17.5582,-0.078963,0.0896,-0.063751
17.5594,-0.078963,-0.0774,-0.063842
17.5607,0.023928,-0.2436,-0.063935
17.5619,0.023928,-0.4092,-0.064029
17.5632,0.023928,-0.5728,-0.064123
17.5644,0.023928,-0.7339,-0.064218
17.5657,0.023928,-0.8918,-0.064313
17.5669,0.023928,-1.0455,-0.064407
17.5682,0.023928,-1.1947,-0.064500
17.5694,0.023928,-1.3385,-0.064592
17.5707,-0.019143,-1.4764,-0.064682
17.5719,-0.019143,-1.6077,-0.064770
17.5732,-0.019143,-1.7318,-0.064855
17.5764,-0.019143,-2.0142,-0.065059
17.5773,-0.019143,-2.0883,-0.065115
17.5783,-0.019143,-2.1535,-0.065167
17.5792,-0.019143,-2.2144,-0.065217
17.5801,-0.019143,-2.2689,-0.065264
17.5810,-0.105284,-2.3178,-0.065308
17.5820,-0.105284,-2.3611,-0.065349
17.5832,-0.105284,-2.4085,-0.065398
17.5844,-0.105284,-2.4478,-0.065445
17.5857,-0.105284,-2.4763,-0.065485
17.5869,-0.105284,-2.4937,-0.065520
17.5882,-0.105284,-2.5000,-0.065549
17.5894,-0.105284,-2.4951,-0.065572
17.5907,-0.105284,-2.4792,-0.065589
17.5919,-0.119641,-2.4522,-0.065599
17.5932,-0.119641,-2.4143,-0.065603
17.5944,-0.119641,-2.3656,-0.065601
17.5957,-0.119641,-2.3064,-0.065592
17.5969,-0.119641,-2.2369,-0.065577
17.5982,-0.119641,-2.1575,-0.065556
17.5994,-0.119641,-2.0683,-0.065529
17.6007,-0.119641,-1.9702,-0.065496
17.6019,-0.150748,-1.8632,-0.065457
17.6032,-0.150748,-1.7478,-0.065412
17.6044,-0.150748,-1.6246,-0.065362
17.6057,-0.150748,-1.4942,-0.065306
17.6069,-0.150748,-1.3571,-0.065246
17.6082,-0.150748,-1.2141,-0.065180
17.6094,-0.150748,-1.0656,-0.065111
17.6107,-0.150748,-0.9124,-0.065037
17.6119,-0.296710,-0.7551,-0.064959
17.6132,-0.296710,-0.5944,-0.064878
17.6144,-0.296710,-0.4311,-0.064794
17.6157,-0.296710,-0.2657,-0.064707
17.6169,-0.296710,-0.0993,-0.064618
17.6182,-0.296710,0.0674,-0.064526
17.6194,-0.296710,0.2341,-0.064434
17.6207,-0.296710,0.3995,-0.064340
17.6219,-0.050249,0.5633,-0.064245
17.6232,-0.050249,0.7245,-0.064150
17.6244,-0.050249,0.8826,-0.064055
17.6274,-0.050249,1.2421,-0.063832
17.6283,-0.050249,1.3503,-0.063763
17.6293,-0.050249,1.4523,-0.063697
17.6302,-0.050249,1.5508,-0.063631
17.6311,-0.050249,1.6466,-0.063567
17.6320,0.157926,1.7383,-0.063504
17.6332,0.157926,1.8417,-0.063431
17.6344,0.157926,1.9503,-0.063352
17.6357,0.157926,2.0503,-0.063277
17.6369,0.157926,2.1411,-0.063206
17.6382,0.157926,2.2225,-0.063139
17.6394,0.157926,2.2940,-0.063077
17.6407,0.157926,2.3551,-0.063019
17.6419,-0.014357,2.4058,-0.062967
17.6432,-0.014357,2.4458,-0.062921
17.6444,-0.014357,2.4749,-0.062880
17.6457,-0.014357,2.4929,-0.062844
17.6469,-0.014357,2.4999,-0.062815
17.6482,-0.014357,2.4957,-0.062792
17.6494,-0.014357,2.4804,-0.062775
17.6507,-0.014357,2.4541,-0.062764
17.6519,0.129212,2.4168,-0.062760
17.6532,0.129212,2.3688,-0.062762
17.6544,0.129212,2.3102,-0.062770
17.6557,0.129212,2.2413,-0.062784
17.6569,0.129212,2.1624,-0.062805
17.6582,0.129212,2.0739,-0.062832
17.6594,0.129212,1.9755,-0.062865
17.6607,0.129212,1.8686,-0.062904
17.6619,-0.184247,1.7544,-0.062948
17.6632,-0.184247,1.6320,-0.062998
17.6644,-0.184247,1.5020,-0.063053
17.6657,-0.184247,1.3652,-0.063113
17.6669,-0.184247,1.2226,-0.063178
17.6682,-0.184247,1.0744,-0.063248
17.6694,-0.184247,0.9215,-0.063321
17.6707,-0.184247,0.7644,-0.063399
17.6719,-0.184247,0.6039,-0.063480
17.6732,-0.045464,0.4407,-0.063564
17.6744,-0.045464,0.2756,-0.063651
17.6760,-0.045464,0.0599,-0.063767
17.6788,-0.045464,-0.3049,-0.063969
17.6797,-0.045464,-0.4321,-0.064042
17.6806,-0.045464,-0.5531,-0.064112
17.6816,-0.045464,-0.6726,-0.064182
17.6825,-0.086142,-0.7903,-0.064252
17.6834,-0.086142,-0.9063,-0.064322
17.6844,-0.086142,-1.0278,-0.064396
17.6857,-0.086142,-1.1774,-0.064489
17.6869,-0.086142,-1.3219,-0.064581
17.6882,-0.086142,-1.4605,-0.064671
17.6894,-0.086142,-1.5926,-0.064759
17.6907,-0.086142,-1.7176,-0.064845
17.6919,-0.086142,-1.8349,-0.064927
17.6932,0.011964,-1.9441,-0.065006
17.6944,0.011964,-2.0446,-0.065082
17.6957,0.011964,-2.1360,-0.065153
17.6969,0.011964,-2.2179,-0.065220
17.6982,0.011964,-2.2900,-0.065283
17.6994,0.011964,-2.3519,-0.065340
17.7007,0.011964,-2.4031,-0.065393
17.7019,0.011964,-2.4437,-0.065440
17.7032,-0.052642,-2.4735,-0.065481
17.7044,-0.052642,-2.4922,-0.065517
17.7057,-0.052642,-2.4998,-0.065546
17.7069,-0.052642,-2.4963,-0.065570
17.7082,-0.052642,-2.4817,-0.065587
17.7094,-0.052642,-2.4559,-0.065598
17.7107,-0.052642,-2.4193,-0.065603
17.7119,-0.052642,-2.3719,-0.065602
17.7132,-0.186640,-2.3139,-0.065594
17.7144,-0.186640,-2.2456,-0.065580
17.7157,-0.186640,-2.1673,-0.065559
17.7169,-0.186640,-2.0794,-0.065533
17.7182,-0.186640,-1.9821,-0.065500
17.7194,-0.186640,-1.8761,-0.065462
17.7207,-0.186640,-1.7617,-0.065418
17.7219,-0.186640,-1.6394,-0.065368
17.7232,-0.136391,-1.5098,-0.065313
17.7244,-0.136391,-1.3736,-0.065253
17.7257,-0.136391,-1.2312,-0.065188
17.7271,-0.136391,-1.0547,-0.065106
17.7301,-0.136391,-0.6854,-0.064924
17.7311,-0.136391,-0.5586,-0.064860
17.7320,-0.136391,-0.4360,-0.064796
17.7330,-0.212961,-0.3033,-0.064727
17.7340,-0.212961,-0.1709,-0.064656
17.7350,-0.212961,-0.0447,-0.064588
17.7359,-0.212961,0.0795,-0.064520
17.7369,-0.212961,0.2147,-0.064444
17.7382,-0.212961,0.3800,-0.064351
17.7394,-0.212961,0.5440,-0.064256
17.7407,-0.212961,0.7056,-0.064161
17.7419,-0.212961,0.8639,-0.064067
17.7432,-0.021535,1.0185,-0.063972
17.7444,-0.021535,1.1686,-0.063879
17.7457,-0.021535,1.3134,-0.063787
17.7469,-0.021535,1.4524,-0.063697
17.7482,-0.021535,1.5849,-0.063609
17.7494,-0.021535,1.7103,-0.063523
17.7507,-0.021535,1.8282,-0.063440
17.7519,-0.021535,1.9379,-0.063361
17.7532,-0.021535,2.0389,-0.063285
17.7544,-0.100499,2.1309,-0.063214
17.7557,-0.100499,2.2134,-0.063146
17.7569,-0.100499,2.2860,-0.063084
17.7582,-0.100499,2.3484,-0.063026
17.7594,-0.100499,2.4004,-0.062973
17.7607,-0.100499,2.4416,-0.062926
17.7619,-0.100499,2.4720,-0.062884
17.7632,-0.100499,2.4914,-0.062848
17.7644,0.191426,2.4997,-0.062818
17.7657,0.191426,2.4968,-0.062794
17.7669,0.191426,2.4828,-0.062777
17.7682,0.191426,2.4578,-0.062765
17.7694,0.191426,2.4218,-0.062760
17.7707,0.191426,2.3750,-0.062761
17.7719,0.191426,2.3176,-0.062768
17.7732,0.191426,2.2499,-0.062782
17.7744,0.114855,2.1722,-0.062802
17.7757,0.114855,2.0848,-0.062828
17.7769,0.114855,1.9881,-0.062861
17.7784,0.114855,1.8569,-0.062908
17.7816,0.114855,1.5530,-0.063031
17.7825,0.114855,1.4512,-0.063075
17.7834,0.114855,1.3489,-0.063121
17.7844,-0.191426,1.2438,-0.063169
17.7853,-0.191426,1.1356,-0.063219
17.7862,-0.191426,1.0247,-0.063272
17.7871,-0.191426,0.9113,-0.063326
17.7882,-0.191426,0.7829,-0.063390
17.7894,-0.191426,0.6229,-0.063470
17.7907,-0.191426,0.4600,-0.063554
17.7919,-0.191426,0.2951,-0.063640
17.7932,-0.191426,0.1288,-0.063729
17.7944,-0.131605,-0.0380,-0.063820
17.7957,-0.131605,-0.2047,-0.063913
17.7969,-0.131605,-0.3704,-0.064007
17.7982,-0.131605,-0.5345,-0.064101
17.7994,-0.131605,-0.6964,-0.064196
17.8007,-0.131605,-0.8549,-0.064291
17.8019,-0.131605,-1.0097,-0.064385
17.8032,-0.131605,-1.1600,-0.064479
17.8044,-0.074178,-1.3052,-0.064571
17.8057,-0.074178,-1.4445,-0.064661
17.8069,-0.074178,-1.5774,-0.064749
17.8082,-0.074178,-1.7033,-0.064835
17.8094,-0.074178,-1.8216,-0.064918
17.8107,-0.074178,-1.9317,-0.064997
17.8119,-0.074178,-2.0333,-0.065073
17.8132,-0.074178,-2.1258,-0.065145
17.8144,0.033500,-2.2088,-0.065213
17.8157,0.033500,-2.2820,-0.065276
17.8169,0.033500,-2.3450,-0.065334
17.8182,0.033500,-2.3976,-0.065387
17.8194,0.033500,-2.4396,-0.065434
17.8207,0.033500,-2.4706,-0.065476
17.8219,0.033500,-2.4906,-0.065513
17.8232,0.033500,-2.4995,-0.065543
17.8244,-0.078963,-2.4973,-0.065567
17.8257,-0.078963,-2.4840,-0.065585
17.8269,-0.078963,-2.4595,-0.065597
17.8282,-0.078963,-2.4242,-0.065603
17.8294,-0.078963,-2.3780,-0.065602
17.8307,-0.078963,-2.3209,-0.065595
17.8344,-0.078963,-2.0901,-0.065536
17.8354,-0.184247,-2.0133,-0.065511
17.8363,-0.184247,-1.9377,-0.065484
17.8373,-0.184247,-1.8575,-0.065455
17.8382,-0.184247,-1.7729,-0.065422
17.8391,-0.184247,-1.6841,-0.065386
17.8400,-0.184247,-1.5911,-0.065348
17.8409,-0.184247,-1.4944,-0.065306
17.8419,-0.184247,-1.3898,-0.065260
17.8432,-0.184247,-1.2483,-0.065196
17.8444,-0.184247,-1.1010,-0.065128
17.8457,-0.198604,-0.9488,-0.065055
17.8469,-0.198604,-0.7924,-0.064978
17.8482,-0.198604,-0.6317,-0.064897
17.8494,-0.198604,-0.4695,-0.064814
17.8507,-0.198604,-0.3048,-0.064728
17.8519,-0.198604,-0.1386,-0.064639
17.8532,-0.198604,0.0282,-0.064548
17.8544,-0.198604,0.1949,-0.064456
17.8557,-0.196211,0.3607,-0.064362
17.8569,-0.196211,0.5249,-0.064267
17.8582,-0.196211,0.6868,-0.064172
17.8594,-0.196211,0.8457,-0.064078
17.8607,-0.196211,1.0007,-0.063983
17.8619,-0.196211,1.1513,-0.063890
17.8632,-0.196211,1.2968,-0.063798
17.8644,-0.196211,1.4365,-0.063707
17.8657,-0.023928,1.5698,-0.063619
17.8669,-0.023928,1.6961,-0.063533
17.8682,-0.023928,1.8147,-0.063450
17.8694,-0.023928,1.9254,-0.063370
17.8707,-0.023928,2.0275,-0.063294
17.8719,-0.023928,2.1207,-0.063222
17.8732,-0.023928,2.2042,-0.063154
17.8744,-0.023928,2.2780,-0.063091
17.8757,-0.019143,2.3416,-0.063032
17.8769,-0.019143,2.3950,-0.062979
17.8782,-0.019143,2.4374,-0.062931
17.8794,-0.019143,2.4691,-0.062889
17.8807,-0.019143,2.4897,-0.062852
17.8819,-0.019143,2.4993,-0.062821
17.8844,-0.019143,2.4853,-0.062778
17.8853,-0.019143,2.4684,-0.062769
17.8863,0.069392,2.4459,-0.062762
17.8872,0.069392,2.4169,-0.062760
17.8882,0.069392,2.3810,-0.062761
17.8894,0.069392,2.3249,-0.062767
17.8907,0.069392,2.2584,-0.062780
17.8919,0.069392,2.1819,-0.062800
17.8932,0.069392,2.0956,-0.062825
17.8944,0.069392,2.0000,-0.062857
17.8957,0.291924,1.8955,-0.062894
17.8969,0.291924,1.7825,-0.062937
17.8982,0.291924,1.6616,-0.062986
17.8994,0.291924,1.5333,-0.063040
17.9007,0.291924,1.3981,-0.063099
17.9019,0.291924,1.2568,-0.063163
17.9032,0.291924,1.1098,-0.063231
17.9044,0.291924,0.9578,-0.063304
17.9057,0.291924,0.8017,-0.063380
17.9069,-0.239282,0.6419,-0.063461
17.9082,-0.239282,0.4793,-0.063544
17.9094,-0.239282,0.3146,-0.063630
17.9107,-0.239282,0.1484,-0.063719
17.9119,-0.239282,-0.0184,-0.063809
17.9132,-0.239282,-0.1851,-0.063902
17.9144,-0.239282,-0.3510,-0.063995
17.9157,-0.239282,-0.5153,-0.064090
17.9169,-0.098106,-0.6774,-0.064185
17.9182,-0.098106,-0.8364,-0.064280
17.9194,-0.098106,-0.9918,-0.064374
17.9207,-0.098106,-1.1425,-0.064467
17.9219,-0.098106,-1.2882,-0.064560
17.9232,-0.098106,-1.4285,-0.064651
17.9244,-0.098106,-1.5622,-0.064739
17.9257,-0.098106,-1.6889,-0.064825
17.9269,-0.102891,-1.8081,-0.064908
17.9282,-0.102891,-1.9192,-0.064988
17.9294,-0.102891,-2.0218,-0.065064
17.9307,-0.102891,-2.1154,-0.065137
17.9319,-0.102891,-2.1997,-0.065205
17.9332,-0.102891,-2.2741,-0.065269
17.9355,-0.102891,-2.3854,-0.065374
17.9364,0.102891,-2.4201,-0.065411
17.9374,0.102891,-2.4481,-0.065445
17.9383,0.102891,-2.4701,-0.065476
17.9394,0.102891,-2.4888,-0.065509
17.9407,0.102891,-2.4990,-0.065540
17.9419,0.102891,-2.4981,-0.065565
17.9432,0.102891,-2.4861,-0.065584
17.9444,0.102891,-2.4630,-0.065596
17.9457,0.102891,-2.4289,-0.065603
17.9469,-0.177069,-2.3840,-0.065602
17.9482,-0.177069,-2.3285,-0.065596
17.9494,-0.177069,-2.2626,-0.065583
17.9507,-0.177069,-2.1866,-0.065565
17.9519,-0.177069,-2.1009,-0.065539
17.9532,-0.177069,-2.0058,-0.065508
17.9544,-0.177069,-1.9018,-0.065471
17.9557,-0.177069,-1.7893,-0.065428
17.9569,-0.119641,-1.6689,-0.065380
17.9582,-0.119641,-1.5410,-0.065326
17.9594,-0.119641,-1.4061,-0.065268
17.9607,-0.119641,-1.2652,-0.065204
17.9619,-0.119641,-1.1186,-0.065136
17.9632,-0.119641,-0.9669,-0.065063
17.9644,-0.119641,-0.8109,-0.064987
17.9657,-0.119641,-0.6514,-0.064907
17.9669,-0.196211,-0.4888,-0.064824
17.9682,-0.196211,-0.3243,-0.064738
17.9694,-0.196211,-0.1582,-0.064649
17.9707,-0.196211,0.0086,-0.064559
17.9719,-0.196211,0.1752,-0.064467
17.9732,-0.196211,0.3411,-0.064373
17.9744,-0.196211,0.5058,-0.064278
17.9757,-0.196211,0.6680,-0.064184
17.9769,-0.227318,0.8272,-0.064089
17.9782,-0.227318,0.9827,-0.063994
17.9794,-0.227318,1.1339,-0.063901
17.9807,-0.227318,1.2800,-0.063808
17.9819,-0.227318,1.4204,-0.063718
17.9832,-0.227318,1.5545,-0.063629
17.9865,-0.227318,1.8786,-0.063404
17.9875,-0.198604,1.9611,-0.063344
17.9884,-0.198604,2.0350,-0.063288
17.9893,-0.198604,2.1041,-0.063235
17.9902,-0.198604,2.1679,-0.063184
17.9912,-0.198604,2.2266,-0.063135
17.9921,-0.198604,2.2813,-0.063088
17.9932,-0.198604,2.3347,-0.063039
17.9944,-0.198604,2.3891,-0.062985
17.9957,-0.198604,2.4329,-0.062936
17.9969,-0.198604,2.4659,-0.062893
17.9982,0.181855,2.4878,-0.062856
17.9994,0.181855,2.4987,-0.062825
18.0007,0.181855,2.4985,-0.062799
18.0019,0.181855,2.4871,-0.062780
18.0032,0.181855,2.4647,-0.062767
18.0044,0.181855,2.4312,-0.062760
18.0057,0.181855,2.3869,-0.062760
18.0069,0.181855,2.3321,-0.062766
18.0082,0.086142,2.2668,-0.062778
18.0094,0.086142,2.1914,-0.062797
18.0107,0.086142,2.1062,-0.062822
18.0119,0.086142,2.0117,-0.062853
18.0132,0.086142,1.9082,-0.062889
18.0144,0.086142,1.7962,-0.062932
18.0157,0.086142,1.6762,-0.062980
18.0169,0.086142,1.5487,-0.063033
18.0182,-0.016750,1.4144,-0.063092
18.0194,-0.016750,1.2736,-0.063155
18.0207,-0.016750,1.1273,-0.063223
18.0219,-0.016750,0.9760,-0.063295
18.0232,-0.016750,0.8203,-0.063371
18.0244,-0.016750,0.6611,-0.063451
18.0257,-0.016750,0.4987,-0.063534
18.0269,-0.016750,0.3340,-0.063620
18.0282,-0.131605,0.1680,-0.063708
18.0294,-0.131605,0.0013,-0.063799
18.0307,-0.131605,-0.1659,-0.063891
18.0319,-0.131605,-0.3317,-0.063984
18.0332,-0.131605,-0.4962,-0.064079
18.0344,-0.131605,-0.6585,-0.064174
18.0377,-0.131605,-1.0677,-0.064421
18.0386,-0.016750,-1.1831,-0.064493
18.0396,-0.016750,-1.2903,-0.064561
18.0405,-0.016750,-1.3942,-0.064628
18.0414,-0.016750,-1.4946,-0.064694
18.0423,-0.016750,-1.5914,-0.064759
18.0433,-0.016750,-1.6843,-0.064822
18.0444,-0.016750,-1.7945,-0.064899
18.0457,-0.016750,-1.9065,-0.064979
18.0469,-0.016750,-2.0102,-0.065056
18.0482,-0.122034,-2.1048,-0.065128
18.0494,-0.122034,-2.1901,-0.065197
18.0507,-0.122034,-2.2657,-0.065261
18.0519,-0.122034,-2.3311,-0.065320
18.0532,-0.122034,-2.3862,-0.065375
18.0544,-0.122034,-2.4306,-0.065424
18.0557,-0.122034,-2.4642,-0.065467
18.0569,-0.122034,-2.4869,-0.065505
18.0582,0.040678,-2.4984,-0.065536
18.0594,0.040678,-2.4988,-0.065562
18.0607,0.040678,-2.4881,-0.065582
18.0619,0.040678,-2.4663,-0.065595
18.0632,0.040678,-2.4335,-0.065602
18.0644,0.040678,-2.3898,-0.065603
18.0657,0.040678,-2.3356,-0.065597
18.0669,0.040678,-2.2709,-0.065585
18.0682,0.040678,-2.1961,-0.065567
18.0694,-0.105284,-2.1115,-0.065543
18.0707,-0.105284,-2.0175,-0.065512
18.0719,-0.105284,-1.9145,-0.065476
18.0732,-0.105284,-1.8030,-0.065434
18.0744,-0.105284,-1.6835,-0.065386
18.0757,-0.105284,-1.5565,-0.065333
18.0769,-0.105284,-1.4224,-0.065275
18.0782,-0.105284,-1.2821,-0.065212
18.0794,-0.203390,-1.1361,-0.065144
18.0807,-0.203390,-0.9850,-0.065072
18.0819,-0.203390,-0.8295,-0.064996
18.0832,-0.203390,-0.6704,-0.064917
18.0844,-0.203390,-0.5082,-0.064834
18.0857,-0.203390,-0.3437,-0.064748
18.0892,-0.057428,0.1281,-0.064493
18.0903,-0.057428,0.2701,-0.064413
18.0912,-0.057428,0.4001,-0.064339
18.0922,-0.057428,0.5217,-0.064269
18.0931,-0.057428,0.6416,-0.064199
18.0940,-0.057428,0.7600,-0.064129
18.0949,-0.057428,0.8763,-0.064059
18.0959,-0.057428,0.9906,-0.063989
18.0969,-0.057428,1.1168,-0.063911
18.0982,-0.057428,1.2631,-0.063819
18.0994,-0.289532,1.4043,-0.063728
18.1007,-0.289532,1.5390,-0.063639
18.1019,-0.289532,1.6670,-0.063553
18.1032,-0.289532,1.7876,-0.063469
18.1044,-0.289532,1.9002,-0.063389
18.1057,-0.289532,2.0043,-0.063312
18.1069,-0.289532,2.0997,-0.063238
18.1082,-0.289532,2.1854,-0.063170
18.1094,-0.043071,2.2615,-0.063105
18.1107,-0.043071,2.3276,-0.063046
18.1119,-0.043071,2.3832,-0.062991
18.1132,-0.043071,2.4283,-0.062942
18.1144,-0.043071,2.4626,-0.062898
18.1157,-0.043071,2.4858,-0.062860
18.1169,-0.043071,2.4980,-0.062828
18.1182,-0.043071,2.4991,-0.062802
18.1194,0.040678,2.4890,-0.062782
18.1207,0.040678,2.4679,-0.062768
18.1219,0.040678,2.4357,-0.062761
18.1232,0.040678,2.3927,-0.062760
18.1244,0.040678,2.3391,-0.062765
18.1257,0.040678,2.2750,-0.062777
18.1269,0.040678,2.2008,-0.062795
18.1282,0.040678,2.1167,-0.062819
18.1294,0.105284,2.0233,-0.062849
18.1307,0.105284,1.9207,-0.062885
18.1319,0.105284,1.8096,-0.062926
18.1332,0.105284,1.6906,-0.062974
18.1344,0.105284,1.5640,-0.063027
18.1357,0.105284,1.4305,-0.063084
18.1369,0.105284,1.2905,-0.063147
18.1382,0.105284,1.1448,-0.063215
18.1394,0.263210,0.9940,-0.063286
18.1409,0.263210,0.8016,-0.063380
18.1441,0.263210,0.3910,-0.063590
18.1451,0.263210,0.2650,-0.063656
18.1460,0.263210,0.1421,-0.063722
18.1469,0.263210,0.0190,-0.063789
18.1478,0.263210,-0.1043,-0.063857
18.1488,0.263210,-0.2268,-0.063925
18.1497,-0.502493,-0.3490,-0.063994
18.1507,-0.502493,-0.4770,-0.064068
18.1519,-0.502493,-0.6395,-0.064162
18.1532,-0.502493,-0.7993,-0.064257
18.1544,-0.502493,-0.9556,-0.064352
18.1557,-0.502493,-1.1076,-0.064446
18.1569,-0.502493,-1.2546,-0.064538
18.1582,-0.502493,-1.3960,-0.064629
18.1594,-0.502493,-1.5314,-0.064718
18.1607,-0.076570,-1.6611,-0.064806
18.1619,-0.076570,-1.7810,-0.064889
18.1632,-0.076570,-1.8938,-0.064970
18.1644,-0.076570,-1.9985,-0.065047
18.1657,-0.076570,-2.0942,-0.065120
18.1669,-0.076570,-2.1806,-0.065189
18.1682,-0.076570,-2.2573,-0.065254
18.1694,-0.076570,-2.3240,-0.065314
18.1707,0.184247,-2.3803,-0.065369
18.1719,0.184247,-2.4260,-0.065418
18.1732,0.184247,-2.4608,-0.065462
18.1744,0.184247,-2.4848,-0.065501
18.1757,0.184247,-2.4976,-0.065533
18.1769,0.184247,-2.4993,-0.065560
18.1782,0.184247,-2.4899,-0.065580
18.1794,0.184247,-2.4694,-0.065594
18.1807,0.069392,-2.4379,-0.065602
18.1819,0.069392,-2.3956,-0.065603
18.1832,0.069392,-2.3425,-0.065598
18.1844,0.069392,-2.2785,-0.065587
18.1857,0.069392,-2.2054,-0.065570
18.1869,0.069392,-2.1219,-0.065546
18.1882,0.069392,-2.0290,-0.065516
18.1894,0.069392,-1.9270,-0.065481
18.1907,-0.102891,-1.8165,-0.065439
18.1919,-0.102891,-1.6978,-0.065392
18.1932,-0.102891,-1.5717,-0.065340
18.1949,-0.102891,-1.3875,-0.065259
18.1979,-0.102891,-1.0386,-0.065098
18.1988,-0.102891,-0.9220,-0.065042
18.1997,-0.102891,-0.8060,-0.064985
18.2007,-0.318245,-0.6887,-0.064926
18.2016,-0.318245,-0.5695,-0.064865
18.2025,-0.318245,-0.4491,-0.064803
18.2034,-0.318245,-0.3274,-0.064740
18.2044,-0.318245,-0.1973,-0.064670
18.2057,-0.318245,-0.0307,-0.064580
18.2069,-0.318245,0.1361,-0.064488
18.2082,-0.318245,0.3024,-0.064395
18.2094,-0.318245,0.4678,-0.064300
18.2107,-0.212961,0.6301,-0.064206
18.2119,-0.212961,0.7900,-0.064111
18.2132,-0.212961,0.9465,-0.064016
18.2144,-0.212961,1.0987,-0.063923
18.2157,-0.212961,1.2460,-0.063830
18.2169,-0.212961,1.3878,-0.063739
18.2182,-0.212961,1.5235,-0.063650
18.2194,-0.212961,1.6523,-0.063563
18.2207,-0.361316,1.7738,-0.063479
18.2219,-0.361316,1.8874,-0.063398
18.2232,-0.361316,1.9925,-0.063321
18.2244,-0.361316,2.0888,-0.063247
18.2257,-0.361316,2.1758,-0.063178
18.2269,-0.361316,2.2531,-0.063113
18.2282,-0.361316,2.3203,-0.063052
18.2294,-0.361316,2.3772,-0.062997
18.2307,-0.361316,2.4236,-0.062947
18.2319,0.157926,2.4591,-0.062903
18.2332,0.157926,2.4837,-0.062864
18.2344,0.157926,2.4972,-0.062832
18.2357,0.157926,2.4995,-0.062805
18.2369,0.157926,2.4908,-0.062784
18.2382,0.157926,2.4709,-0.062770
18.2394,0.157926,2.4401,-0.062761
18.2407,0.157926,2.3983,-0.062760
18.2419,0.038285,2.3459,-0.062764
18.2432,0.038285,2.2830,-0.062775
18.2444,0.038285,2.2100,-0.062792
18.2461,0.038285,2.0953,-0.062825
18.2498,0.038285,1.7888,-0.062935
18.2508,0.038285,1.6945,-0.062972
18.2517,0.282353,1.6012,-0.063011
18.2526,0.282353,1.5045,-0.063052
18.2535,0.282353,1.4044,-0.063096
18.2545,0.282353,1.3008,-0.063143
18.2554,0.282353,1.1940,-0.063192
18.2563,0.282353,1.0847,-0.063243
18.2572,0.282353,0.9726,-0.063297
18.2581,0.282353,0.8581,-0.063353
18.2594,0.282353,0.6984,-0.063432
18.2607,0.282353,0.5370,-0.063514
18.2619,-0.069392,0.3729,-0.063599
18.2632,-0.069392,0.2072,-0.063687
18.2644,-0.069392,0.0405,-0.063777
18.2657,-0.069392,-0.1264,-0.063869
18.2669,-0.069392,-0.2926,-0.063962
18.2682,-0.069392,-0.4576,-0.064057
18.2694,-0.069392,-0.6205,-0.064151
18.2707,-0.069392,-0.7807,-0.064246
18.2719,-0.179462,-0.9374,-0.064341
18.2732,-0.179462,-1.0899,-0.064435
18.2744,-0.179462,-1.2376,-0.064527
18.2757,-0.179462,-1.3797,-0.064619
18.2769,-0.179462,-1.5157,-0.064708
18.2782,-0.179462,-1.6450,-0.064795
18.2794,-0.179462,-1.7669,-0.064879
18.2807,-0.179462,-1.8809,-0.064960
18.2819,-0.150748,-1.9866,-0.065038
18.2832,-0.150748,-2.0834,-0.065112
18.2844,-0.150748,-2.1710,-0.065181
18.2857,-0.150748,-2.2488,-0.065247
18.2869,-0.150748,-2.3167,-0.065307
18.2882,-0.150748,-2.3742,-0.065362
18.2894,-0.150748,-2.4212,-0.065413
18.2907,-0.150748,-2.4573,-0.065457
18.2919,-0.002393,-2.4825,-0.065496
18.2932,-0.002393,-2.4967,-0.065530
18.2944,-0.002393,-2.4997,-0.065557
18.2957,-0.002393,-2.4916,-0.065578
18.2973,-0.002393,-2.4641,-0.065596
18.2998,-0.002393,-2.3877,-0.065603
18.3007,-0.002393,-2.3473,-0.065599
18.3016,-0.002393,-2.3020,-0.065592
18.3025,0.133998,-2.2512,-0.065581
18.3035,0.133998,-2.1948,-0.065567
18.3044,0.133998,-2.1322,-0.065549
18.3057,0.133998,-2.0404,-0.065520
18.3069,0.133998,-1.9395,-0.065485
18.3082,0.133998,-1.8300,-0.065444
18.3094,0.133998,-1.7123,-0.065398
18.3107,0.133998,-1.5870,-0.065346
18.3119,0.133998,-1.4546,-0.065289
18.3132,-0.263210,-1.3157,-0.065227
18.3144,-0.263210,-1.1709,-0.065160
18.3157,-0.263210,-1.0209,-0.065089
18.3169,-0.263210,-0.8665,-0.065014
18.3182,-0.263210,-0.7081,-0.064936
18.3194,-0.263210,-0.5466,-0.064854
18.3207,-0.263210,-0.3826,-0.064769
18.3219,-0.263210,-0.2170,-0.064681
18.3232,-0.047856,-0.0504,-0.064591
18.3244,-0.047856,0.1165,-0.064499
18.3257,-0.047856,0.2828,-0.064406
18.3269,-0.047856,0.4479,-0.064312
18.3282,-0.047856,0.6110,-0.064217
18.3294,-0.047856,0.7714,-0.064122
18.3307,-0.047856,0.9285,-0.064027
18.3319,-0.047856,1.0812,-0.063934
18.3332,-0.428315,1.2290,-0.063841
18.3344,-0.428315,1.3715,-0.063749
18.3357,-0.428315,1.5078,-0.063660
18.3369,-0.428315,1.6374,-0.063573
18.3382,-0.428315,1.7603,-0.063488
18.3394,-0.428315,1.8745,-0.063407
18.3407,-0.428315,1.9806,-0.063329
18.3419,-0.428315,2.0780,-0.063255
18.3432,-0.059821,2.1661,-0.063185
18.3444,-0.059821,2.2445,-0.063120
18.3457,-0.059821,2.3130,-0.063059
18.3469,-0.059821,2.3711,-0.063003
18.3485,-0.059821,2.4296,-0.062940
18.3507,-0.059821,2.4815,-0.062868
18.3516,-0.059821,2.4936,-0.062843
18.3525,-0.059821,2.4994,-0.062821
18.3535,-0.390030,2.4991,-0.062802
18.3544,-0.390030,2.4924,-0.062786
18.3557,-0.390030,2.4738,-0.062771
18.3569,-0.390030,2.4443,-0.062762
18.3582,-0.390030,2.4038,-0.062760
18.3594,-0.390030,2.3526,-0.062763
18.3607,-0.390030,2.2910,-0.062773
18.3619,-0.390030,2.2191,-0.062790
18.3632,0.540778,2.1374,-0.062812
18.3644,0.540778,2.0461,-0.062841
18.3657,0.540778,1.9457,-0.062876
18.3669,0.540778,1.8367,-0.062916
18.3682,0.540778,1.7194,-0.062962
18.3694,0.540778,1.5945,-0.063014
18.3707,0.540778,1.4625,-0.063070
18.3719,0.540778,1.3240,-0.063132
18.3732,0.107677,1.1796,-0.063198
18.3744,0.107677,1.0299,-0.063269
18.3757,0.107677,0.8757,-0.063344
18.3769,0.107677,0.7175,-0.063422
18.3782,0.107677,0.5562,-0.063504
18.3794,0.107677,0.3922,-0.063589
18.3807,0.107677,0.2267,-0.063677
18.3819,0.107677,0.0602,-0.063767
18.3832,0.107677,-0.1067,-0.063858
18.3844,-0.102891,-0.2731,-0.063951
18.3857,-0.102891,-0.4383,-0.064045
18.3869,-0.102891,-0.6015,-0.064140
18.3882,-0.102891,-0.7618,-0.064235
18.3894,-0.102891,-0.9191,-0.064330
18.3907,-0.102891,-1.0722,-0.064424
18.3919,-0.102891,-1.2205,-0.064517
18.3932,-0.102891,-1.3633,-0.064608
18.3944,-0.224925,-1.5001,-0.064698
18.3957,-0.224925,-1.6301,-0.064785
18.3969,-0.224925,-1.7529,-0.064869
18.3982,-0.224925,-1.8679,-0.064951
18.3996,-0.224925,-1.9879,-0.065039
18.4021,-0.224925,-2.1769,-0.065186
18.4031,-0.224925,-2.2359,-0.065235
18.4040,0.212961,-2.2883,-0.065281
18.4049,0.212961,-2.3351,-0.065324
18.4058,0.212961,-2.3763,-0.065365
18.4069,0.212961,-2.4162,-0.065407
18.4082,0.212961,-2.4536,-0.065452
18.4094,0.212961,-2.4801,-0.065492
18.4107,0.212961,-2.4956,-0.065526
18.4119,0.212961,-2.4999,-0.065554
18.4132,0.212961,-2.4931,-0.065576
18.4144,-0.181855,-2.4752,-0.065591
18.4157,-0.181855,-2.4463,-0.065600
18.4169,-0.181855,-2.4065,-0.065603
18.4182,-0.181855,-2.3559,-0.065600
18.4194,-0.181855,-2.2949,-0.065590
18.4207,-0.181855,-2.2236,-0.065574
18.4219,-0.181855,-2.1424,-0.065552
18.4232,-0.181855,-2.0517,-0.065524
18.4244,0.002393,-1.9519,-0.065489
18.4257,0.002393,-1.8433,-0.065449
18.4269,0.002393,-1.7265,-0.065404
18.4282,0.002393,-1.6021,-0.065352
18.4294,0.002393,-1.4705,-0.065296
18.4307,0.002393,-1.3323,-0.065235
18.4319,0.002393,-1.1882,-0.065169
18.4332,0.002393,-1.0389,-0.065098
18.4344,-0.241675,-0.8849,-0.065023
18.4357,-0.241675,-0.7268,-0.064945
18.4369,-0.241675,-0.5657,-0.064863
18.4382,-0.241675,-0.4020,-0.064779
18.4394,-0.241675,-0.2363,-0.064691
18.4407,-0.241675,-0.0701,-0.064602
18.4419,-0.241675,0.0970,-0.064510
18.4432,-0.241675,0.2633,-0.064417
18.4444,-0.413958,0.4286,-0.064323
18.4457,-0.413958,0.5920,-0.064228
18.4469,-0.413958,0.7526,-0.064133
18.4482,-0.413958,0.9100,-0.064039
18.4494,-0.413958,1.0633,-0.063945
18.4508,-0.413958,1.2260,-0.063843
18.4536,-0.413958,1.5399,-0.063639
18.4545,0.203390,1.6372,-0.063573
18.4555,0.203390,1.7283,-0.063511
18.4564,0.203390,1.8152,-0.063450
18.4573,0.203390,1.8976,-0.063391
18.4582,0.203390,1.9755,-0.063333
18.4594,0.203390,2.0670,-0.063264
18.4607,0.203390,2.1562,-0.063194
18.4619,0.203390,2.2358,-0.063127
18.4632,0.203390,2.3054,-0.063066
18.4644,0.203390,2.3648,-0.063010
18.4657,-0.165105,2.4136,-0.062959
18.4669,-0.165105,2.4517,-0.062913
18.4682,-0.165105,2.4789,-0.062873
18.4694,-0.165105,2.4950,-0.062839
18.4707,-0.165105,2.5000,-0.062811
18.4719,-0.165105,2.4938,-0.062788
18.4732,-0.165105,2.4765,-0.062772
18.4744,-0.165105,2.4483,-0.062763
18.4757,-0.155533,2.4091,-0.062760
18.4769,-0.155533,2.3592,-0.062763
18.4782,-0.155533,2.2988,-0.062772
18.4794,-0.155533,2.2280,-0.062788
18.4807,-0.155533,2.1475,-0.062809
18.4819,-0.155533,2.0573,-0.062837
18.4832,-0.155533,1.9580,-0.062871
18.4844,-0.155533,1.8499,-0.062911
18.4857,-0.078963,1.7336,-0.062956
18.4869,-0.078963,1.6096,-0.063007
18.4882,-0.078963,1.4784,-0.063063
18.4894,-0.078963,1.3406,-0.063124
18.4907,-0.078963,1.1969,-0.063190
18.4919,-0.078963,1.0477,-0.063261
18.4932,-0.078963,0.8941,-0.063335
18.4944,-0.078963,0.7363,-0.063413
18.4957,0.299103,0.5752,-0.063495
18.4969,0.299103,0.4117,-0.063579
18.4982,0.299103,0.2463,-0.063666
18.4994,0.299103,0.0798,-0.063756
18.5007,0.299103,-0.0870,-0.063847
18.5020,0.299103,-0.2727,-0.063951
18.5050,0.299103,-0.6642,-0.064177
18.5060,0.124427,-0.7849,-0.064249
18.5069,0.124427,-0.9008,-0.064319
18.5078,0.124427,-1.0146,-0.064388
18.5087,0.124427,-1.1259,-0.064457
18.5097,0.124427,-1.2344,-0.064525
18.5107,0.124427,-1.3469,-0.064597
18.5119,0.124427,-1.4843,-0.064687
18.5132,0.124427,-1.6152,-0.064775
18.5144,0.124427,-1.7389,-0.064860
18.5157,0.016750,-1.8548,-0.064941
18.5169,0.016750,-1.9625,-0.065020
18.5182,0.016750,-2.0614,-0.065095
18.5194,0.016750,-2.1513,-0.065165
18.5207,0.016750,-2.2314,-0.065232
18.5219,0.016750,-2.3016,-0.065293
18.5232,0.016750,-2.3616,-0.065350
18.5244,0.016750,-2.4111,-0.065401
18.5257,-0.308674,-2.4498,-0.065447
18.5269,-0.308674,-2.4776,-0.065488
18.5282,-0.308674,-2.4943,-0.065522
18.5294,-0.308674,-2.5000,-0.065551
18.5307,-0.308674,-2.4945,-0.065573
18.5319,-0.308674,-2.4779,-0.065590
18.5332,-0.308674,-2.4503,-0.065600
18.5344,-0.308674,-2.4117,-0.065603
18.5357,-0.059821,-2.3624,-0.065601
18.5369,-0.059821,-2.3026,-0.065592
18.5382,-0.059821,-2.2325,-0.065576
18.5394,-0.059821,-2.1524,-0.065555
18.5407,-0.059821,-2.0630,-0.065527
18.5419,-0.059821,-1.9642,-0.065494
18.5432,-0.059821,-1.8565,-0.065454
18.5444,-0.059821,-1.7406,-0.065409
18.5457,-0.059821,-1.6171,-0.065359
18.5469,-0.239282,-1.4863,-0.065303
18.5482,-0.239282,-1.3489,-0.065242
18.5494,-0.239282,-1.2054,-0.065176
18.5507,-0.239282,-1.0567,-0.065107
18.5519,-0.239282,-0.9031,-0.065032
18.5535,-0.239282,-0.7063,-0.064935
18.5564,-0.145962,-0.3205,-0.064736
18.5574,-0.145962,-0.1944,-0.064669
18.5583,-0.145962,-0.0714,-0.064602
18.5592,-0.145962,0.0521,-0.064535
18.5601,-0.145962,0.1748,-0.064467
18.5611,-0.145962,0.2972,-0.064398
18.5620,-0.145962,0.4189,-0.064329
18.5632,-0.145962,0.5729,-0.064239
18.5644,-0.145962,0.7339,-0.064145
18.5657,-0.145962,0.8917,-0.064050
18.5669,0.117248,1.0455,-0.063956
18.5682,0.117248,1.1947,-0.063863
18.5694,0.117248,1.3385,-0.063771
18.5707,0.117248,1.4764,-0.063681
18.5719,0.117248,1.6077,-0.063593
18.5732,0.117248,1.7318,-0.063508
18.5744,0.117248,1.8482,-0.063426
18.5757,0.117248,1.9564,-0.063347
18.5769,-0.193819,2.0559,-0.063272
18.5782,-0.193819,2.1462,-0.063202
18.5794,-0.193819,2.2270,-0.063135
18.5807,-0.193819,2.2978,-0.063073
18.5819,-0.193819,2.3584,-0.063016
18.5832,-0.193819,2.4085,-0.062964
18.5844,-0.193819,2.4478,-0.062918
18.5857,-0.193819,2.4763,-0.062877
18.5869,-0.186640,2.4937,-0.062842
18.5882,-0.186640,2.5000,-0.062814
18.5894,-0.186640,2.4951,-0.062791
18.5907,-0.186640,2.4792,-0.062774
18.5919,-0.186640,2.4522,-0.062764
18.5932,-0.186640,2.4143,-0.062760
18.5944,-0.186640,2.3656,-0.062762
18.5957,-0.186640,2.3064,-0.062770
18.5969,-0.138784,2.2369,-0.062785
18.5982,-0.138784,2.1575,-0.062806
18.5994,-0.138784,2.0684,-0.062834
18.6007,-0.138784,1.9701,-0.062867
18.6019,-0.138784,1.8630,-0.062906
18.6032,-0.138784,1.7477,-0.062951
18.6047,-0.138784,1.5933,-0.063014
18.6074,0.145962,1.3039,-0.063141
18.6083,0.145962,1.1949,-0.063191
18.6092,0.145962,1.0853,-0.063243
18.6102,0.145962,0.9731,-0.063296
18.6111,0.145962,0.8586,-0.063352
18.6120,0.145962,0.7421,-0.063410
18.6132,0.145962,0.5943,-0.063485
18.6144,0.145962,0.4311,-0.063569
18.6157,0.145962,0.2658,-0.063656
18.6169,0.107677,0.0994,-0.063745
18.6182,0.107677,-0.0674,-0.063836
18.6194,0.107677,-0.2342,-0.063929
18.6207,0.107677,-0.3995,-0.064023
18.6219,0.107677,-0.5633,-0.064118
18.6232,0.107677,-0.7245,-0.064213
18.6244,0.107677,-0.8824,-0.064307
18.6257,0.107677,-1.0364,-0.064402
18.6269,0.107677,-1.1860,-0.064495
18.6282,0.019143,-1.3302,-0.064587
18.6294,0.019143,-1.4684,-0.064677
18.6307,0.019143,-1.6004,-0.064765
18.6319,0.019143,-1.7248,-0.064850
18.6332,0.019143,-1.8416,-0.064932
18.6344,0.019143,-1.9503,-0.065011
18.6357,0.019143,-2.0503,-0.065086
18.6369,0.019143,-2.1411,-0.065157
18.6382,-0.066999,-2.2225,-0.065224
18.6394,-0.066999,-2.2939,-0.065286
18.6407,-0.066999,-2.3551,-0.065343
18.6419,-0.066999,-2.4058,-0.065396
18.6432,-0.066999,-2.4458,-0.065442
18.6444,-0.066999,-2.4749,-0.065483
18.6457,-0.066999,-2.4930,-0.065518
18.6469,-0.066999,-2.4999,-0.065548
18.6482,-0.177069,-2.4957,-0.065571
18.6494,-0.177069,-2.4804,-0.065588
18.6507,-0.177069,-2.4541,-0.065599
18.6519,-0.177069,-2.4168,-0.065603
18.6532,-0.177069,-2.3688,-0.065601
18.6544,-0.177069,-2.3102,-0.065593
18.6559,-0.177069,-2.2271,-0.065575
18.6584,-0.066999,-2.0566,-0.065525
18.6593,-0.066999,-1.9822,-0.065500
18.6603,-0.066999,-1.9030,-0.065472
18.6613,-0.066999,-1.8130,-0.065438
18.6623,-0.066999,-1.7170,-0.065400
18.6633,-0.066999,-1.6218,-0.065361
18.6644,-0.066999,-1.5017,-0.065310
18.6657,-0.066999,-1.3654,-0.065249
18.6669,-0.066999,-1.2227,-0.065184
18.6682,-0.220140,-1.0745,-0.065115
18.6694,-0.220140,-0.9215,-0.065041
18.6707,-0.220140,-0.7644,-0.064964
18.6719,-0.220140,-0.6039,-0.064883
18.6732,-0.220140,-0.4408,-0.064799
18.6744,-0.220140,-0.2756,-0.064712
18.6757,-0.220140,-0.1092,-0.064623
18.6769,-0.220140,0.0576,-0.064532
18.6782,-0.155533,0.2245,-0.064439
18.6794,-0.155533,0.3902,-0.064345
18.6807,-0.155533,0.5537,-0.064251
18.6819,-0.155533,0.7151,-0.064156
18.6832,-0.155533,0.8733,-0.064061
18.6844,-0.155533,1.0277,-0.063967
18.6857,-0.155533,1.1774,-0.063873
18.6869,-0.155533,1.3219,-0.063781
18.6882,0.105284,1.4605,-0.063691
18.6894,0.105284,1.5926,-0.063603
18.6907,0.105284,1.7176,-0.063518
18.6919,0.105284,1.8350,-0.063436
18.6932,0.105284,1.9441,-0.063357
18.6944,0.105284,2.0447,-0.063281
18.6957,0.105284,2.1360,-0.063210
18.6969,0.105284,2.2180,-0.063143
18.6982,-0.157926,2.2900,-0.063080
18.6994,-0.157926,2.3518,-0.063023
18.7007,-0.157926,2.4031,-0.062970
18.7019,-0.157926,2.4438,-0.062923
18.7032,-0.157926,2.4735,-0.062882
18.7044,-0.157926,2.4922,-0.062846
18.7057,-0.157926,2.4998,-0.062817
18.7070,-0.157926,2.4956,-0.062792
18.7106,-0.191426,2.4216,-0.062760
18.7116,-0.191426,2.3849,-0.062760
18.7125,-0.191426,2.3449,-0.062764
18.7134,-0.191426,2.2993,-0.062772
18.7144,-0.191426,2.2482,-0.062783
18.7153,-0.191426,2.1916,-0.062797
18.7162,-0.191426,2.1298,-0.062815
18.7171,-0.191426,2.0628,-0.062835
18.7182,-0.191426,1.9820,-0.062863
18.7194,-0.021535,1.8761,-0.062901
18.7207,-0.021535,1.7617,-0.062945
18.7219,-0.021535,1.6395,-0.062995
18.7232,-0.021535,1.5099,-0.063050
18.7244,-0.021535,1.3736,-0.063110
18.7257,-0.021535,1.2312,-0.063174
18.7269,-0.021535,1.0834,-0.063244
18.7282,-0.021535,0.9306,-0.063317
18.7294,0.016750,0.7738,-0.063394
18.7307,0.016750,0.6133,-0.063475
18.7319,0.016750,0.4502,-0.063559
18.7332,0.016750,0.2848,-0.063646
18.7344,0.016750,0.1190,-0.063735
18.7357,0.016750,-0.0483,-0.063826
18.7369,0.016750,-0.2145,-0.063918
18.7382,0.016750,-0.3801,-0.064012
18.7394,0.028714,-0.5441,-0.064107
18.7407,0.028714,-0.7057,-0.064202
18.7419,0.028714,-0.8641,-0.064296
18.7432,0.028714,-1.0186,-0.064391
18.7444,0.028714,-1.1687,-0.064484
18.7457,0.028714,-1.3135,-0.064576
18.7469,0.028714,-1.4525,-0.064666
18.7482,0.028714,-1.5850,-0.064754
18.7494,0.026321,-1.7105,-0.064840
18.7507,0.026321,-1.8286,-0.064923
18.7519,0.026321,-1.9381,-0.065002
18.7532,0.026321,-2.0390,-0.065077
18.7544,0.026321,-2.1310,-0.065149
18.7557,0.026321,-2.2134,-0.065216
18.7569,0.026321,-2.2860,-0.065279
18.7582,0.026321,-2.3485,-0.065337
18.7608,0.009571,-2.4466,-0.065443
18.7618,0.009571,-2.4694,-0.065475
18.7627,0.009571,-2.4856,-0.065502
18.7636,0.009571,-2.4958,-0.065527
18.7645,0.009571,-2.4999,-0.065548
18.7657,0.009571,-2.4968,-0.065569
18.7669,0.009571,-2.4828,-0.065586
18.7682,0.009571,-2.4578,-0.065598
18.7694,-0.234497,-2.4218,-0.065603
18.7707,-0.234497,-2.3750,-0.065602
18.7719,-0.234497,-2.3176,-0.065594
18.7732,-0.234497,-2.2499,-0.065581
18.7744,-0.234497,-2.1722,-0.065561
18.7757,-0.234497,-2.0848,-0.065534
18.7769,-0.234497,-1.9881,-0.065502
18.7782,-0.234497,-1.8826,-0.065464
18.7794,-0.234497,-1.7686,-0.065420
18.7807,0.019143,-1.6469,-0.065371
18.7819,0.019143,-1.5177,-0.065316
18.7832,0.019143,-1.3818,-0.065257
18.7844,0.019143,-1.2397,-0.065192
18.7857,0.019143,-1.0922,-0.065123
18.7869,0.019143,-0.9397,-0.065050
18.7882,0.019143,-0.7830,-0.064973
18.7894,0.019143,-0.6230,-0.064893
18.7907,-0.114855,-0.4600,-0.064809
18.7919,-0.114855,-0.2951,-0.064722
18.7932,-0.114855,-0.1289,-0.064634
18.7944,-0.114855,0.0380,-0.064543
18.7957,-0.114855,0.2046,-0.064450
18.7969,-0.114855,0.3703,-0.064356
18.7982,-0.114855,0.5345,-0.064262
18.7994,-0.114855,0.6964,-0.064167
18.8007,-0.165105,0.8549,-0.064072
18.8019,-0.165105,1.0097,-0.063978
18.8032,-0.165105,1.1600,-0.063884
18.8044,-0.165105,1.3052,-0.063792
18.8057,-0.165105,1.4445,-0.063702
18.8069,-0.165105,1.5774,-0.063614
18.8082,-0.165105,1.7033,-0.063528
18.8094,-0.165105,1.8220,-0.063445
18.8122,-0.021535,2.0525,-0.063275
18.8131,-0.021535,2.1217,-0.063221
18.8140,-0.021535,2.1843,-0.063171
18.8149,-0.021535,2.2415,-0.063123
18.8159,-0.021535,2.2933,-0.063077
18.8169,-0.021535,2.3451,-0.063029
18.8182,-0.021535,2.3976,-0.062976
18.8194,-0.021535,2.4395,-0.062928
18.8207,-0.184247,2.4705,-0.062886
18.8219,-0.184247,2.4906,-0.062850
18.8232,-0.184247,2.4995,-0.062820
18.8244,-0.184247,2.4973,-0.062795
18.8257,-0.184247,2.4840,-0.062777
18.8269,-0.184247,2.4596,-0.062766
18.8282,-0.184247,2.4242,-0.062760
18.8294,-0.184247,2.3780,-0.062761
18.8307,-0.186640,2.3210,-0.062768
18.8319,-0.186640,2.2541,-0.062781
18.8332,-0.186640,2.1770,-0.062801
18.8344,-0.186640,2.0902,-0.062827
18.8357,-0.186640,1.9941,-0.062859
18.8369,-0.186640,1.8890,-0.062896
18.8382,-0.186640,1.7756,-0.062940
18.8394,-0.186640,1.6541,-0.062989
18.8407,-0.038285,1.5255,-0.063043
18.8419,-0.038285,1.3900,-0.063102
18.8432,-0.038285,1.2483,-0.063167
18.8444,-0.038285,1.1010,-0.063235
18.8457,-0.038285,0.9488,-0.063308
18.8469,-0.038285,0.7924,-0.063385
18.8482,-0.038285,0.6325,-0.063465
18.8494,-0.038285,0.4697,-0.063549
18.8507,0.133998,0.3048,-0.063635
18.8519,0.133998,0.1386,-0.063724
18.8532,0.133998,-0.0282,-0.063815
18.8544,0.133998,-0.1950,-0.063907
18.8557,0.133998,-0.3607,-0.064001
18.8569,0.133998,-0.5250,-0.064096
18.8582,0.133998,-0.6869,-0.064190
18.8594,0.133998,-0.8457,-0.064285
18.8607,-0.007178,-1.0011,-0.064380
18.8635,-0.007178,-1.3407,-0.064593
18.8645,-0.007178,-1.4455,-0.064662
18.8654,-0.007178,-1.5444,-0.064727
18.8663,-0.007178,-1.6394,-0.064791
18.8673,-0.007178,-1.7305,-0.064854
18.8682,-0.007178,-1.8170,-0.064914
18.8694,-0.007178,-1.9255,-0.064993
18.8707,-0.007178,-2.0276,-0.065069
18.8719,0.016750,-2.1206,-0.065141
18.8732,0.016750,-2.2042,-0.065209
18.8744,0.016750,-2.2780,-0.065272
18.8757,0.016750,-2.3416,-0.065330
18.8769,0.016750,-2.3948,-0.065384
18.8782,0.016750,-2.4374,-0.065432
18.8794,0.016750,-2.4690,-0.065474
18.8807,0.016750,-2.4897,-0.065511
18.8819,0.047856,-2.4993,-0.065541
18.8832,0.047856,-2.4977,-0.065566
18.8844,0.047856,-2.4850,-0.065585
18.8857,0.047856,-2.4613,-0.065597
18.8869,0.047856,-2.4266,-0.065603
18.8882,0.047856,-2.3810,-0.065602
18.8894,0.047856,-2.3249,-0.065596
18.8907,0.047856,-2.2584,-0.065583
18.8919,-0.093320,-2.1818,-0.065563
18.8932,-0.093320,-2.0956,-0.065538
18.8944,-0.093320,-2.0000,-0.065506
18.8957,-0.093320,-1.8954,-0.065469
18.8969,-0.093320,-1.7825,-0.065426
18.8982,-0.093320,-1.6616,-0.065377
18.8994,-0.093320,-1.5332,-0.065323
18.9007,-0.093320,-1.3983,-0.065264
18.9019,-0.169890,-1.2568,-0.065200
18.9032,-0.169890,-1.1099,-0.065132
18.9044,-0.169890,-0.9578,-0.065059
18.9057,-0.169890,-0.8017,-0.064982
18.9069,-0.169890,-0.6419,-0.064902
18.9082,-0.169890,-0.4793,-0.064819
18.9094,-0.169890,-0.3146,-0.064733
18.9107,-0.169890,-0.1485,-0.064644
18.9119,-0.138784,0.0184,-0.064553
18.9153,-0.138784,0.4690,-0.064300
18.9163,-0.138784,0.5961,-0.064226
18.9172,-0.138784,0.7151,-0.064156
18.9181,-0.138784,0.8323,-0.064086
18.9190,-0.138784,0.9474,-0.064016
18.9200,-0.138784,1.0601,-0.063947
18.9209,-0.138784,1.1703,-0.063878
18.9219,-0.189033,1.2885,-0.063803
18.9232,-0.189033,1.4285,-0.063712
18.9244,-0.189033,1.5621,-0.063624
18.9257,-0.189033,1.6889,-0.063538
18.9269,-0.189033,1.8080,-0.063455
18.9282,-0.189033,1.9192,-0.063375
18.9294,-0.189033,2.0218,-0.063298
18.9307,-0.189033,2.1155,-0.063226
18.9319,-0.100499,2.1996,-0.063158
18.9332,-0.100499,2.2740,-0.063094
18.9344,-0.100499,2.3382,-0.063036
18.9357,-0.100499,2.3920,-0.062982
18.9369,-0.100499,2.4351,-0.062934
18.9382,-0.100499,2.4675,-0.062891
18.9394,-0.100499,2.4888,-0.062854
18.9407,-0.100499,2.4990,-0.062823
18.9419,-0.100499,2.4981,-0.062798
18.9432,-0.133998,2.4861,-0.062779
18.9444,-0.133998,2.4630,-0.062767
18.9457,-0.133998,2.4289,-0.062760
18.9469,-0.133998,2.3840,-0.062760
18.9482,-0.133998,2.3285,-0.062767
18.9494,-0.133998,2.2626,-0.062779
18.9507,-0.133998,2.1866,-0.062798
18.9519,-0.133998,2.1009,-0.062823
18.9532,-0.098106,2.0059,-0.062855
18.9544,-0.098106,1.9018,-0.062892
18.9557,-0.098106,1.7893,-0.062934
18.9569,-0.098106,1.6689,-0.062983
18.9582,-0.098106,1.5410,-0.063036
18.9594,-0.098106,1.4062,-0.063095
18.9607,-0.098106,1.2652,-0.063159
18.9619,-0.098106,1.1185,-0.063227
18.9632,0.050249,0.9669,-0.063299
18.9664,0.050249,0.5485,-0.063508
18.9674,0.050249,0.4194,-0.063575
18.9684,0.050249,0.2969,-0.063639
18.9693,0.050249,0.1743,-0.063705
18.9702,0.050249,0.0514,-0.063771
18.9711,0.050249,-0.0717,-0.063839
18.9720,0.050249,-0.1945,-0.063907
18.9732,0.090927,-0.3414,-0.063990
18.9744,0.090927,-0.5058,-0.064084
18.9757,0.090927,-0.6679,-0.064179
18.9769,0.090927,-0.8272,-0.064274
18.9782,0.090927,-0.9827,-0.064369
18.9794,0.090927,-1.1341,-0.064462
18.9807,0.090927,-1.2800,-0.064554
18.9819,0.090927,-1.4204,-0.064645
18.9832,-0.040678,-1.5544,-0.064734
18.9844,-0.040678,-1.6816,-0.064820
18.9857,-0.040678,-1.8013,-0.064903
18.9869,-0.040678,-1.9129,-0.064983
18.9882,-0.040678,-2.0160,-0.065060
18.9894,-0.040678,-2.1101,-0.065133
18.9907,-0.040678,-2.1949,-0.065201
18.9919,-0.040678,-2.2698,-0.065265
18.9932,0.066999,-2.3347,-0.065324
18.9944,0.066999,-2.3891,-0.065378
18.9957,0.066999,-2.4329,-0.065426
18.9969,0.066999,-2.4659,-0.065469
18.9982,0.066999,-2.4878,-0.065507
18.9994,0.066999,-2.4987,-0.065538
19.0007,0.066999,-2.4985,-0.065563
19.0019,0.066999,-2.4871,-0.065583
19.0032,-0.086142,-2.4647,-0.065596
19.0044,-0.086142,-2.4313,-0.065602
19.0057,-0.086142,-2.3870,-0.065603
19.0069,-0.086142,-2.3321,-0.065597
19.0082,-0.086142,-2.2668,-0.065584
19.0094,-0.086142,-2.1914,-0.065566
19.0107,-0.086142,-2.1062,-0.065541
19.0119,-0.086142,-2.0117,-0.065510
19.0132,-0.038285,-1.9082,-0.065474
19.0144,-0.038285,-1.7962,-0.065431
19.0174,-0.038285,-1.4958,-0.065307
19.0184,-0.038285,-1.3911,-0.065261
19.0193,-0.038285,-1.2867,-0.065214
19.0202,-0.038285,-1.1799,-0.065165
19.0211,-0.038285,-1.0699,-0.065113
19.0221,-0.038285,-0.9575,-0.065059
19.0232,-0.038285,-0.8201,-0.064992
19.0244,-0.172283,-0.6609,-0.064912
19.0257,-0.172283,-0.4986,-0.064829
19.0269,-0.172283,-0.3341,-0.064743
19.0282,-0.172283,-0.1681,-0.064655
19.0294,-0.172283,-0.0013,-0.064564
19.0307,-0.172283,0.1658,-0.064472
19.0319,-0.172283,0.3318,-0.064378
19.0332,-0.172283,0.4961,-0.064284
19.0344,-0.189033,0.6584,-0.064189
19.0357,-0.189033,0.8179,-0.064094
19.0369,-0.189033,0.9737,-0.064000
19.0382,-0.189033,1.1251,-0.063906
19.0394,-0.189033,1.2716,-0.063814
19.0407,-0.189033,1.4122,-0.063723
19.0419,-0.189033,1.5467,-0.063634
19.0432,-0.189033,1.6743,-0.063548
19.0444,-0.131605,1.7945,-0.063464
19.0457,-0.131605,1.9066,-0.063384
19.0469,-0.131605,2.0102,-0.063307
19.0482,-0.131605,2.1048,-0.063234
19.0494,-0.131605,2.1901,-0.063166
19.0507,-0.131605,2.2657,-0.063102
19.0519,-0.131605,2.3311,-0.063042
19.0532,-0.131605,2.3862,-0.062988
19.0544,-0.100499,2.4306,-0.062939
19.0557,-0.100499,2.4643,-0.062896
19.0569,-0.100499,2.4869,-0.062858
19.0582,-0.100499,2.4984,-0.062826
19.0594,-0.100499,2.4988,-0.062801
19.0607,-0.100499,2.4881,-0.062781
19.0619,-0.100499,2.4663,-0.062768
19.0632,-0.100499,2.4335,-0.062761
19.0644,-0.098106,2.3898,-0.062760
19.0657,-0.098106,2.3356,-0.062766
19.0685,-0.098106,2.1764,-0.062801
19.0694,-0.098106,2.1113,-0.062820
19.0703,-0.098106,2.0427,-0.062842
19.0713,-0.098106,1.9692,-0.062867
19.0722,-0.098106,1.8911,-0.062896
19.0732,-0.098106,1.8029,-0.062929
19.0744,-0.143569,1.6835,-0.062977
19.0757,-0.143569,1.5564,-0.063030
19.0769,-0.143569,1.4224,-0.063088
19.0782,-0.143569,1.2821,-0.063151
19.0794,-0.143569,1.1360,-0.063219
19.0807,-0.143569,0.9850,-0.063291
19.0819,-0.143569,0.8295,-0.063367
19.0832,-0.143569,0.6704,-0.063446
19.0844,0.184247,0.5082,-0.063529
19.0857,0.184247,0.3438,-0.063615
19.0869,0.184247,0.1778,-0.063703
19.0882,0.184247,0.0101,-0.063794
19.0894,0.184247,-0.1577,-0.063887
19.0907,0.184247,-0.3225,-0.063979
19.0919,0.184247,-0.4865,-0.064073
19.0932,0.184247,-0.6490,-0.064168
19.0944,0.050249,-0.8086,-0.064263
19.0957,0.050249,-0.9646,-0.064357
19.0969,0.050249,-1.1163,-0.064451
19.0982,0.050249,-1.2630,-0.064544
19.0994,0.050249,-1.4041,-0.064635
19.1007,0.050249,-1.5390,-0.064723
19.1019,0.050249,-1.6670,-0.064810
19.1032,0.050249,-1.7876,-0.064894
19.1044,0.050249,-1.9002,-0.064974
19.1057,-0.133998,-2.0043,-0.065051
19.1069,-0.133998,-2.0996,-0.065124
19.1082,-0.133998,-2.1856,-0.065193
19.1094,-0.133998,-2.2616,-0.065258
19.1107,-0.133998,-2.3276,-0.065317
19.1119,-0.133998,-2.3833,-0.065372
19.1132,-0.133998,-2.4283,-0.065421
19.1144,-0.133998,-2.4626,-0.065465
19.1157,-0.035892,-2.4858,-0.065503
19.1172,-0.035892,-2.4994,-0.065542
19.1199,-0.035892,-2.4823,-0.065587
19.1208,-0.035892,-2.4641,-0.065596
19.1217,-0.035892,-2.4403,-0.065601
19.1227,-0.035892,-2.4107,-0.065603
19.1236,-0.035892,-2.3751,-0.065602
19.1245,-0.035892,-2.3340,-0.065597
19.1257,0.119641,-2.2750,-0.065586
19.1269,0.119641,-2.2008,-0.065568
19.1282,0.119641,-2.1168,-0.065544
19.1294,0.119641,-2.0223,-0.065514
19.1307,0.119641,-1.9205,-0.065478
19.1319,0.119641,-1.8098,-0.065436
19.1332,0.119641,-1.6907,-0.065389
19.1344,0.119641,-1.5641,-0.065336
19.1357,-0.126820,-1.4306,-0.065278
19.1369,-0.126820,-1.2907,-0.065216
19.1382,-0.126820,-1.1450,-0.065148
19.1394,-0.126820,-0.9940,-0.065076
19.1407,-0.126820,-0.8388,-0.065001
19.1419,-0.126820,-0.6798,-0.064921
19.1432,-0.126820,-0.5178,-0.064839
19.1444,-0.126820,-0.3535,-0.064753
19.1457,-0.100499,-0.1876,-0.064665
19.1469,-0.100499,-0.0209,-0.064575
19.1482,-0.100499,0.1459,-0.064483
19.1494,-0.100499,0.3121,-0.064389
19.1507,-0.100499,0.4768,-0.064295
19.1519,-0.100499,0.6395,-0.064200
19.1532,-0.100499,0.7993,-0.064106
19.1544,-0.100499,0.9555,-0.064011
19.1557,-0.248854,1.1075,-0.063917
19.1569,-0.248854,1.2545,-0.063825
19.1582,-0.248854,1.3961,-0.063734
19.1594,-0.248854,1.5313,-0.063644
19.1607,-0.248854,1.6599,-0.063558
19.1619,-0.248854,1.7810,-0.063474
19.1632,-0.248854,1.8938,-0.063393
19.1644,-0.248854,1.9985,-0.063316
19.1657,-0.323031,2.0942,-0.063243
19.1669,-0.323031,2.1807,-0.063174
19.1684,-0.323031,2.2713,-0.063097
19.1724,-0.323031,2.4397,-0.062928
19.1733,-0.323031,2.4650,-0.062895
19.1743,-0.323031,2.4826,-0.062866
19.1752,-0.323031,2.4943,-0.062841
19.1761,0.425922,2.4996,-0.062819
19.1771,0.425922,2.4988,-0.062801
19.1780,0.425922,2.4919,-0.062786
19.1789,0.425922,2.4790,-0.062774
19.1798,0.425922,2.4600,-0.062766
19.1807,0.425922,2.4351,-0.062761
19.1819,0.425922,2.3955,-0.062760
19.1832,0.425922,2.3425,-0.062765
19.1844,0.425922,2.2790,-0.062776
19.1857,0.425922,2.2054,-0.062793
19.1869,-0.246461,2.1220,-0.062817
19.1882,-0.246461,2.0291,-0.062847
19.1894,-0.246461,1.9271,-0.062882
19.1907,-0.246461,1.8166,-0.062924
19.1919,-0.246461,1.6979,-0.062971
19.1932,-0.246461,1.5718,-0.063023
19.1944,-0.246461,1.4386,-0.063081
19.1957,-0.246461,1.2990,-0.063143
19.1969,-0.275175,1.1536,-0.063211
19.1982,-0.275175,1.0031,-0.063282
19.1994,-0.275175,0.8480,-0.063357
19.2007,-0.275175,0.6893,-0.063437
19.2019,-0.275175,0.5274,-0.063519
19.2032,-0.275175,0.3632,-0.063604
19.2044,-0.275175,0.1974,-0.063692
19.2057,-0.275175,0.0308,-0.063783
19.2069,-0.033500,-0.1361,-0.063875
19.2082,-0.033500,-0.3022,-0.063968
19.2094,-0.033500,-0.4672,-0.064062
19.2107,-0.033500,-0.6301,-0.064157
19.2119,-0.033500,-0.7899,-0.064252
19.2132,-0.033500,-0.9464,-0.064346
19.2144,-0.033500,-1.0986,-0.064440
19.2157,-0.033500,-1.2459,-0.064533
19.2169,0.203390,-1.3877,-0.064624
19.2182,0.203390,-1.5234,-0.064713
19.2197,0.203390,-1.6821,-0.064820
19.2228,0.203390,-1.9664,-0.065023
19.2238,0.203390,-2.0423,-0.065080
19.2247,0.203390,-2.1108,-0.065133
19.2256,0.203390,-2.1740,-0.065184
19.2265,-0.083749,-2.2319,-0.065232
19.2275,-0.083749,-2.2847,-0.065278
19.2284,-0.083749,-2.3318,-0.065321
19.2294,-0.083749,-2.3772,-0.065366
19.2307,-0.083749,-2.4235,-0.065415
19.2319,-0.083749,-2.4591,-0.065460
19.2332,-0.083749,-2.4837,-0.065498
19.2344,-0.083749,-2.4972,-0.065531
19.2357,-0.083749,-2.4995,-0.065558
19.2369,0.272782,-2.4908,-0.065579
19.2382,0.272782,-2.4709,-0.065593
19.2394,0.272782,-2.4401,-0.065601
19.2407,0.272782,-2.3983,-0.065603
19.2419,0.272782,-2.3459,-0.065599
19.2432,0.272782,-2.2831,-0.065588
19.2444,0.272782,-2.2100,-0.065571
19.2457,0.272782,-2.1271,-0.065547
19.2469,-0.258425,-2.0348,-0.065518
19.2482,-0.258425,-1.9333,-0.065483
19.2494,-0.258425,-1.8233,-0.065442
19.2507,-0.258425,-1.7051,-0.065395
19.2519,-0.258425,-1.5793,-0.065343
19.2532,-0.258425,-1.4465,-0.065285
19.2544,-0.258425,-1.3073,-0.065223
19.2557,-0.258425,-1.1622,-0.065156
19.2569,-0.258425,-1.0120,-0.065085
19.2582,-0.122034,-0.8573,-0.065010
19.2594,-0.122034,-0.6985,-0.064931
19.2607,-0.122034,-0.5372,-0.064849
19.2619,-0.122034,-0.3731,-0.064764
19.2632,-0.122034,-0.2064,-0.064675
19.2644,-0.122034,-0.0404,-0.064586
19.2657,-0.122034,0.1264,-0.064494
19.2669,-0.122034,0.2926,-0.064400
19.2682,-0.119641,0.4576,-0.064306
19.2694,-0.119641,0.6205,-0.064212
19.2707,-0.119641,0.7807,-0.064117
19.2719,-0.119641,0.9374,-0.064022
19.2732,-0.119641,1.0903,-0.063928
19.2757,-0.119641,1.3870,-0.063739
19.2767,-0.119641,1.4897,-0.063672
19.2776,-0.299103,1.5868,-0.063607
19.2785,-0.299103,1.6798,-0.063544
19.2794,-0.299103,1.7693,-0.063482
19.2807,-0.299103,1.8810,-0.063403
19.2819,-0.299103,1.9866,-0.063325
19.2832,-0.299103,2.0834,-0.063251
19.2844,-0.299103,2.1710,-0.063182
19.2857,-0.299103,2.2488,-0.063116
19.2869,-0.299103,2.3167,-0.063056
19.2882,0.066999,2.3742,-0.063000
19.2894,0.066999,2.4211,-0.062950
19.2907,0.066999,2.4573,-0.062905
19.2919,0.066999,2.4825,-0.062866
19.2932,0.066999,2.4967,-0.062833
19.2944,0.066999,2.4997,-0.062806
19.2957,0.066999,2.4916,-0.062785
19.2969,0.066999,2.4724,-0.062770
19.2982,-0.074178,2.4422,-0.062762
19.2994,-0.074178,2.4010,-0.062760
19.3007,-0.074178,2.3493,-0.062764
19.3019,-0.074178,2.2870,-0.062774
19.3032,-0.074178,2.2146,-0.062791
19.3044,-0.074178,2.1323,-0.062814
19.3057,-0.074178,2.0404,-0.062843
19.3069,-0.074178,1.9395,-0.062878
19.3082,-0.129212,1.8300,-0.062919
19.3094,-0.129212,1.7123,-0.062965
19.3107,-0.129212,1.5870,-0.063017
19.3119,-0.129212,1.4547,-0.063074
19.3132,-0.129212,1.3158,-0.063136
19.3144,-0.129212,1.1705,-0.063203
19.3157,-0.129212,1.0209,-0.063273
19.3169,-0.129212,0.8665,-0.063348
19.3182,-0.114855,0.7081,-0.063427
19.3194,-0.114855,0.5465,-0.063509
19.3207,-0.114855,0.3826,-0.063594
19.3219,-0.114855,0.2169,-0.063682
19.3232,-0.114855,0.0503,-0.063772
19.3263,-0.114855,-0.3734,-0.064008
19.3273,-0.114855,-0.5009,-0.064082
19.3282,-0.074178,-0.6207,-0.064151
19.3291,-0.074178,-0.7391,-0.064221
19.3301,-0.074178,-0.8557,-0.064291
19.3310,-0.074178,-0.9709,-0.064361
19.3319,-0.074178,-1.0845,-0.064431
19.3332,-0.074178,-1.2292,-0.064522
19.3344,-0.074178,-1.3716,-0.064613
19.3357,-0.074178,-1.5079,-0.064703
19.3369,-0.074178,-1.6376,-0.064790
19.3382,-0.074178,-1.7599,-0.064874
19.3394,0.217747,-1.8744,-0.064956
19.3407,0.217747,-1.9806,-0.065033
19.3419,0.217747,-2.0780,-0.065107
19.3432,0.217747,-2.1661,-0.065177
19.3444,0.217747,-2.2445,-0.065243
19.3457,0.217747,-2.3130,-0.065304
19.3469,0.217747,-2.3711,-0.065359
19.3482,0.217747,-2.4187,-0.065410
19.3494,-0.066999,-2.4555,-0.065455
19.3507,-0.066999,-2.4813,-0.065494
19.3519,-0.066999,-2.4962,-0.065528
19.3532,-0.066999,-2.4998,-0.065555
19.3544,-0.066999,-2.4924,-0.065577
19.3557,-0.066999,-2.4738,-0.065592
19.3569,-0.066999,-2.4443,-0.065601
19.3582,-0.066999,-2.4038,-0.065603
19.3594,0.145962,-2.3526,-0.065600
19.3607,0.145962,-2.2910,-0.065589
19.3619,0.145962,-2.2191,-0.065573
19.3632,0.145962,-2.1374,-0.065551
19.3644,0.145962,-2.0462,-0.065522
19.3657,0.145962,-1.9458,-0.065487
19.3669,0.145962,-1.8366,-0.065447
19.3682,0.145962,-1.7194,-0.065401
19.3694,-0.198604,-1.5945,-0.065349
19.3707,-0.198604,-1.4625,-0.065292
19.3719,-0.198604,-1.3240,-0.065231
19.3732,-0.198604,-1.1796,-0.065164
19.3744,-0.198604,-1.0299,-0.065094
19.3773,-0.198604,-0.6709,-0.064917
19.3782,-0.198604,-0.5460,-0.064853
19.3792,0.112463,-0.4251,-0.064791
19.3801,0.112463,-0.3009,-0.064726
19.3810,0.112463,-0.1781,-0.064660
19.3819,0.112463,-0.0552,-0.064594
19.3832,0.112463,0.1068,-0.064505
19.3844,0.112463,0.2731,-0.064412
19.3857,0.112463,0.4383,-0.064317
19.3869,0.112463,0.6015,-0.064223
19.3882,0.112463,0.7620,-0.064128
19.3894,-0.349352,0.9191,-0.064033
19.3907,-0.349352,1.0722,-0.063939
19.3919,-0.349352,1.2204,-0.063846
19.3932,-0.349352,1.3633,-0.063755
19.3944,-0.349352,1.5000,-0.063665
19.3957,-0.349352,1.6301,-0.063578
19.3969,-0.349352,1.7529,-0.063493
19.3982,-0.349352,1.8679,-0.063412
19.3994,-0.272782,1.9747,-0.063334
19.4007,-0.272782,2.0725,-0.063260
19.4019,-0.272782,2.1611,-0.063189
19.4032,-0.272782,2.2402,-0.063124
19.4044,-0.272782,2.3092,-0.063063
19.4057,-0.272782,2.3680,-0.063007
19.4069,-0.272782,2.4162,-0.062956
19.4082,-0.272782,2.4536,-0.062910
19.4094,0.076570,2.4801,-0.062871
19.4107,0.076570,2.4956,-0.062837
19.4119,0.076570,2.4999,-0.062809
19.4132,0.076570,2.4931,-0.062787
19.4144,0.076570,2.4752,-0.062772
19.4157,0.076570,2.4463,-0.062762
19.4169,0.076570,2.4065,-0.062760
19.4182,0.076570,2.3559,-0.062763
19.4194,0.076570,2.2949,-0.062773
19.4207,-0.035892,2.2236,-0.062789
19.4219,-0.035892,2.1424,-0.062811
19.4232,-0.035892,2.0517,-0.062839
19.4244,-0.035892,1.9518,-0.062873
19.4257,-0.035892,1.8433,-0.062914
19.4286,-0.035892,1.5532,-0.063031
19.4296,-0.035892,1.4515,-0.063075
19.4305,-0.457029,1.3483,-0.063121
19.4314,-0.457029,1.2413,-0.063170
19.4324,-0.457029,1.1328,-0.063220
19.4333,-0.457029,1.0216,-0.063273
19.4344,-0.457029,0.8847,-0.063339
19.4357,-0.457029,0.7269,-0.063418
19.4369,-0.457029,0.5657,-0.063499
19.4382,-0.457029,0.4020,-0.063584
19.4394,-0.457029,0.2363,-0.063672
19.4407,0.229711,0.0700,-0.063761
19.4419,0.229711,-0.0969,-0.063853
19.4432,0.229711,-0.2633,-0.063946
19.4444,0.229711,-0.4286,-0.064040
19.4457,0.229711,-0.5919,-0.064135
19.4469,0.229711,-0.7526,-0.064229
19.4482,0.229711,-0.9100,-0.064324
19.4494,0.229711,-1.0633,-0.064418
19.4507,-0.004786,-1.2119,-0.064511
19.4519,-0.004786,-1.3551,-0.064603
19.4532,-0.004786,-1.4922,-0.064692
19.4544,-0.004786,-1.6226,-0.064780
19.4557,-0.004786,-1.7459,-0.064864
19.4569,-0.004786,-1.8614,-0.064946
19.4582,-0.004786,-1.9686,-0.065024
19.4594,-0.004786,-2.0671,-0.065099
19.4607,0.241675,-2.1562,-0.065169
19.4619,0.241675,-2.2358,-0.065235
19.4632,0.241675,-2.3054,-0.065297
19.4644,0.241675,-2.3648,-0.065353
19.4657,0.241675,-2.4136,-0.065404
19.4669,0.241675,-2.4517,-0.065450
19.4682,0.241675,-2.4789,-0.065490
19.4694,0.241675,-2.4950,-0.065524
19.4707,-0.330210,-2.5000,-0.065552
19.4719,-0.330210,-2.4938,-0.065574
19.4732,-0.330210,-2.4766,-0.065590
19.4744,-0.330210,-2.4483,-0.065600
19.4757,-0.330210,-2.4091,-0.065603
19.4773,-0.330210,-2.3420,-0.065598
19.4800,-0.330210,-2.1918,-0.065566
19.4809,0.172283,-2.1281,-0.065548
19.4819,0.172283,-2.0608,-0.065527
19.4828,0.172283,-1.9887,-0.065502
19.4837,0.172283,-1.9116,-0.065475
19.4846,0.172283,-1.8300,-0.065444
19.4857,0.172283,-1.7335,-0.065406
19.4869,0.172283,-1.6096,-0.065356
19.4882,0.172283,-1.4785,-0.065299
19.4894,0.172283,-1.3407,-0.065238
19.4907,-0.122034,-1.1969,-0.065173
19.4919,-0.122034,-1.0475,-0.065102
19.4932,-0.122034,-0.8940,-0.065028
19.4944,-0.122034,-0.7363,-0.064950
19.4957,-0.122034,-0.5753,-0.064868
19.4969,-0.122034,-0.4117,-0.064784
19.4982,-0.122034,-0.2463,-0.064697
19.4994,-0.122034,-0.0796,-0.064607
19.5007,-0.122034,0.0871,-0.064515
19.5019,0.028714,0.2536,-0.064423
19.5032,0.028714,0.4189,-0.064329
19.5044,0.028714,0.5824,-0.064234
19.5057,0.028714,0.7433,-0.064139
19.5069,0.028714,0.9009,-0.064044
19.5082,0.028714,1.0544,-0.063950
19.5094,0.028714,1.2033,-0.063857
19.5107,0.028714,1.3468,-0.063765
19.5119,-0.114855,1.4843,-0.063676
19.5132,-0.114855,1.6152,-0.063588
19.5144,-0.114855,1.7389,-0.063503
19.5157,-0.114855,1.8548,-0.063421
19.5169,-0.114855,1.9625,-0.063343
19.5182,-0.114855,2.0615,-0.063268
19.5194,-0.114855,2.1512,-0.063198
19.5207,-0.114855,2.2314,-0.063131
19.5219,-0.222533,2.3016,-0.063070
19.5232,-0.222533,2.3616,-0.063013
19.5244,-0.222533,2.4111,-0.062962
19.5257,-0.222533,2.4498,-0.062916
19.5269,-0.222533,2.4776,-0.062875
19.5286,-0.222533,2.4974,-0.062831
19.5315,-0.375673,2.4838,-0.062777
19.5325,-0.375673,2.4658,-0.062768
19.5334,-0.375673,2.4424,-0.062762
19.5344,-0.375673,2.4132,-0.062760
19.5353,-0.375673,2.3781,-0.062761
19.5362,-0.375673,2.3374,-0.062765
19.5371,-0.375673,2.2909,-0.062773
19.5382,-0.375673,2.2325,-0.062786
19.5394,-0.375673,2.1524,-0.062808
19.5407,-0.375673,2.0629,-0.062835
19.5419,-0.071785,1.9641,-0.062869
19.5432,-0.071785,1.8565,-0.062908
19.5444,-0.071785,1.7407,-0.062954
19.5457,-0.071785,1.6171,-0.063004
19.5469,-0.071785,1.4863,-0.063060
19.5482,-0.071785,1.3489,-0.063121
19.5494,-0.071785,1.2055,-0.063186
19.5507,-0.071785,1.0567,-0.063256
19.5519,0.093320,0.9033,-0.063330
19.5532,0.093320,0.7456,-0.063408
19.5544,0.093320,0.5848,-0.063490
19.5557,0.093320,0.4214,-0.063574
19.5569,0.093320,0.2561,-0.063661
19.5582,0.093320,0.0896,-0.063751
19.5594,0.093320,-0.0773,-0.063842
19.5607,0.093320,-0.2438,-0.063935
19.5619,0.000000,-0.4092,-0.064029
19.5632,0.000000,-0.5728,-0.064123
19.5644,0.000000,-0.7339,-0.064218
19.5657,0.000000,-0.8917,-0.064313
19.5669,0.000000,-1.0455,-0.064407
19.5682,0.000000,-1.1947,-0.064500
19.5694,0.000000,-1.3403,-0.064593
19.5707,0.000000,-1.4763,-0.064682
19.5719,0.081356,-1.6077,-0.064770
19.5732,0.081356,-1.7319,-0.064855
19.5744,0.081356,-1.8483,-0.064937
19.5757,0.081356,-1.9564,-0.065015
19.5769,0.081356,-2.0559,-0.065090
19.5782,0.081356,-2.1462,-0.065161
19.5797,0.081356,-2.2443,-0.065243
19.5837,-0.122034,-2.4260,-0.065418
19.5847,-0.122034,-2.4543,-0.065453
19.5856,-0.122034,-2.4748,-0.065483
19.5865,-0.122034,-2.4892,-0.065510
19.5874,-0.122034,-2.4976,-0.065533
19.5883,-0.122034,-2.5000,-0.065553
19.5893,-0.122034,-2.4962,-0.065570
19.5902,-0.122034,-2.4865,-0.065583
19.5911,-0.122034,-2.4708,-0.065593
19.5920,-0.122034,-2.4490,-0.065600
19.5932,-0.009571,-2.4143,-0.065603
19.5944,-0.009571,-2.3656,-0.065601
19.5957,-0.009571,-2.3064,-0.065592
19.5969,-0.009571,-2.2369,-0.065577
19.5982,-0.009571,-2.1575,-0.065556
19.5994,-0.009571,-2.0683,-0.065529
19.6007,-0.009571,-1.9701,-0.065496
19.6019,-0.009571,-1.8631,-0.065457
19.6032,0.009571,-1.7477,-0.065412
19.6044,0.009571,-1.6245,-0.065362
19.6057,0.009571,-1.4942,-0.065306
19.6069,0.009571,-1.3572,-0.065246
19.6082,0.009571,-1.2141,-0.065180
19.6094,0.009571,-1.0656,-0.065111
19.6107,0.009571,-0.9124,-0.065037
19.6119,0.009571,-0.7551,-0.064959
19.6132,-0.026321,-0.5944,-0.064878
19.6144,-0.026321,-0.4311,-0.064794
19.6157,-0.026321,-0.2659,-0.064707
19.6169,-0.026321,-0.0994,-0.064618
19.6182,-0.026321,0.0675,-0.064526
19.6194,-0.026321,0.2340,-0.064434
19.6207,-0.026321,0.3995,-0.064340
19.6219,-0.026321,0.5633,-0.064245
19.6232,-0.035892,0.7245,-0.064150
19.6244,-0.035892,0.8826,-0.064055
19.6257,-0.035892,1.0366,-0.063961
19.6269,-0.035892,1.1861,-0.063868
19.6282,-0.035892,1.3302,-0.063776
19.6294,-0.035892,1.4685,-0.063686
19.6307,-0.035892,1.6003,-0.063598
19.6342,-0.189033,1.9290,-0.063368
19.6351,-0.189033,2.0105,-0.063307
19.6361,-0.189033,2.0836,-0.063251
19.6370,-0.189033,2.1492,-0.063199
19.6379,-0.189033,2.2095,-0.063150
19.6389,-0.189033,2.2643,-0.063103
19.6398,-0.189033,2.3137,-0.063059
19.6407,-0.189033,2.3575,-0.063017
19.6419,-0.189033,2.4058,-0.062967
19.6432,-0.174676,2.4458,-0.062921
19.6444,-0.174676,2.4749,-0.062880
19.6457,-0.174676,2.4929,-0.062844
19.6469,-0.174676,2.4999,-0.062815
19.6482,-0.174676,2.4957,-0.062792
19.6494,-0.174676,2.4805,-0.062775
19.6507,-0.174676,2.4541,-0.062764
19.6519,-0.174676,2.4168,-0.062760
19.6532,-0.239282,2.3688,-0.062762
19.6544,-0.239282,2.3102,-0.062770
19.6557,-0.239282,2.2393,-0.062785
19.6569,-0.239282,2.1620,-0.062805
19.6582,-0.239282,2.0737,-0.062832
19.6594,-0.239282,1.9759,-0.062865
19.6607,-0.239282,1.8681,-0.062904
19.6619,-0.239282,1.7534,-0.062949
19.6632,-0.239282,1.6310,-0.062998
19.6644,-0.088534,1.5019,-0.063053
19.6657,-0.088534,1.3655,-0.063113
19.6669,-0.088534,1.2228,-0.063178
19.6682,-0.088534,1.0746,-0.063248
19.6694,-0.088534,0.9216,-0.063321
19.6707,-0.088534,0.7646,-0.063399
19.6719,-0.088534,0.6041,-0.063480
19.6732,-0.088534,0.4404,-0.063564
19.6744,-0.064606,0.2757,-0.063651
19.6757,-0.064606,0.1093,-0.063740
19.6769,-0.064606,-0.0575,-0.063831
19.6782,-0.064606,-0.2242,-0.063924
19.6794,-0.064606,-0.3897,-0.064018
19.6807,-0.064606,-0.5536,-0.064112
19.6819,-0.064606,-0.7150,-0.064207
19.6832,-0.064606,-0.8733,-0.064302
19.6855,0.033500,-1.1631,-0.064480
19.6865,0.033500,-1.2735,-0.064550
19.6874,0.033500,-1.3781,-0.064618
19.6883,0.033500,-1.4790,-0.064684
19.6894,0.033500,-1.5926,-0.064759
19.6907,0.033500,-1.7175,-0.064845
19.6919,0.033500,-1.8350,-0.064927
19.6932,0.033500,-1.9441,-0.065006
19.6944,0.234497,-2.0446,-0.065082
19.6957,0.234497,-2.1361,-0.065153
19.6969,0.234497,-2.2179,-0.065220
19.6982,0.234497,-2.2900,-0.065283
19.6994,0.234497,-2.3518,-0.065340
19.7007,0.234497,-2.4031,-0.065393
19.7019,0.234497,-2.4437,-0.065440
19.7032,0.234497,-2.4734,-0.065481
19.7044,-0.181855,-2.4922,-0.065517
19.7057,-0.181855,-2.4998,-0.065546
19.7069,-0.181855,-2.4963,-0.065570
19.7082,-0.181855,-2.4817,-0.065587
19.7094,-0.181855,-2.4559,-0.065598
19.7107,-0.181855,-2.4192,-0.065603
19.7119,-0.181855,-2.3719,-0.065602
19.7132,-0.181855,-2.3140,-0.065594
19.7144,-0.124427,-2.2457,-0.065580
19.7157,-0.124427,-2.1674,-0.065559
19.7169,-0.124427,-2.0795,-0.065533
19.7182,-0.124427,-1.9823,-0.065500
19.7194,-0.124427,-1.8762,-0.065462
19.7207,-0.124427,-1.7618,-0.065418
19.7219,-0.124427,-1.6395,-0.065368
19.7232,-0.124427,-1.5100,-0.065313
19.7244,0.047856,-1.3731,-0.065253
19.7257,0.047856,-1.2312,-0.065188
19.7269,0.047856,-1.0833,-0.065119
19.7282,0.047856,-0.9305,-0.065046
19.7294,0.047856,-0.7737,-0.064969
19.7307,0.047856,-0.6128,-0.064888
19.7319,0.047856,-0.4492,-0.064803
19.7332,0.047856,-0.2851,-0.064717
19.7365,0.021535,0.1610,-0.064474
19.7375,0.021535,0.2998,-0.064396
19.7385,0.021535,0.4232,-0.064326
19.7394,0.021535,0.5442,-0.064256
19.7403,0.021535,0.6636,-0.064186
19.7412,0.021535,0.7814,-0.064116
19.7422,0.021535,0.8971,-0.064047
19.7432,0.021535,1.0187,-0.063972
19.7444,0.021535,1.1686,-0.063879
19.7457,-0.141177,1.3134,-0.063787
19.7469,-0.141177,1.4524,-0.063697
19.7482,-0.141177,1.5849,-0.063609
19.7494,-0.141177,1.7103,-0.063523
19.7507,-0.141177,1.8281,-0.063440
19.7519,-0.141177,1.9380,-0.063361
19.7532,-0.141177,2.0390,-0.063285
19.7544,-0.141177,2.1309,-0.063214
19.7557,-0.047856,2.2134,-0.063146
19.7569,-0.047856,2.2860,-0.063084
19.7582,-0.047856,2.3484,-0.063026
19.7594,-0.047856,2.4004,-0.062973
19.7607,-0.047856,2.4416,-0.062926
19.7619,-0.047856,2.4720,-0.062884
19.7632,-0.047856,2.4914,-0.062848
19.7644,-0.047856,2.4997,-0.062818
19.7657,-0.222533,2.4968,-0.062794
19.7669,-0.222533,2.4828,-0.062777
19.7682,-0.222533,2.4578,-0.062765
19.7694,-0.222533,2.4218,-0.062760
19.7707,-0.222533,2.3750,-0.062761
19.7719,-0.222533,2.3177,-0.062768
19.7732,-0.222533,2.2500,-0.062782
19.7744,-0.222533,2.1722,-0.062802
19.7757,-0.325424,2.0848,-0.062828
19.7769,-0.325424,1.9881,-0.062861
19.7782,-0.325424,1.8826,-0.062899
19.7794,-0.325424,1.7686,-0.062943
19.7807,-0.325424,1.6468,-0.062992
19.7819,-0.325424,1.5177,-0.063046
19.7832,-0.325424,1.3818,-0.063106
19.7844,-0.325424,1.2397,-0.063171
19.7876,-0.007178,0.8517,-0.063356
19.7886,-0.007178,0.7287,-0.063417
19.7895,-0.007178,0.6099,-0.063477
19.7904,-0.007178,0.4898,-0.063538
19.7914,-0.007178,0.3682,-0.063602
19.7923,-0.007178,0.2429,-0.063668
19.7932,-0.007178,0.1197,-0.063734
19.7944,-0.007178,-0.0381,-0.063820
19.7957,0.133998,-0.2051,-0.063913
19.7969,0.133998,-0.3705,-0.064007
19.7982,0.133998,-0.5346,-0.064101
19.7994,0.133998,-0.6965,-0.064196
19.8007,0.133998,-0.8549,-0.064291
19.8019,0.133998,-1.0097,-0.064385
19.8032,0.133998,-1.1600,-0.064479
19.8044,0.133998,-1.3051,-0.064571
19.8057,-0.069392,-1.4445,-0.064661
19.8069,-0.069392,-1.5774,-0.064749
19.8082,-0.069392,-1.7033,-0.064835
19.8094,-0.069392,-1.8216,-0.064918
19.8107,-0.069392,-1.9317,-0.064997
19.8119,-0.069392,-2.0333,-0.065073
19.8132,-0.069392,-2.1258,-0.065145
19.8144,-0.069392,-2.2088,-0.065213
19.8157,-0.069392,-2.2820,-0.065276
19.8169,0.184247,-2.3450,-0.065334
19.8182,0.184247,-2.3976,-0.065387
19.8194,0.184247,-2.4395,-0.065434
19.8207,0.184247,-2.4705,-0.065476
19.8219,0.184247,-2.4906,-0.065513
19.8232,0.184247,-2.4995,-0.065543
19.8244,0.184247,-2.4973,-0.065567
19.8257,0.184247,-2.4839,-0.065585
19.8269,-0.229711,-2.4595,-0.065597
19.8282,-0.229711,-2.4242,-0.065603
19.8294,-0.229711,-2.3780,-0.065602
19.8307,-0.229711,-2.3212,-0.065595
19.8319,-0.229711,-2.2540,-0.065582
19.8332,-0.229711,-2.1770,-0.065562
19.8344,-0.229711,-2.0902,-0.065536
19.8357,-0.229711,-1.9940,-0.065504
19.8390,-0.004786,-1.6956,-0.065391
19.8399,-0.004786,-1.5996,-0.065351
19.8409,-0.004786,-1.5030,-0.065310
19.8418,-0.004786,-1.4029,-0.065266
19.8427,-0.004786,-1.2993,-0.065220
19.8436,-0.004786,-1.1926,-0.065171
19.8446,-0.004786,-1.0831,-0.065119
19.8457,-0.004786,-0.9487,-0.065055
19.8469,-0.186640,-0.7924,-0.064978
19.8482,-0.186640,-0.6325,-0.064897
19.8494,-0.186640,-0.4697,-0.064814
19.8507,-0.186640,-0.3048,-0.064728
19.8519,-0.186640,-0.1386,-0.064639
19.8532,-0.186640,0.0282,-0.064548
19.8544,-0.186640,0.1949,-0.064456
19.8557,-0.186640,0.3607,-0.064362
19.8569,0.131605,0.5249,-0.064267
19.8582,0.131605,0.6868,-0.064172
19.8594,0.131605,0.8457,-0.064078
19.8607,0.131605,1.0007,-0.063983
19.8619,0.131605,1.1513,-0.063890
19.8632,0.131605,1.2968,-0.063798
19.8644,0.131605,1.4365,-0.063707
19.8657,0.131605,1.5698,-0.063619
19.8669,-0.122034,1.6961,-0.063533
19.8682,-0.122034,1.8148,-0.063450
19.8694,-0.122034,1.9255,-0.063370
19.8707,-0.122034,2.0276,-0.063294
19.8719,-0.122034,2.1206,-0.063222
19.8732,-0.122034,2.2042,-0.063154
19.8744,-0.122034,2.2780,-0.063091
19.8757,-0.122034,2.3416,-0.063032
19.8769,-0.155533,2.3948,-0.062979
19.8782,-0.155533,2.4373,-0.062931
19.8794,-0.155533,2.4690,-0.062889
19.8807,-0.155533,2.4897,-0.062852
19.8819,-0.155533,2.4993,-0.062821
19.8832,-0.155533,2.4977,-0.062797
19.8844,-0.155533,2.4850,-0.062778
19.8857,-0.155533,2.4613,-0.062766
19.8873,-0.114855,2.4131,-0.062760
19.8904,-0.114855,2.2732,-0.062777
19.8913,-0.114855,2.2176,-0.062790
19.8923,-0.114855,2.1580,-0.062806
19.8932,-0.114855,2.0933,-0.062826
19.8941,-0.114855,2.0235,-0.062849
19.8950,-0.114855,1.9489,-0.062874
19.8959,-0.114855,1.8694,-0.062904
19.8969,-0.114855,1.7824,-0.062937
19.8982,-0.279960,1.6616,-0.062986
19.8994,-0.279960,1.5333,-0.063040
19.9007,-0.279960,1.3981,-0.063099
19.9019,-0.279960,1.2568,-0.063163
19.9032,-0.279960,1.1098,-0.063231
19.9044,-0.279960,0.9579,-0.063304
19.9057,-0.279960,0.8017,-0.063380
19.9069,-0.279960,0.6419,-0.063461
19.9082,-0.083749,0.4794,-0.063544
19.9094,-0.083749,0.3146,-0.063630
19.9107,-0.083749,0.1485,-0.063719
19.9119,-0.083749,-0.0184,-0.063809
19.9132,-0.083749,-0.1851,-0.063902
19.9144,-0.083749,-0.3510,-0.063995
19.9157,-0.083749,-0.5153,-0.064090
19.9169,-0.083749,-0.6774,-0.064185
19.9182,0.059821,-0.8364,-0.064280
19.9194,0.059821,-0.9918,-0.064374
19.9207,0.059821,-1.1425,-0.064468
19.9219,0.059821,-1.2884,-0.064560
19.9232,0.059821,-1.4288,-0.064651
19.9244,0.059821,-1.5622,-0.064739
19.9257,0.059821,-1.6889,-0.064825
19.9269,0.059821,-1.8080,-0.064908
19.9282,0.124427,-1.9192,-0.064988
19.9294,0.124427,-2.0218,-0.065064
19.9307,0.124427,-2.1154,-0.065137
19.9319,0.124427,-2.1997,-0.065205
19.9332,0.124427,-2.2740,-0.065268
19.9344,0.124427,-2.3382,-0.065327
19.9357,0.124427,-2.3920,-0.065381
19.9369,0.124427,-2.4352,-0.065429
19.9386,0.107677,-2.4764,-0.065486
19.9416,0.107677,-2.4995,-0.065559
19.9425,0.107677,-2.4936,-0.065575
19.9434,0.107677,-2.4818,-0.065587
19.9444,0.107677,-2.4640,-0.065596
19.9453,0.107677,-2.4402,-0.065601
19.9462,0.107677,-2.4105,-0.065603
19.9471,0.107677,-2.3749,-0.065602
19.9482,-0.112463,-2.3285,-0.065596
19.9494,-0.112463,-2.2626,-0.065583
19.9507,-0.112463,-2.1866,-0.065565
19.9519,-0.112463,-2.1009,-0.065539
19.9532,-0.112463,-2.0058,-0.065508
19.9544,-0.112463,-1.9018,-0.065471
19.9557,-0.112463,-1.7893,-0.065428
19.9569,-0.112463,-1.6689,-0.065380
19.9582,-0.167498,-1.5410,-0.065326
19.9594,-0.167498,-1.4061,-0.065268
19.9607,-0.167498,-1.2652,-0.065204
19.9619,-0.167498,-1.1186,-0.065136
19.9632,-0.167498,-0.9669,-0.065063
19.9644,-0.167498,-0.8110,-0.064987
19.9657,-0.167498,-0.6514,-0.064907
19.9669,-0.167498,-0.4889,-0.064824
19.9682,-0.064606,-0.3243,-0.064738
19.9694,-0.064606,-0.1582,-0.064649
19.9707,-0.064606,0.0086,-0.064559
19.9719,-0.064606,0.1753,-0.064466
19.9732,-0.064606,0.3413,-0.064373
19.9744,-0.064606,0.5058,-0.064278
19.9757,-0.064606,0.6678,-0.064184
19.9769,-0.064606,0.8272,-0.064089
19.9782,-0.064606,0.9827,-0.063994
19.9794,0.098106,1.1365,-0.063899
19.9807,0.098106,1.2800,-0.063808
19.9819,0.098106,1.4204,-0.063718
19.9832,0.098106,1.5545,-0.063629
19.9844,0.098106,1.6816,-0.063543
19.9857,0.098106,1.8013,-0.063460
19.9869,0.098106,1.9129,-0.063379
19.9882,0.098106,2.0160,-0.063303
19.9894,-0.131605,2.1102,-0.063230
19.9928,-0.131605,2.3161,-0.063056
19.9937,-0.131605,2.3619,-0.063013
19.9947,-0.131605,2.3994,-0.062974
19.9956,-0.131605,2.4311,-0.062939
19.9965,-0.131605,2.4569,-0.062906
19.9974,-0.131605,2.4766,-0.062877
19.9984,-0.131605,2.4904,-0.062850
19.9994,-0.210568,2.4987,-0.062825
20.0007,-0.210568,2.4985,-0.062799
20.0019,-0.210568,2.4871,-0.062780
20.0032,-0.210568,2.4647,-0.062767
20.0044,-0.210568,2.4312,-0.062760
20.0057,-0.210568,2.3870,-0.062760
20.0069,-0.210568,2.3321,-0.062766
20.0082,-0.210568,2.2668,-0.062778
20.0094,-0.105284,2.1914,-0.062797
20.0107,-0.105284,2.1062,-0.062822
20.0119,-0.105284,2.0116,-0.062853
20.0132,-0.105284,1.9072,-0.062890
20.0144,-0.105284,1.7961,-0.062932
20.0157,-0.105284,1.6762,-0.062980
20.0169,-0.105284,1.5487,-0.063033
20.0182,-0.105284,1.4144,-0.063092
20.0194,-0.248854,1.2735,-0.063155
20.0207,-0.248854,1.1273,-0.063223
20.0219,-0.248854,0.9760,-0.063295
20.0232,-0.248854,0.8203,-0.063371
20.0244,-0.248854,0.6609,-0.063451
20.0257,-0.248854,0.4986,-0.063534
20.0269,-0.248854,0.3341,-0.063620
20.0282,-0.248854,0.1681,-0.063708
20.0294,-0.093320,0.0013,-0.063799
20.0307,-0.093320,-0.1659,-0.063891
20.0319,-0.093320,-0.3317,-0.063985
20.0332,-0.093320,-0.4961,-0.064079
20.0344,-0.093320,-0.6585,-0.064174
20.0357,-0.093320,-0.8179,-0.064268
20.0369,-0.093320,-0.9737,-0.064363
20.0382,-0.093320,-1.1251,-0.064457
20.0394,-0.016750,-1.2715,-0.064549
20.0407,-0.016750,-1.4123,-0.064640
20.0437,-0.016750,-1.7271,-0.064851
20.0446,-0.016750,-1.8171,-0.064915
20.0456,-0.016750,-1.8996,-0.064974
20.0465,-0.016750,-1.9773,-0.065031
20.0474,-0.016750,-2.0503,-0.065086
20.0483,-0.016750,-2.1180,-0.065139
20.0494,0.162712,-2.1902,-0.065197
20.0507,0.162712,-2.2657,-0.065261
20.0519,0.162712,-2.3311,-0.065320
20.0532,0.162712,-2.3862,-0.065375
20.0544,0.162712,-2.4306,-0.065424
20.0557,0.162712,-2.4642,-0.065467
20.0569,0.162712,-2.4869,-0.065505
20.0582,0.162712,-2.4984,-0.065536
20.0594,0.162712,-2.4988,-0.065562
20.0607,0.114855,-2.4881,-0.065582
20.0619,0.114855,-2.4663,-0.065595
20.0632,0.114855,-2.4335,-0.065602
20.0644,0.114855,-2.3898,-0.065603
20.0657,0.114855,-2.3356,-0.065597
20.0669,0.114855,-2.2709,-0.065585
20.0682,0.114855,-2.1961,-0.065567
20.0694,0.114855,-2.1115,-0.065543
20.0707,-0.129212,-2.0175,-0.065512
20.0719,-0.129212,-1.9145,-0.065476
20.0732,-0.129212,-1.8030,-0.065434
20.0744,-0.129212,-1.6835,-0.065386
20.0757,-0.129212,-1.5564,-0.065333
20.0769,-0.129212,-1.4225,-0.065275
20.0782,-0.129212,-1.2821,-0.065212
20.0794,-0.129212,-1.1361,-0.065144
20.0807,-0.090927,-0.9850,-0.065072
20.0819,-0.090927,-0.8295,-0.064996
20.0832,-0.090927,-0.6704,-0.064917
20.0844,-0.090927,-0.5081,-0.064834
20.0857,-0.090927,-0.3437,-0.064748
20.0869,-0.090927,-0.1778,-0.064660
20.0882,-0.090927,-0.0110,-0.064569
20.0894,-0.090927,0.1562,-0.064477
20.0907,-0.126820,0.3225,-0.064384
20.0919,-0.126820,0.4865,-0.064290
20.0946,-0.126820,0.8326,-0.064085
20.0956,-0.126820,0.9579,-0.064010
20.0966,-0.126820,1.0759,-0.063937
20.0975,-0.126820,1.1861,-0.063868
20.0984,-0.126820,1.2931,-0.063800
20.0994,-0.126820,1.4044,-0.063728
20.1007,0.057428,1.5390,-0.063639
20.1019,0.057428,1.6670,-0.063553
20.1032,0.057428,1.7876,-0.063469
20.1044,0.057428,1.9001,-0.063389
20.1057,0.057428,2.0042,-0.063312
20.1069,0.057428,2.0997,-0.063238
20.1082,0.057428,2.1854,-0.063170
20.1094,0.057428,2.2615,-0.063105
20.1107,-0.124427,2.3276,-0.063046
20.1119,-0.124427,2.3834,-0.062991
20.1132,-0.124427,2.4283,-0.062942
20.1144,-0.124427,2.4626,-0.062898
20.1157,-0.124427,2.4858,-0.062860
20.1169,-0.124427,2.4980,-0.062828
20.1182,-0.124427,2.4991,-0.062802
20.1194,-0.124427,2.4890,-0.062782
20.1207,-0.277567,2.4679,-0.062768
20.1219,-0.277567,2.4357,-0.062761
20.1232,-0.277567,2.3927,-0.062760
20.1244,-0.277567,2.3390,-0.062765
20.1257,-0.277567,2.2750,-0.062777
20.1269,-0.277567,2.2008,-0.062795
20.1282,-0.277567,2.1167,-0.062819
20.1294,-0.277567,2.0233,-0.062849
20.1307,0.033500,1.9207,-0.062885
20.1319,0.033500,1.8096,-0.062926
20.1332,0.033500,1.6907,-0.062974
20.1344,0.033500,1.5640,-0.063027
20.1357,0.033500,1.4305,-0.063084
20.1369,0.033500,1.2905,-0.063147
20.1382,0.033500,1.1444,-0.063215
20.1394,0.033500,0.9940,-0.063286
20.1407,0.033500,0.8388,-0.063362
20.1419,-0.260818,0.6797,-0.063441
20.1435,-0.260818,0.4705,-0.063548
20.1479,-0.260818,-0.1104,-0.063860
20.1490,-0.260818,-0.2560,-0.063942
20.1500,-0.260818,-0.3957,-0.064021
20.1511,-0.083749,-0.5355,-0.064102
20.1522,-0.083749,-0.6832,-0.064188
20.1533,-0.083749,-0.8193,-0.064269
20.1543,-0.083749,-0.9440,-0.064345
20.1553,-0.083749,-1.0708,-0.064423
20.1564,-0.083749,-1.1986,-0.064503
20.1574,-0.083749,-1.3147,-0.064577
20.1584,-0.083749,-1.4195,-0.064645
20.1593,-0.083749,-1.5197,-0.064711
20.1602,-0.083749,-1.6158,-0.064775
20.1612,0.141177,-1.7121,-0.064841
20.1622,0.141177,-1.8061,-0.064907
20.1632,0.141177,-1.8941,-0.064970
20.1644,0.141177,-1.9984,-0.065047
20.1657,0.141177,-2.0941,-0.065120
20.1669,0.141177,-2.1806,-0.065189
20.1682,0.141177,-2.2573,-0.065254
20.1694,0.141177,-2.3239,-0.065314
20.1707,0.141177,-2.3802,-0.065369
20.1719,-0.107677,-2.4259,-0.065418
20.1732,-0.107677,-2.4608,-0.065462
20.1744,-0.107677,-2.4847,-0.065501
20.1757,-0.107677,-2.4976,-0.065533
20.1769,-0.107677,-2.4993,-0.065559
20.1782,-0.107677,-2.4899,-0.065580
20.1794,-0.107677,-2.4694,-0.065594
20.1807,-0.107677,-2.4379,-0.065602
20.1819,0.315853,-2.3956,-0.065603
20.1832,0.315853,-2.3426,-0.065598
20.1844,0.315853,-2.2786,-0.065587
20.1857,0.315853,-2.2054,-0.065570
20.1869,0.315853,-2.1219,-0.065546
20.1882,0.315853,-2.0290,-0.065516
20.1894,0.315853,-1.9270,-0.065480
20.1907,0.315853,-1.8165,-0.065439
20.1919,-0.495314,-1.6979,-0.065392
20.1932,-0.495314,-1.5717,-0.065340
20.1948,-0.495314,-1.3953,-0.065263
20.1977,-0.495314,-1.0582,-0.065107
20.1987,-0.495314,-0.9418,-0.065051
20.1996,-0.495314,-0.8265,-0.064995
20.2005,-0.495314,-0.7091,-0.064936
20.2014,-0.495314,-0.5902,-0.064876
20.2023,-0.107677,-0.4699,-0.064814
20.2033,-0.107677,-0.3484,-0.064751
20.2044,-0.107677,-0.1973,-0.064670
20.2057,-0.107677,-0.0307,-0.064580
20.2069,-0.107677,0.1361,-0.064488
20.2082,-0.107677,0.3024,-0.064395
20.2094,-0.107677,0.4672,-0.064301
20.2107,-0.107677,0.6303,-0.064206
20.2119,0.191426,0.7902,-0.064111
20.2132,0.191426,0.9463,-0.064017
20.2144,0.191426,1.0986,-0.063923
20.2157,0.191426,1.2460,-0.063830
20.2169,0.191426,1.3877,-0.063739
20.2182,0.191426,1.5234,-0.063650
20.2194,0.191426,1.6522,-0.063563
20.2207,0.191426,1.7737,-0.063479
20.2219,0.191426,1.8873,-0.063398
20.2232,0.093320,1.9924,-0.063321
20.2244,0.093320,2.0887,-0.063247
20.2257,0.093320,2.1757,-0.063178
20.2269,0.093320,2.2530,-0.063113
20.2282,0.093320,2.3203,-0.063052
20.2294,0.093320,2.3774,-0.062997
20.2307,0.093320,2.4237,-0.062947
20.2319,0.093320,2.4591,-0.062903
20.2332,-0.117248,2.4836,-0.062864
20.2344,-0.117248,2.4972,-0.062832
20.2357,-0.117248,2.4995,-0.062805
20.2369,-0.117248,2.4908,-0.062784
20.2382,-0.117248,2.4709,-0.062770
20.2394,-0.117248,2.4401,-0.062761
20.2407,-0.117248,2.3983,-0.062760
20.2419,-0.117248,2.3459,-0.062764
20.2432,-0.272782,2.2830,-0.062775
20.2444,-0.272782,2.2100,-0.062792
20.2461,-0.272782,2.0976,-0.062824
20.2491,-0.272782,1.8498,-0.062911
20.2501,-0.272782,1.7621,-0.062945
20.2510,-0.272782,1.6724,-0.062981
20.2519,-0.272782,1.5788,-0.063020
20.2528,-0.184247,1.4815,-0.063062
20.2538,-0.184247,1.3806,-0.063107
20.2547,-0.184247,1.2763,-0.063154
20.2557,-0.184247,1.1621,-0.063207
20.2569,-0.184247,1.0120,-0.063278
20.2582,-0.184247,0.8572,-0.063353
20.2594,-0.184247,0.6986,-0.063432
20.2607,-0.184247,0.5370,-0.063514
20.2619,-0.184247,0.3729,-0.063599
20.2632,-0.287139,0.2072,-0.063687
20.2644,-0.287139,0.0405,-0.063777
20.2657,-0.287139,-0.1263,-0.063869
20.2669,-0.287139,-0.2926,-0.063962
20.2682,-0.287139,-0.4576,-0.064057
20.2694,-0.287139,-0.6205,-0.064151
20.2707,-0.287139,-0.7807,-0.064246
20.2719,-0.287139,-0.9374,-0.064341
20.2732,0.028714,-1.0899,-0.064435
20.2744,0.028714,-1.2375,-0.064527
20.2757,0.028714,-1.3797,-0.064619
20.2769,0.028714,-1.5157,-0.064708
20.2782,0.028714,-1.6450,-0.064795
20.2794,0.028714,-1.7670,-0.064879
20.2807,0.028714,-1.8809,-0.064960
20.2819,0.028714,-1.9866,-0.065038
20.2832,-0.066999,-2.0834,-0.065112
20.2844,-0.066999,-2.1709,-0.065181
20.2857,-0.066999,-2.2487,-0.065246
20.2869,-0.066999,-2.3166,-0.065307
20.2882,-0.066999,-2.3742,-0.065362
20.2894,-0.066999,-2.4212,-0.065413
20.2907,-0.066999,-2.4573,-0.065457
20.2919,-0.066999,-2.4825,-0.065496
20.2932,-0.066999,-2.4967,-0.065530
20.2944,0.284746,-2.4997,-0.065557
20.2957,0.284746,-2.4916,-0.065578
20.2973,0.284746,-2.4629,-0.065596
20.3003,0.284746,-2.3666,-0.065601
20.3012,0.284746,-2.3228,-0.065595
20.3021,0.284746,-2.2744,-0.065586
20.3031,0.284746,-2.2205,-0.065573
20.3040,-0.062213,-2.1614,-0.065557
20.3049,-0.062213,-2.0970,-0.065538
20.3058,-0.062213,-2.0275,-0.065516
20.3069,-0.062213,-1.9395,-0.065485
20.3082,-0.062213,-1.8300,-0.065444
20.3094,-0.062213,-1.7123,-0.065398
20.3107,-0.062213,-1.5870,-0.065346
20.3119,-0.062213,-1.4545,-0.065289
20.3132,-0.062213,-1.3157,-0.065227
20.3144,-0.086142,-1.1710,-0.065160
20.3157,-0.086142,-1.0210,-0.065089
20.3169,-0.086142,-0.8665,-0.065014
20.3182,-0.086142,-0.7081,-0.064936
20.3194,-0.086142,-0.5464,-0.064854
20.3207,-0.086142,-0.3826,-0.064769
20.3219,-0.086142,-0.2170,-0.064681
20.3232,-0.086142,-0.0504,-0.064591
20.3244,-0.102891,0.1165,-0.064499
20.3257,-0.102891,0.2828,-0.064406
20.3269,-0.102891,0.4479,-0.064312
20.3282,-0.102891,0.6110,-0.064217
20.3294,-0.102891,0.7713,-0.064122
20.3307,-0.102891,0.9289,-0.064027
20.3319,-0.102891,1.0812,-0.063934
20.3332,-0.102891,1.2290,-0.063841
20.3344,-0.083749,1.3715,-0.063749
20.3357,-0.083749,1.5078,-0.063660
20.3369,-0.083749,1.6374,-0.063573
20.3382,-0.083749,1.7600,-0.063489
20.3394,-0.083749,1.8745,-0.063407
20.3407,-0.083749,1.9806,-0.063329
20.3419,-0.083749,2.0780,-0.063255
20.3432,-0.083749,2.1661,-0.063185
20.3444,0.074178,2.2445,-0.063120
20.3457,0.074178,2.3130,-0.063059
20.3469,0.074178,2.3711,-0.063004
20.3483,0.074178,2.4236,-0.062947
20.3509,0.074178,2.4845,-0.062863
20.3518,0.074178,2.4954,-0.062838
20.3527,0.074178,2.4998,-0.062816
20.3537,0.074178,2.4982,-0.062798
20.3546,-0.162712,2.4905,-0.062784
20.3557,-0.162712,2.4738,-0.062771
20.3569,-0.162712,2.4443,-0.062762
20.3582,-0.162712,2.4038,-0.062760
20.3594,-0.162712,2.3526,-0.062763
20.3607,-0.162712,2.2910,-0.062773
20.3619,-0.162712,2.2191,-0.062790
20.3632,-0.162712,2.1374,-0.062812
20.3644,-0.031107,2.0461,-0.062841
20.3657,-0.031107,1.9457,-0.062876
20.3669,-0.031107,1.8367,-0.062916
20.3682,-0.031107,1.7194,-0.062962
20.3694,-0.031107,1.5945,-0.063014
20.3707,-0.031107,1.4625,-0.063070
20.3719,-0.031107,1.3240,-0.063132
20.3732,-0.031107,1.1796,-0.063198
20.3744,-0.031107,1.0299,-0.063269
20.3757,-0.387637,0.8756,-0.063344
20.3769,-0.387637,0.7175,-0.063422
20.3782,-0.387637,0.5562,-0.063504
20.3794,-0.387637,0.3923,-0.063589
20.3807,-0.387637,0.2268,-0.063677
20.3819,-0.387637,0.0602,-0.063767
20.3832,-0.387637,-0.1067,-0.063858
20.3844,-0.387637,-0.2731,-0.063951
20.3857,-0.136391,-0.4382,-0.064045
20.3869,-0.136391,-0.6015,-0.064140
20.3882,-0.136391,-0.7620,-0.064235
20.3894,-0.136391,-0.9194,-0.064330
20.3907,-0.136391,-1.0722,-0.064424
20.3919,-0.136391,-1.2206,-0.064517
20.3932,-0.136391,-1.3634,-0.064608
20.3944,-0.136391,-1.5001,-0.064698
20.3957,-0.011964,-1.6302,-0.064785
20.3969,-0.011964,-1.7530,-0.064869
20.3982,-0.011964,-1.8680,-0.064951
20.3995,-0.011964,-1.9819,-0.065034
20.4017,-0.011964,-2.1457,-0.065161
20.4026,-0.011964,-2.2073,-0.065211
20.4035,-0.011964,-2.2626,-0.065258
20.4045,-0.011964,-2.3121,-0.065303
20.4057,0.145962,-2.3680,-0.065356
20.4069,0.145962,-2.4162,-0.065407
20.4082,0.145962,-2.4536,-0.065452
20.4094,0.145962,-2.4801,-0.065492
20.4107,0.145962,-2.4956,-0.065526
20.4119,0.145962,-2.4999,-0.065554
20.4132,0.145962,-2.4931,-0.065576
20.4144,0.145962,-2.4752,-0.065591
20.4157,0.102891,-2.4463,-0.065600
20.4169,0.102891,-2.4065,-0.065603
20.4182,0.102891,-2.3559,-0.065600
20.4194,0.102891,-2.2948,-0.065590
20.4207,0.102891,-2.2236,-0.065574
20.4219,0.102891,-2.1425,-0.065552
20.4232,0.102891,-2.0517,-0.065524
20.4244,0.102891,-1.9519,-0.065489
20.4257,-0.102891,-1.8433,-0.065449
20.4269,-0.102891,-1.7265,-0.065404
20.4282,-0.102891,-1.6021,-0.065352
20.4294,-0.102891,-1.4705,-0.065296
20.4307,-0.102891,-1.3321,-0.065234
20.4319,-0.102891,-1.1881,-0.065168
20.4332,-0.102891,-1.0388,-0.065098
20.4344,-0.102891,-0.8848,-0.065023
20.4357,-0.208176,-0.7269,-0.064945
20.4369,-0.208176,-0.5658,-0.064863
20.4382,-0.208176,-0.4020,-0.064779
20.4394,-0.208176,-0.2364,-0.064691
20.4407,-0.208176,-0.0701,-0.064602
20.4419,-0.208176,0.0968,-0.064510
20.4432,-0.208176,0.2634,-0.064417
20.4444,-0.208176,0.4286,-0.064323
20.4457,-0.133998,0.5919,-0.064228
20.4469,-0.133998,0.7527,-0.064133
20.4482,-0.133998,0.9100,-0.064039
20.4494,-0.133998,1.0633,-0.063945
20.4507,-0.133998,1.2124,-0.063851
20.4530,-0.133998,1.4767,-0.063681
20.4540,-0.133998,1.5769,-0.063614
20.4549,-0.133998,1.6707,-0.063550
20.4558,0.131605,1.7603,-0.063488
20.4569,0.131605,1.8615,-0.063417
20.4582,0.131605,1.9686,-0.063338
20.4594,0.131605,2.0671,-0.063264
20.4607,0.131605,2.1562,-0.063193
20.4619,0.131605,2.2358,-0.063127
20.4632,0.131605,2.3054,-0.063066
20.4644,0.131605,2.3648,-0.063010
20.4657,0.131605,2.4136,-0.062959
20.4669,-0.011964,2.4517,-0.062913
20.4682,-0.011964,2.4789,-0.062873
20.4694,-0.011964,2.4950,-0.062839
20.4707,-0.011964,2.5000,-0.062811
20.4719,-0.011964,2.4938,-0.062788
20.4732,-0.011964,2.4766,-0.062772
20.4744,-0.011964,2.4482,-0.062763
20.4757,-0.011964,2.4091,-0.062760
20.4769,-0.155533,2.3592,-0.062763
20.4782,-0.155533,2.2988,-0.062772
20.4794,-0.155533,2.2281,-0.062788
20.4807,-0.155533,2.1475,-0.062809
20.4819,-0.155533,2.0573,-0.062837
20.4832,-0.155533,1.9580,-0.062871
20.4844,-0.155533,1.8499,-0.062911
20.4857,-0.155533,1.7336,-0.062956
20.4869,-0.478565,1.6096,-0.063007
20.4882,-0.478565,1.4785,-0.063063
20.4894,-0.478565,1.3408,-0.063124
20.4907,-0.478565,1.1970,-0.063190
20.4919,-0.478565,1.0478,-0.063261
20.4932,-0.478565,0.8940,-0.063335
20.4944,-0.478565,0.7363,-0.063413
20.4957,-0.478565,0.5752,-0.063495
20.4969,0.327817,0.4117,-0.063579
20.4982,0.327817,0.2463,-0.063666
20.4994,0.327817,0.0797,-0.063756
20.5007,0.327817,-0.0871,-0.063847
20.5019,0.327817,-0.2537,-0.063940
20.5044,0.327817,-0.5757,-0.064125
20.5053,0.327817,-0.6976,-0.064197
20.5062,0.327817,-0.8151,-0.064267
20.5071,-0.598206,-0.9304,-0.064337
20.5082,-0.598206,-1.0545,-0.064413
20.5094,-0.598206,-1.2033,-0.064506
20.5107,-0.598206,-1.3468,-0.064597
20.5119,-0.598206,-1.4843,-0.064687
20.5132,-0.598206,-1.6152,-0.064775
20.5144,-0.598206,-1.7389,-0.064860
20.5157,-0.598206,-1.8549,-0.064941
20.5169,0.059821,-1.9625,-0.065020
20.5182,0.059821,-2.0614,-0.065095
20.5194,0.059821,-2.1512,-0.065165
20.5207,0.059821,-2.2314,-0.065232
20.5219,0.059821,-2.3016,-0.065293
20.5232,0.059821,-2.3616,-0.065350
20.5244,0.059821,-2.4111,-0.065401
20.5257,0.059821,-2.4498,-0.065447
20.5269,0.095713,-2.4776,-0.065488
20.5282,0.095713,-2.4943,-0.065522
20.5294,0.095713,-2.5000,-0.065551
20.5307,0.095713,-2.4945,-0.065573
20.5319,0.095713,-2.4779,-0.065590
20.5332,0.095713,-2.4503,-0.065600
20.5344,0.095713,-2.4117,-0.065603
20.5357,0.095713,-2.3624,-0.065601
20.5369,0.095713,-2.3026,-0.065592
20.5382,0.198604,-2.2325,-0.065576
20.5394,0.198604,-2.1524,-0.065555
20.5407,0.198604,-2.0630,-0.065527
20.5419,0.198604,-1.9642,-0.065494
20.5432,0.198604,-1.8564,-0.065454
20.5444,0.198604,-1.7406,-0.065409
20.5457,0.198604,-1.6171,-0.065359
20.5469,0.198604,-1.4863,-0.065303
20.5482,0.035892,-1.3489,-0.065242
20.5494,0.035892,-1.2054,-0.065176
20.5507,0.035892,-1.0566,-0.065107
20.5519,0.035892,-0.9032,-0.065032
20.5565,0.035892,-0.3063,-0.064728
20.5575,0.337388,-0.1705,-0.064656
20.5585,0.337388,-0.0472,-0.064589
20.5594,0.337388,0.0763,-0.064521
20.5603,0.337388,0.1988,-0.064453
20.5612,0.337388,0.3211,-0.064384
20.5622,0.337388,0.4427,-0.064315
20.5631,0.337388,0.5630,-0.064245
20.5640,0.337388,0.6821,-0.064175
20.5649,0.337388,0.7995,-0.064105
20.5658,0.337388,0.9149,-0.064036
20.5669,0.337388,1.0456,-0.063956
20.5682,-0.490529,1.1947,-0.063862
20.5694,-0.490529,1.3385,-0.063771
20.5707,-0.490529,1.4764,-0.063681
20.5719,-0.490529,1.6077,-0.063593
20.5732,-0.490529,1.7318,-0.063508
20.5744,-0.490529,1.8482,-0.063426
20.5757,-0.490529,1.9564,-0.063347
20.5769,-0.490529,2.0559,-0.063272
20.5782,-0.181855,2.1462,-0.063202
20.5794,-0.181855,2.2270,-0.063135
20.5807,-0.181855,2.2978,-0.063073
20.5819,-0.181855,2.3584,-0.063016
20.5832,-0.181855,2.4085,-0.062964
20.5844,-0.181855,2.4478,-0.062918
20.5857,-0.181855,2.4763,-0.062877
20.5869,-0.181855,2.4937,-0.062842
20.5882,-0.088534,2.5000,-0.062814
20.5894,-0.088534,2.4951,-0.062791
20.5907,-0.088534,2.4792,-0.062774
20.5919,-0.088534,2.4522,-0.062764
20.5932,-0.088534,2.4143,-0.062760
20.5944,-0.088534,2.3656,-0.062762
20.5957,-0.088534,2.3064,-0.062770
20.5969,-0.088534,2.2369,-0.062785
20.5982,-0.279960,2.1575,-0.062806
20.5994,-0.279960,2.0684,-0.062834
20.6007,-0.279960,1.9701,-0.062867
20.6019,-0.279960,1.8631,-0.062906
20.6032,-0.279960,1.7477,-0.062951
20.6044,-0.279960,1.6244,-0.063001
20.6072,-0.279960,1.3200,-0.063134
20.6082,0.016750,1.2120,-0.063183
20.6091,0.016750,1.1027,-0.063234
20.6100,0.016750,0.9909,-0.063288
20.6109,0.016750,0.8766,-0.063343
20.6119,0.016750,0.7550,-0.063404
20.6132,0.016750,0.5944,-0.063485
20.6144,0.016750,0.4310,-0.063569
20.6157,0.016750,0.2658,-0.063656
20.6169,0.016750,0.0994,-0.063745
20.6182,0.016750,-0.0675,-0.063836
20.6194,0.078963,-0.2342,-0.063929
20.6207,0.078963,-0.3995,-0.064023
20.6219,0.078963,-0.5633,-0.064118
20.6232,0.078963,-0.7245,-0.064213
20.6244,0.078963,-0.8825,-0.064307
20.6257,0.078963,-1.0366,-0.064402
20.6269,0.078963,-1.1860,-0.064495
20.6282,0.078963,-1.3302,-0.064587
20.6294,-0.229711,-1.4698,-0.064678
20.6307,-0.229711,-1.6006,-0.064765
20.6319,-0.229711,-1.7249,-0.064850
20.6332,-0.229711,-1.8416,-0.064932
20.6344,-0.229711,-1.9503,-0.065011
20.6357,-0.229711,-2.0503,-0.065086
20.6369,-0.229711,-2.1411,-0.065157
20.6382,-0.229711,-2.2225,-0.065224
20.6394,-0.083749,-2.2940,-0.065286
20.6407,-0.083749,-2.3551,-0.065343
20.6419,-0.083749,-2.4058,-0.065396
20.6432,-0.083749,-2.4458,-0.065442
20.6444,-0.083749,-2.4749,-0.065483
20.6457,-0.083749,-2.4930,-0.065518
20.6469,-0.083749,-2.4999,-0.065548
20.6482,-0.083749,-2.4957,-0.065571
20.6494,-0.055035,-2.4804,-0.065588
20.6507,-0.055035,-2.4541,-0.065599
20.6519,-0.055035,-2.4168,-0.065603
20.6532,-0.055035,-2.3688,-0.065601
20.6544,-0.055035,-2.3102,-0.065593
20.6558,-0.055035,-2.2308,-0.065576
20.6585,-0.055035,-2.0438,-0.065521
20.6595,0.191426,-1.9685,-0.065495
20.6604,0.191426,-1.8902,-0.065467
20.6614,0.191426,-1.8058,-0.065435
20.6623,0.191426,-1.7117,-0.065398
20.6633,0.191426,-1.6147,-0.065358
20.6644,0.191426,-1.5018,-0.065310
20.6657,0.191426,-1.3654,-0.065249
20.6669,0.191426,-1.2226,-0.065184
20.6682,0.191426,-1.0744,-0.065115
20.6694,-0.095713,-0.9215,-0.065041
20.6707,-0.095713,-0.7644,-0.064964
20.6719,-0.095713,-0.6041,-0.064883
20.6732,-0.095713,-0.4409,-0.064799
20.6744,-0.095713,-0.2758,-0.064712
20.6757,-0.095713,-0.1091,-0.064623
20.6769,-0.095713,0.0577,-0.064532
20.6782,-0.095713,0.2242,-0.064439
20.6794,0.179462,0.3901,-0.064345
20.6807,0.179462,0.5537,-0.064251
20.6819,0.179462,0.7151,-0.064156
20.6832,0.179462,0.8733,-0.064061
20.6844,0.179462,1.0277,-0.063967
20.6857,0.179462,1.1774,-0.063873
20.6869,0.179462,1.3219,-0.063781
20.6882,0.179462,1.4605,-0.063691
20.6894,-0.325424,1.5926,-0.063603
20.6907,-0.325424,1.7176,-0.063518
20.6919,-0.325424,1.8349,-0.063436
20.6932,-0.325424,1.9441,-0.063357
20.6944,-0.325424,2.0446,-0.063281
20.6957,-0.325424,2.1360,-0.063210
20.6969,-0.325424,2.2180,-0.063143
20.6982,-0.325424,2.2900,-0.063080
20.6994,-0.325424,2.3518,-0.063023
20.7007,0.004786,2.4031,-0.062970
20.7019,0.004786,2.4437,-0.062923
20.7032,0.004786,2.4735,-0.062882
20.7044,0.004786,2.4922,-0.062846
20.7057,0.004786,2.4998,-0.062817
20.7071,0.004786,2.4951,-0.062791
20.7096,0.004786,2.4498,-0.062763
20.7106,-0.177069,2.4214,-0.062760
20.7115,-0.177069,2.3875,-0.062760
20.7125,-0.177069,2.3470,-0.062764
20.7134,-0.177069,2.3010,-0.062771
20.7144,-0.177069,2.2456,-0.062783
20.7157,-0.177069,2.1674,-0.062804
20.7169,-0.177069,2.0795,-0.062830
20.7182,-0.177069,1.9823,-0.062863
20.7194,-0.177069,1.8762,-0.062901
20.7207,-0.301496,1.7618,-0.062945
20.7219,-0.301496,1.6396,-0.062995
20.7232,-0.301496,1.5100,-0.063050
20.7244,-0.301496,1.3737,-0.063110
20.7257,-0.301496,1.2313,-0.063174
20.7269,-0.301496,1.0835,-0.063244
20.7282,-0.301496,0.9306,-0.063317
20.7294,-0.301496,0.7738,-0.063394
20.7307,0.160319,0.6133,-0.063475
20.7319,0.160319,0.4502,-0.063559
20.7332,0.160319,0.2849,-0.063646
20.7344,0.160319,0.1191,-0.063735
20.7357,0.160319,-0.0479,-0.063826
20.7369,0.160319,-0.2143,-0.063918
20.7382,0.160319,-0.3800,-0.064012
20.7394,0.160319,-0.5439,-0.064107
20.7407,-0.124427,-0.7055,-0.064201
20.7419,-0.124427,-0.8640,-0.064296
20.7432,-0.124427,-1.0185,-0.064391
20.7444,-0.124427,-1.1686,-0.064484
20.7457,-0.124427,-1.3134,-0.064576
20.7469,-0.124427,-1.4524,-0.064666
20.7482,-0.124427,-1.5851,-0.064754
20.7494,-0.124427,-1.7105,-0.064840
20.7507,-0.220140,-1.8283,-0.064922
20.7519,-0.220140,-1.9380,-0.065002
20.7532,-0.220140,-2.0390,-0.065077
20.7544,-0.220140,-2.1310,-0.065149
20.7557,-0.220140,-2.2134,-0.065216
20.7569,-0.220140,-2.2860,-0.065279
20.7584,-0.220140,-2.3588,-0.065347
20.7609,-0.122034,-2.4486,-0.065446
20.7619,-0.122034,-2.4710,-0.065477
20.7628,-0.122034,-2.4867,-0.065504
20.7637,-0.122034,-2.4964,-0.065528
20.7646,-0.122034,-2.5000,-0.065549
20.7657,-0.122034,-2.4968,-0.065569
20.7669,-0.122034,-2.4828,-0.065586
20.7682,-0.122034,-2.4578,-0.065598
20.7694,-0.122034,-2.4218,-0.065603
20.7707,-0.122034,-2.3750,-0.065602
20.7719,0.064606,-2.3176,-0.065594
20.7732,0.064606,-2.2499,-0.065581
20.7744,0.064606,-2.1722,-0.065561
20.7757,0.064606,-2.0848,-0.065534
20.7769,0.064606,-1.9881,-0.065502
20.7782,0.064606,-1.8826,-0.065464
20.7794,0.064606,-1.7685,-0.065420
20.7807,0.064606,-1.6469,-0.065371
20.7819,0.138784,-1.5177,-0.065316
20.7832,0.138784,-1.3818,-0.065257
20.7844,0.138784,-1.2397,-0.065192
20.7857,0.138784,-1.0922,-0.065123
20.7869,0.138784,-0.9397,-0.065050
20.7882,0.138784,-0.7831,-0.064973
20.7894,0.138784,-0.6229,-0.064893
20.7907,0.138784,-0.4601,-0.064809
20.7919,0.021535,-0.2951,-0.064722
20.7932,0.021535,-0.1288,-0.064634
20.7944,0.021535,0.0380,-0.064543
20.7957,0.021535,0.2046,-0.064450
20.7969,0.021535,0.3704,-0.064356
20.7982,0.021535,0.5345,-0.064262
20.7994,0.021535,0.6980,-0.064166
20.8007,0.021535,0.8549,-0.064072
20.8019,-0.043071,1.0097,-0.063978
20.8032,-0.043071,1.1600,-0.063884
20.8044,-0.043071,1.3052,-0.063792
20.8057,-0.043071,1.4445,-0.063702
20.8069,-0.043071,1.5774,-0.063614
20.8082,-0.043071,1.7033,-0.063528
20.8095,-0.043071,1.8281,-0.063440
20.8120,-0.179462,2.0405,-0.063284
20.8129,-0.179462,2.1104,-0.063230
20.8139,-0.179462,2.1739,-0.063179
20.8148,-0.179462,2.2320,-0.063131
20.8157,-0.179462,2.2848,-0.063085
20.8169,-0.179462,2.3451,-0.063029
20.8182,-0.179462,2.3976,-0.062976
20.8194,-0.179462,2.4396,-0.062928
20.8207,-0.179462,2.4705,-0.062886
20.8219,-0.064606,2.4906,-0.062850
20.8232,-0.064606,2.4995,-0.062820
20.8244,-0.064606,2.4973,-0.062795
20.8257,-0.064606,2.4839,-0.062777
20.8269,-0.064606,2.4595,-0.062766
20.8282,-0.064606,2.4242,-0.062760
20.8294,-0.064606,2.3780,-0.062761
20.8307,-0.064606,2.3212,-0.062768
20.8319,-0.191426,2.2541,-0.062781
20.8332,-0.191426,2.1770,-0.062801
20.8344,-0.191426,2.0902,-0.062827
20.8357,-0.191426,1.9941,-0.062859
20.8369,-0.191426,1.8890,-0.062896
20.8382,-0.191426,1.7756,-0.062940
20.8394,-0.191426,1.6542,-0.062989
20.8407,-0.191426,1.5255,-0.063043
20.8419,-0.031107,1.3900,-0.063102
20.8432,-0.031107,1.2483,-0.063167
20.8444,-0.031107,1.1010,-0.063235
20.8457,-0.031107,0.9488,-0.063308
20.8469,-0.031107,0.7924,-0.063385
20.8482,-0.031107,0.6325,-0.063465
20.8494,-0.031107,0.4697,-0.063549
20.8507,-0.031107,0.3049,-0.063635
20.8519,-0.031107,0.1386,-0.063724
20.8532,-0.110070,-0.0282,-0.063815
20.8544,-0.110070,-0.1949,-0.063907
20.8557,-0.110070,-0.3608,-0.064001
20.8569,-0.110070,-0.5250,-0.064096
20.8582,-0.110070,-0.6869,-0.064190
20.8594,-0.110070,-0.8457,-0.064285
20.8607,-0.110070,-1.0012,-0.064380
20.8633,-0.098106,-1.3093,-0.064573
20.8642,-0.098106,-1.4150,-0.064642
20.8651,-0.098106,-1.5149,-0.064707
20.8661,-0.098106,-1.6110,-0.064772
20.8670,-0.098106,-1.7031,-0.064835
20.8682,-0.098106,-1.8149,-0.064913
20.8694,-0.098106,-1.9255,-0.064993
20.8707,-0.098106,-2.0276,-0.065069
20.8719,-0.098106,-2.1206,-0.065141
20.8732,-0.174676,-2.2042,-0.065209
20.8744,-0.174676,-2.2780,-0.065272
20.8757,-0.174676,-2.3416,-0.065330
20.8769,-0.174676,-2.3948,-0.065384
20.8782,-0.174676,-2.4374,-0.065432
20.8794,-0.174676,-2.4690,-0.065474
20.8807,-0.174676,-2.4897,-0.065511
20.8819,-0.174676,-2.4993,-0.065541
20.8832,-0.031107,-2.4977,-0.065566
20.8844,-0.031107,-2.4850,-0.065585
20.8857,-0.031107,-2.4613,-0.065597
20.8869,-0.031107,-2.4266,-0.065603
20.8882,-0.031107,-2.3810,-0.065602
20.8894,-0.031107,-2.3249,-0.065596
20.8907,-0.031107,-2.2584,-0.065583
20.8919,-0.031107,-2.1819,-0.065563
20.8932,-0.031107,-2.0956,-0.065538
20.8944,-0.031107,-2.0000,-0.065506
20.8957,-0.031107,-1.8954,-0.065469
20.8969,-0.031107,-1.7825,-0.065426
20.8982,-0.031107,-1.6616,-0.065377
20.8994,-0.031107,-1.5331,-0.065323
20.9007,-0.031107,-1.3983,-0.065264
20.9019,-0.031107,-1.2569,-0.065200
20.9032,0.021535,-1.1098,-0.065132
20.9044,0.021535,-0.9578,-0.065059
20.9057,0.021535,-0.8016,-0.064982
20.9069,0.021535,-0.6419,-0.064902
20.9082,0.021535,-0.4793,-0.064819
20.9094,0.021535,-0.3146,-0.064733
20.9107,0.021535,-0.1484,-0.064644
20.9119,0.021535,0.0192,-0.064553
20.9147,0.064606,0.3943,-0.064343
20.9157,0.064606,0.5178,-0.064271
20.9166,0.064606,0.6377,-0.064201
20.9175,0.064606,0.7560,-0.064131
20.9184,0.064606,0.8722,-0.064062
20.9194,0.064606,0.9918,-0.063989
20.9207,0.064606,1.1426,-0.063895
20.9219,0.064606,1.2884,-0.063803
20.9232,0.031107,1.4284,-0.063712
20.9244,0.031107,1.5621,-0.063624
20.9257,0.031107,1.6889,-0.063538
20.9269,0.031107,1.8080,-0.063455
20.9282,0.031107,1.9192,-0.063375
20.9294,0.031107,2.0218,-0.063298
20.9307,0.031107,2.1155,-0.063226
20.9319,0.031107,2.1996,-0.063158
20.9332,0.031107,2.2739,-0.063094
20.9344,-0.122034,2.3382,-0.063036
20.9357,-0.122034,2.3920,-0.062982
20.9369,-0.122034,2.4351,-0.062934
20.9382,-0.122034,2.4675,-0.062891
20.9394,-0.122034,2.4888,-0.062854
20.9407,-0.122034,2.4990,-0.062823
20.9419,-0.122034,2.4981,-0.062798
20.9432,-0.122034,2.4861,-0.062779
20.9444,-0.050249,2.4630,-0.062767
20.9457,-0.050249,2.4289,-0.062760
20.9469,-0.050249,2.3840,-0.062760
20.9482,-0.050249,2.3285,-0.062767
20.9494,-0.050249,2.2626,-0.062779
20.9507,-0.050249,2.1866,-0.062798
20.9519,-0.050249,2.1010,-0.062823
20.9532,-0.050249,2.0058,-0.062855
20.9544,-0.208176,1.9018,-0.062892
20.9557,-0.208176,1.7893,-0.062934
20.9569,-0.208176,1.6689,-0.062983
20.9582,-0.208176,1.5410,-0.063036
20.9594,-0.208176,1.4062,-0.063095
20.9607,-0.208176,1.2652,-0.063159
20.9619,-0.208176,1.1186,-0.063227
20.9632,-0.208176,0.9667,-0.063300
20.9670,-0.186640,0.4755,-0.063546
20.9680,-0.186640,0.3468,-0.063613
20.9689,-0.186640,0.2239,-0.063678
20.9698,-0.186640,0.1009,-0.063744
20.9708,-0.186640,-0.0223,-0.063812
20.9717,-0.186640,-0.1452,-0.063880
20.9726,-0.186640,-0.2677,-0.063948
20.9735,-0.186640,-0.3897,-0.064018
20.9744,-0.102891,-0.5107,-0.064087
20.9757,-0.102891,-0.6682,-0.064179
20.9769,-0.102891,-0.8272,-0.064274
20.9782,-0.102891,-0.9827,-0.064368
20.9794,-0.102891,-1.1338,-0.064462
20.9807,-0.102891,-1.2800,-0.064554
20.9819,-0.102891,-1.4204,-0.064645
20.9832,-0.102891,-1.5544,-0.064734
20.9844,-0.083749,-1.6816,-0.064820
20.9857,-0.083749,-1.8013,-0.064903
20.9869,-0.083749,-1.9129,-0.064983
20.9882,-0.083749,-2.0160,-0.065060
20.9894,-0.083749,-2.1101,-0.065133
20.9907,-0.083749,-2.1949,-0.065201
20.9919,-0.083749,-2.2698,-0.065265
20.9932,-0.083749,-2.3347,-0.065324
20.9944,-0.162712,-2.3891,-0.065378
20.9957,-0.162712,-2.4329,-0.065426
20.9969,-0.162712,-2.4659,-0.065469
20.9982,-0.162712,-2.4878,-0.065507
20.9994,-0.162712,-2.4987,-0.065538
21.0007,-0.162712,-2.4985,-0.065563
21.0019,-0.162712,-2.4871,-0.065583
21.0032,-0.162712,-2.4647,-0.065596
21.0044,-0.002393,-2.4313,-0.065602
21.0057,-0.002393,-2.3870,-0.065603
21.0069,-0.002393,-2.3320,-0.065597
21.0082,-0.002393,-2.2668,-0.065584
21.0094,-0.002393,-2.1913,-0.065566
21.0107,-0.002393,-2.1062,-0.065541
21.0119,-0.002393,-2.0117,-0.065510
21.0132,-0.002393,-1.9082,-0.065474
21.0144,-0.002393,-1.7962,-0.065431
21.0157,0.064606,-1.6761,-0.065383
21.0191,0.064606,-1.3030,-0.065221
21.0201,0.064606,-1.1878,-0.065168
21.0211,0.064606,-1.0778,-0.065117
21.0220,0.064606,-0.9656,-0.065063
21.0229,0.064606,-0.8510,-0.065007
21.0238,0.064606,-0.7343,-0.064949
21.0248,0.016750,-0.6158,-0.064889
21.0257,0.016750,-0.4959,-0.064827
21.0269,0.016750,-0.3340,-0.064743
21.0282,0.016750,-0.1681,-0.064655
21.0294,0.016750,-0.0013,-0.064564
21.0307,0.016750,0.1658,-0.064472
21.0319,0.016750,0.3316,-0.064378
21.0332,0.016750,0.4961,-0.064284
21.0344,0.016750,0.6585,-0.064189
21.0357,-0.047856,0.8179,-0.064094
21.0369,-0.047856,0.9737,-0.064000
21.0382,-0.047856,1.1251,-0.063906
21.0394,-0.047856,1.2716,-0.063814
21.0407,-0.047856,1.4123,-0.063723
21.0419,-0.047856,1.5468,-0.063634
21.0432,-0.047856,1.6743,-0.063548
21.0444,-0.047856,1.7944,-0.063464
21.0457,0.055035,1.9066,-0.063384
21.0469,0.055035,2.0102,-0.063307
21.0482,0.055035,2.1049,-0.063234
21.0494,0.055035,2.1902,-0.063166
21.0507,0.055035,2.2657,-0.063102
21.0519,0.055035,2.3311,-0.063042
21.0532,0.055035,2.3862,-0.062988
21.0544,0.055035,2.4306,-0.062939
21.0557,-0.088534,2.4642,-0.062896
21.0569,-0.088534,2.4868,-0.062858
21.0582,-0.088534,2.4984,-0.062826
21.0594,-0.088534,2.4988,-0.062801
21.0607,-0.088534,2.4881,-0.062781
21.0619,-0.088534,2.4663,-0.062768
21.0632,-0.088534,2.4335,-0.062761
21.0644,-0.088534,2.3898,-0.062760
21.0657,-0.114855,2.3356,-0.062766
21.0673,-0.114855,2.2455,-0.062783
21.0699,-0.114855,2.0753,-0.062831
21.0708,-0.114855,2.0022,-0.062856
21.0718,-0.114855,1.9260,-0.062883
21.0727,-0.114855,1.8435,-0.062913
21.0736,-0.114855,1.7580,-0.062947
21.0746,-0.114855,1.6685,-0.062983
21.0757,-0.174676,1.5563,-0.063030
21.0769,-0.174676,1.4224,-0.063088
21.0782,-0.174676,1.2821,-0.063151
21.0794,-0.174676,1.1359,-0.063219
21.0807,-0.174676,0.9850,-0.063291
21.0819,-0.174676,0.8295,-0.063367
21.0832,-0.174676,0.6704,-0.063446
21.0844,-0.174676,0.5082,-0.063529
21.0857,-0.155533,0.3438,-0.063615
21.0869,-0.155533,0.1778,-0.063703
21.0882,-0.155533,0.0110,-0.063793
21.0894,-0.155533,-0.1570,-0.063886
21.0907,-0.155533,-0.3221,-0.063979
21.0919,-0.155533,-0.4865,-0.064073
21.0932,-0.155533,-0.6490,-0.064168
21.0944,-0.155533,-0.8086,-0.064263
21.0957,-0.155533,-0.9646,-0.064357
21.0969,-0.141177,-1.1163,-0.064451
21.0982,-0.141177,-1.2630,-0.064544
21.0994,-0.141177,-1.4044,-0.064635
21.1007,-0.141177,-1.5390,-0.064723
21.1019,-0.141177,-1.6670,-0.064810
21.1032,-0.141177,-1.7876,-0.064894
21.1044,-0.141177,-1.9002,-0.064974
21.1057,-0.141177,-2.0044,-0.065051
21.1069,-0.081356,-2.0996,-0.065124
21.1082,-0.081356,-2.1854,-0.065193
21.1094,-0.081356,-2.2616,-0.065258
21.1107,-0.081356,-2.3276,-0.065317
21.1119,-0.081356,-2.3833,-0.065372
21.1132,-0.081356,-2.4283,-0.065421
21.1144,-0.081356,-2.4626,-0.065465
21.1157,-0.081356,-2.4858,-0.065503
21.1169,-0.076570,-2.4980,-0.065535
21.1186,-0.076570,-2.4971,-0.065568
21.1208,-0.076570,-2.4652,-0.065595
21.1217,-0.076570,-2.4409,-0.065601
21.1226,-0.076570,-2.4113,-0.065603
21.1236,-0.076570,-2.3758,-0.065602
21.1245,-0.076570,-2.3348,-0.065597
21.1257,-0.076570,-2.2749,-0.065586
21.1269,0.110070,-2.2008,-0.065568
21.1282,0.110070,-2.1168,-0.065544
21.1294,0.110070,-2.0228,-0.065514
21.1307,0.110070,-1.9205,-0.065478
21.1319,0.110070,-1.8097,-0.065436
21.1332,0.110070,-1.6907,-0.065389
21.1344,0.110070,-1.5641,-0.065336
21.1357,0.110070,-1.4305,-0.065278
21.1369,-0.002393,-1.2906,-0.065216
21.1382,-0.002393,-1.1449,-0.065148
21.1394,-0.002393,-0.9938,-0.065076
21.1407,-0.002393,-0.8388,-0.065001
21.1419,-0.002393,-0.6799,-0.064921
21.1432,-0.002393,-0.5178,-0.064839
21.1444,-0.002393,-0.3535,-0.064753
21.1457,-0.002393,-0.1876,-0.064665
21.1469,-0.102891,-0.0209,-0.064575
21.1482,-0.102891,0.1459,-0.064483
21.1494,-0.102891,0.3121,-0.064389
21.1507,-0.102891,0.4768,-0.064295
21.1519,-0.102891,0.6395,-0.064200
21.1532,-0.102891,0.7993,-0.064105
21.1544,-0.102891,0.9557,-0.064011
21.1557,-0.102891,1.1075,-0.063917
21.1569,-0.007178,1.2545,-0.063825
21.1582,-0.007178,1.3960,-0.063734
21.1594,-0.007178,1.5313,-0.063644
21.1607,-0.007178,1.6597,-0.063558
21.1619,-0.007178,1.7810,-0.063474
21.1632,-0.007178,1.8949,-0.063393
21.1644,-0.007178,1.9985,-0.063316
21.1657,-0.007178,2.0942,-0.063243
21.1669,0.028714,2.1806,-0.063174
21.1682,0.028714,2.2573,-0.063109
21.1696,0.028714,2.3324,-0.063041
21.1720,0.028714,2.4301,-0.062940
21.1730,0.028714,2.4567,-0.062906
21.1739,0.028714,2.4765,-0.062877
21.1748,0.028714,2.4903,-0.062851
21.1757,0.028714,2.4981,-0.062828
21.1769,0.028714,2.4993,-0.062803
21.1782,-0.007178,2.4899,-0.062783
21.1794,-0.007178,2.4694,-0.062769
21.1807,-0.007178,2.4379,-0.062761
21.1819,-0.007178,2.3955,-0.062760
21.1832,-0.007178,2.3425,-0.062765
21.1844,-0.007178,2.2791,-0.062776
21.1857,-0.007178,2.2055,-0.062793
21.1869,-0.007178,2.1220,-0.062817
21.1882,-0.143569,2.0290,-0.062847
21.1894,-0.143569,1.9271,-0.062882
21.1907,-0.143569,1.8166,-0.062924
21.1919,-0.143569,1.6979,-0.062971
21.1932,-0.143569,1.5717,-0.063023
21.1944,-0.143569,1.4385,-0.063081
21.1957,-0.143569,1.2989,-0.063143
21.1969,-0.143569,1.1536,-0.063211
21.1982,-0.157926,1.0030,-0.063282
21.1994,-0.157926,0.8480,-0.063357
21.2007,-0.157926,0.6893,-0.063437
21.2019,-0.157926,0.5274,-0.063519
21.2032,-0.157926,0.3632,-0.063604
21.2044,-0.157926,0.1974,-0.063692
21.2057,-0.157926,0.0307,-0.063783
21.2069,-0.157926,-0.1361,-0.063875
21.2082,-0.521635,-0.3023,-0.063968
21.2094,-0.521635,-0.4672,-0.064062
21.2107,-0.521635,-0.6300,-0.064157
21.2119,-0.521635,-0.7902,-0.064252
21.2132,-0.521635,-0.9468,-0.064347
21.2144,-0.521635,-1.0987,-0.064440
21.2157,-0.521635,-1.2460,-0.064533
21.2169,-0.521635,-1.3878,-0.064624
21.2182,0.533599,-1.5234,-0.064713
21.2194,0.533599,-1.6522,-0.064800
21.2208,0.533599,-1.7830,-0.064890
21.2235,0.533599,-2.0186,-0.065062
21.2244,0.533599,-2.0910,-0.065118
21.2254,0.533599,-2.1560,-0.065169
21.2263,0.533599,-2.2156,-0.065218
21.2272,0.533599,-2.2700,-0.065265
21.2282,-0.200997,-2.3203,-0.065310
21.2294,-0.200997,-2.3772,-0.065365
21.2307,-0.200997,-2.4236,-0.065415
21.2319,-0.200997,-2.4591,-0.065460
21.2332,-0.200997,-2.4837,-0.065498
21.2344,-0.200997,-2.4972,-0.065531
21.2357,-0.200997,-2.4995,-0.065558
21.2369,-0.200997,-2.4908,-0.065579
21.2382,-0.258425,-2.4709,-0.065593
21.2394,-0.258425,-2.4400,-0.065601
21.2407,-0.258425,-2.3983,-0.065603
21.2419,-0.258425,-2.3459,-0.065599
21.2432,-0.258425,-2.2830,-0.065588
21.2444,-0.258425,-2.2100,-0.065571
21.2457,-0.258425,-2.1271,-0.065547
21.2469,-0.258425,-2.0348,-0.065518
21.2482,-0.258425,-1.9333,-0.065483
21.2494,-0.033500,-1.8231,-0.065442
21.2507,-0.033500,-1.7051,-0.065395
21.2519,-0.033500,-1.5794,-0.065343
21.2532,-0.033500,-1.4466,-0.065285
21.2544,-0.033500,-1.3073,-0.065223
21.2557,-0.033500,-1.1623,-0.065156
21.2569,-0.033500,-1.0120,-0.065085
21.2582,-0.033500,-0.8573,-0.065010
21.2594,0.071785,-0.6987,-0.064931
21.2607,0.071785,-0.5371,-0.064849
21.2619,0.071785,-0.3729,-0.064763
21.2632,0.071785,-0.2073,-0.064676
21.2644,0.071785,-0.0405,-0.064586
21.2657,0.071785,0.1263,-0.064494
21.2669,0.071785,0.2926,-0.064401
21.2682,0.071785,0.4576,-0.064306
21.2694,0.002393,0.6206,-0.064211
21.2707,0.002393,0.7807,-0.064117
21.2719,0.002393,0.9377,-0.064022
21.2749,0.002393,1.2962,-0.063798
21.2759,0.002393,1.4024,-0.063729
21.2768,0.002393,1.5028,-0.063663
21.2777,0.002393,1.5994,-0.063599
21.2786,0.002393,1.6920,-0.063536
21.2795,0.136391,1.7806,-0.063474
21.2807,0.136391,1.8810,-0.063403
21.2819,0.136391,1.9866,-0.063325
21.2832,0.136391,2.0834,-0.063251
21.2844,0.136391,2.1710,-0.063182
21.2857,0.136391,2.2488,-0.063116
21.2869,0.136391,2.3167,-0.063056
21.2882,0.136391,2.3742,-0.063000
21.2894,-0.119641,2.4211,-0.062950
21.2907,-0.119641,2.4573,-0.062905
21.2919,-0.119641,2.4825,-0.062866
21.2932,-0.119641,2.4967,-0.062833
21.2944,-0.119641,2.4997,-0.062806
21.2957,-0.119641,2.4916,-0.062785
21.2969,-0.119641,2.4724,-0.062770
21.2982,-0.119641,2.4422,-0.062762
21.2994,-0.217747,2.4011,-0.062760
21.3007,-0.217747,2.3493,-0.062764
21.3019,-0.217747,2.2870,-0.062774
21.3032,-0.217747,2.2146,-0.062791
21.3044,-0.217747,2.1323,-0.062814
21.3057,-0.217747,2.0404,-0.062843
21.3069,-0.217747,1.9395,-0.062878
21.3082,-0.217747,1.8300,-0.062919
21.3094,-0.100499,1.7123,-0.062965
21.3107,-0.100499,1.5870,-0.063017
21.3119,-0.100499,1.4547,-0.063074
21.3132,-0.100499,1.3156,-0.063136
21.3144,-0.100499,1.1710,-0.063202
21.3157,-0.100499,1.0210,-0.063273
21.3169,-0.100499,0.8665,-0.063348
21.3182,-0.100499,0.7081,-0.063427
21.3194,-0.287139,0.5466,-0.063509
21.3207,-0.287139,0.3826,-0.063594
21.3219,-0.287139,0.2170,-0.063682
21.3232,-0.287139,0.0494,-0.063772
21.3262,-0.287139,-0.3500,-0.063995
21.3271,-0.287139,-0.4747,-0.064066
21.3280,-0.287139,-0.5953,-0.064137
21.3290,-0.287139,-0.7141,-0.064207
21.3299,0.047856,-0.8311,-0.064276
21.3308,0.047856,-0.9476,-0.064347
21.3319,0.047856,-1.0812,-0.064429
21.3332,0.047856,-1.2290,-0.064522
21.3344,0.047856,-1.3715,-0.064613
21.3357,0.047856,-1.5079,-0.064703
21.3369,0.047856,-1.6376,-0.064790
21.3382,0.047856,-1.7599,-0.064874
21.3394,0.047856,-1.8745,-0.064956
21.3407,-0.021535,-1.9806,-0.065033
21.3419,-0.021535,-2.0780,-0.065107
21.3432,-0.021535,-2.1661,-0.065177
21.3444,-0.021535,-2.2445,-0.065243
21.3457,-0.021535,-2.3130,-0.065304
21.3469,-0.021535,-2.3711,-0.065359
21.3482,-0.021535,-2.4187,-0.065410
21.3494,-0.021535,-2.4555,-0.065455
21.3507,-0.177069,-2.4813,-0.065494
21.3519,-0.177069,-2.4962,-0.065528
21.3532,-0.177069,-2.4998,-0.065555
21.3544,-0.177069,-2.4924,-0.065577
21.3557,-0.177069,-2.4738,-0.065592
21.3569,-0.177069,-2.4443,-0.065601
21.3582,-0.177069,-2.4038,-0.065603
21.3594,-0.177069,-2.3526,-0.065600
21.3607,-0.179462,-2.2910,-0.065589
21.3619,-0.179462,-2.2191,-0.065573
21.3632,-0.179462,-2.1374,-0.065551
21.3644,-0.179462,-2.0462,-0.065522
21.3657,-0.179462,-1.9456,-0.065487
21.3669,-0.179462,-1.8366,-0.065447
21.3682,-0.179462,-1.7194,-0.065401
21.3694,-0.179462,-1.5945,-0.065349
21.3707,0.093320,-1.4625,-0.065292
21.3719,0.093320,-1.3240,-0.065231
21.3732,0.093320,-1.1796,-0.065164
21.3744,0.093320,-1.0299,-0.065094
21.3777,0.093320,-0.6157,-0.064889
21.3787,0.093320,-0.4894,-0.064824
21.3796,0.093320,-0.3676,-0.064761
21.3805,0.081356,-0.2454,-0.064696
21.3814,0.081356,-0.1226,-0.064630
21.3824,0.081356,0.0003,-0.064563
21.3833,0.081356,0.1235,-0.064495
21.3844,0.081356,0.2734,-0.064411
21.3857,0.081356,0.4383,-0.064317
21.3869,0.081356,0.6015,-0.064223
21.3882,0.081356,0.7620,-0.064128
21.3894,0.081356,0.9191,-0.064033
21.3907,-0.026321,1.0722,-0.063939
21.3919,-0.026321,1.2204,-0.063846
21.3932,-0.026321,1.3633,-0.063755
21.3944,-0.026321,1.5001,-0.063665
21.3957,-0.026321,1.6301,-0.063578
21.3969,-0.026321,1.7529,-0.063493
21.3982,-0.026321,1.8679,-0.063412
21.3994,-0.026321,1.9747,-0.063334
21.4007,0.119641,2.0725,-0.063260
21.4019,0.119641,2.1611,-0.063189
21.4032,0.119641,2.2402,-0.063124
21.4044,0.119641,2.3092,-0.063063
21.4057,0.119641,2.3680,-0.063007
21.4069,0.119641,2.4162,-0.062956
21.4082,0.119641,2.4536,-0.062910
21.4094,0.119641,2.4801,-0.062871
21.4107,0.119641,2.4956,-0.062837
21.4119,-0.203390,2.4999,-0.062809
21.4132,-0.203390,2.4931,-0.062787
21.4144,-0.203390,2.4752,-0.062772
21.4157,-0.203390,2.4463,-0.062762
21.4169,-0.203390,2.4065,-0.062760
21.4182,-0.203390,2.3559,-0.062763
21.4194,-0.203390,2.2949,-0.062773
21.4207,-0.203390,2.2236,-0.062789
21.4219,-0.052642,2.1424,-0.062811
21.4232,-0.052642,2.0517,-0.062839
21.4244,-0.052642,1.9519,-0.062873
21.4257,-0.052642,1.8433,-0.062914
21.4286,-0.052642,1.5538,-0.063031
21.4296,-0.052642,1.4500,-0.063076
21.4305,-0.052642,1.3462,-0.063122
21.4315,-0.100499,1.2391,-0.063171
21.4324,-0.100499,1.1297,-0.063222
21.4333,-0.100499,1.0184,-0.063275
21.4344,-0.100499,0.8847,-0.063339
21.4357,-0.100499,0.7269,-0.063418
21.4369,-0.100499,0.5658,-0.063499
21.4382,-0.100499,0.4020,-0.063584
21.4394,-0.100499,0.2366,-0.063672
21.4407,-0.100499,0.0700,-0.063761
21.4419,-0.397209,-0.0969,-0.063853
21.4432,-0.397209,-0.2633,-0.063946
21.4444,-0.397209,-0.4286,-0.064040
21.4457,-0.397209,-0.5919,-0.064135
21.4469,-0.397209,-0.7526,-0.064229
21.4482,-0.397209,-0.9100,-0.064324
21.4494,-0.397209,-1.0633,-0.064418
21.4507,-0.397209,-1.2119,-0.064511
21.4519,0.093320,-1.3551,-0.064603
21.4532,0.093320,-1.4922,-0.064692
21.4544,0.093320,-1.6227,-0.064780
21.4557,0.093320,-1.7459,-0.064864
21.4569,0.093320,-1.8614,-0.064946
21.4582,0.093320,-1.9686,-0.065024
21.4594,0.093320,-2.0671,-0.065099
21.4607,0.093320,-2.1562,-0.065169
21.4619,-0.086142,-2.2358,-0.065235
21.4632,-0.086142,-2.3054,-0.065297
21.4644,-0.086142,-2.3648,-0.065353
21.4657,-0.086142,-2.4136,-0.065404
21.4669,-0.086142,-2.4517,-0.065450
21.4682,-0.086142,-2.4789,-0.065490
21.4694,-0.086142,-2.4950,-0.065524
21.4707,-0.086142,-2.5000,-0.065552
21.4719,-0.165105,-2.4938,-0.065574
21.4732,-0.165105,-2.4766,-0.065590
21.4744,-0.165105,-2.4483,-0.065600
21.4757,-0.165105,-2.4091,-0.065603
21.4769,-0.165105,-2.3592,-0.065600
21.4798,-0.165105,-2.2014,-0.065568
21.4808,-0.165105,-2.1385,-0.065551
21.4817,-0.165105,-2.0721,-0.065530
21.4826,-0.346959,-2.0008,-0.065507
21.4836,-0.346959,-1.9245,-0.065480
21.4845,-0.346959,-1.8436,-0.065449
21.4857,-0.346959,-1.7336,-0.065406
21.4869,-0.346959,-1.6096,-0.065356
21.4882,-0.346959,-1.4784,-0.065299
21.4894,-0.346959,-1.3406,-0.065238
21.4907,-0.346959,-1.1969,-0.065173
21.4919,-0.346959,-1.0478,-0.065102
21.4932,0.299103,-0.8940,-0.065028
21.4944,0.299103,-0.7363,-0.064950
21.4957,0.299103,-0.5753,-0.064868
21.4969,0.299103,-0.4117,-0.064784
21.4982,0.299103,-0.2463,-0.064697
21.4994,0.299103,-0.0796,-0.064607
21.5007,0.299103,0.0871,-0.064515
21.5019,0.299103,0.2536,-0.064423
21.5032,0.143569,0.4189,-0.064329
21.5044,0.143569,0.5824,-0.064234
21.5057,0.143569,0.7433,-0.064139
21.5069,0.143569,0.9008,-0.064044
21.5082,0.143569,1.0544,-0.063950
21.5094,0.143569,1.2033,-0.063857
21.5107,0.143569,1.3468,-0.063765
21.5119,0.143569,1.4843,-0.063676
21.5132,-0.141177,1.6152,-0.063588
21.5144,-0.141177,1.7389,-0.063503
21.5157,-0.141177,1.8547,-0.063421
21.5169,-0.141177,1.9624,-0.063343
21.5182,-0.141177,2.0614,-0.063268
21.5194,-0.141177,2.1512,-0.063198
21.5207,-0.141177,2.2314,-0.063131
21.5219,-0.141177,2.3016,-0.063070
21.5232,-0.110070,2.3616,-0.063013
21.5244,-0.110070,2.4111,-0.062962
21.5257,-0.110070,2.4498,-0.062916
21.5269,-0.110070,2.4776,-0.062875
21.5283,-0.110070,2.4959,-0.062836
21.5321,-0.110070,2.4744,-0.062771
21.5331,0.169890,2.4516,-0.062764
21.5340,0.169890,2.4244,-0.062760
21.5349,0.169890,2.3914,-0.062760
21.5359,0.169890,2.3525,-0.062763
21.5368,0.169890,2.3083,-0.062770
21.5377,0.169890,2.2583,-0.062780
21.5386,0.169890,2.2028,-0.062794
21.5396,0.169890,2.1418,-0.062811
21.5407,0.169890,2.0628,-0.062835
21.5419,0.169890,1.9641,-0.062869
21.5432,-0.119641,1.8565,-0.062908
21.5444,-0.119641,1.7407,-0.062954
21.5457,-0.119641,1.6171,-0.063004
21.5469,-0.119641,1.4863,-0.063060
21.5482,-0.119641,1.3489,-0.063121
21.5494,-0.119641,1.2055,-0.063186
21.5507,-0.119641,1.0567,-0.063256
21.5519,-0.119641,0.9032,-0.063330
21.5532,-0.057428,0.7457,-0.063408
21.5544,-0.057428,0.5848,-0.063490
21.5557,-0.057428,0.4214,-0.063574
21.5569,-0.057428,0.2561,-0.063661
21.5582,-0.057428,0.0896,-0.063751
21.5594,-0.057428,-0.0774,-0.063842
21.5607,-0.057428,-0.2438,-0.063935
21.5619,-0.057428,-0.4092,-0.064029
21.5632,-0.222533,-0.5728,-0.064123
21.5644,-0.222533,-0.7339,-0.064218
21.5657,-0.222533,-0.8917,-0.064313
21.5669,-0.222533,-1.0455,-0.064407
21.5682,-0.222533,-1.1946,-0.064500
21.5694,-0.222533,-1.3386,-0.064592
21.5707,-0.222533,-1.4764,-0.064682
21.5719,-0.222533,-1.6077,-0.064770
21.5732,-0.222533,-1.7318,-0.064855
21.5744,-0.260818,-1.8482,-0.064937
21.5757,-0.260818,-1.9564,-0.065015
21.5769,-0.260818,-2.0559,-0.065090
21.5782,-0.260818,-2.1462,-0.065161
21.5795,-0.260818,-2.2344,-0.065234
21.5823,-0.260818,-2.3747,-0.065363
21.5832,-0.260818,-2.4113,-0.065402
21.5842,-0.593420,-2.4409,-0.065436
21.5851,-0.593420,-2.4646,-0.065468
21.5860,-0.593420,-2.4822,-0.065496
21.5869,-0.593420,-2.4939,-0.065521
21.5882,-0.593420,-2.5000,-0.065549
21.5894,-0.593420,-2.4951,-0.065572
21.5907,-0.593420,-2.4792,-0.065589
21.5919,-0.593420,-2.4522,-0.065599
21.5932,-0.593420,-2.4143,-0.065603
21.5944,0.483350,-2.3656,-0.065601
21.5957,0.483350,-2.3064,-0.065592
21.5969,0.483350,-2.2369,-0.065577
21.5982,0.483350,-2.1575,-0.065556
21.5994,0.483350,-2.0683,-0.065529
21.6007,0.483350,-1.9701,-0.065496
21.6019,0.483350,-1.8631,-0.065457
21.6032,0.483350,-1.7477,-0.065412
21.6044,-0.112463,-1.6246,-0.065362
21.6057,-0.112463,-1.4942,-0.065306
21.6069,-0.112463,-1.3572,-0.065246
21.6082,-0.112463,-1.2141,-0.065180
21.6094,-0.112463,-1.0656,-0.065111
21.6107,-0.112463,-0.9124,-0.065037
21.6119,-0.112463,-0.7551,-0.064959
21.6132,-0.112463,-0.5944,-0.064878
21.6144,0.234497,-0.4311,-0.064794
21.6157,0.234497,-0.2658,-0.064707
21.6169,0.234497,-0.0994,-0.064618
21.6182,0.234497,0.0675,-0.064526
21.6194,0.234497,0.2340,-0.064434
21.6207,0.234497,0.3996,-0.064340
21.6219,0.234497,0.5633,-0.064245
21.6232,0.234497,0.7245,-0.064150
21.6244,-0.031107,0.8825,-0.064055
21.6257,-0.031107,1.0366,-0.063961
21.6269,-0.031107,1.1861,-0.063868
21.6282,-0.031107,1.3302,-0.063776
21.6294,-0.031107,1.4684,-0.063686
21.6308,-0.031107,1.6134,-0.063589
21.6339,-0.031107,1.9083,-0.063383
21.6349,0.057428,1.9895,-0.063323
21.6358,0.057428,2.0621,-0.063268
21.6367,0.057428,2.1291,-0.063215
21.6377,0.057428,2.1911,-0.063165
21.6386,0.057428,2.2477,-0.063117
21.6395,0.057428,2.2988,-0.063072
21.6407,0.057428,2.3551,-0.063019
21.6419,0.057428,2.4058,-0.062967
21.6432,0.057428,2.4458,-0.062921
21.6444,-0.323031,2.4749,-0.062880
21.6457,-0.323031,2.4929,-0.062844
21.6469,-0.323031,2.4999,-0.062815
21.6482,-0.323031,2.4957,-0.062792
21.6494,-0.323031,2.4805,-0.062775
21.6507,-0.323031,2.4541,-0.062764
21.6519,-0.323031,2.4168,-0.062760
21.6532,-0.323031,2.3688,-0.062762
21.6544,-0.323031,2.3102,-0.062770
21.6557,0.045464,2.2413,-0.062784
21.6569,0.045464,2.1624,-0.062805
21.6582,0.045464,2.0739,-0.062832
21.6594,0.045464,1.9762,-0.062865
21.6607,0.045464,1.8696,-0.062904
21.6619,0.045464,1.7546,-0.062948
21.6632,0.045464,1.6314,-0.062998
21.6644,0.045464,1.5020,-0.063053
21.6657,0.021535,1.3654,-0.063113
21.6669,0.021535,1.2227,-0.063178
21.6682,0.021535,1.0743,-0.063248
21.6694,0.021535,0.9215,-0.063321
21.6707,0.021535,0.7644,-0.063399
21.6719,0.021535,0.6038,-0.063480
21.6732,0.021535,0.4407,-0.063564
21.6744,0.021535,0.2755,-0.063651
21.6757,-0.122034,0.1092,-0.063740
21.6769,-0.122034,-0.0577,-0.063831
21.6782,-0.122034,-0.2243,-0.063924
21.6794,-0.122034,-0.3899,-0.064018
21.6807,-0.122034,-0.5537,-0.064112
21.6822,-0.122034,-0.7538,-0.064230
21.6852,-0.212961,-1.1268,-0.064458
21.6862,-0.212961,-1.2388,-0.064528
21.6871,-0.212961,-1.3443,-0.064596
21.6880,-0.212961,-1.4467,-0.064662
21.6889,-0.212961,-1.5452,-0.064728
21.6899,-0.212961,-1.6401,-0.064792
21.6908,-0.212961,-1.7309,-0.064854
21.6919,-0.212961,-1.8351,-0.064927
21.6932,-0.212961,-1.9441,-0.065006
21.6944,-0.212961,-2.0447,-0.065082
21.6957,-0.303888,-2.1360,-0.065153
21.6969,-0.303888,-2.2179,-0.065220
21.6982,-0.303888,-2.2899,-0.065283
21.6994,-0.303888,-2.3518,-0.065340
21.7007,-0.303888,-2.4031,-0.065393
21.7019,-0.303888,-2.4437,-0.065440
21.7032,-0.303888,-2.4735,-0.065481
21.7044,-0.303888,-2.4922,-0.065517
21.7057,0.002393,-2.4998,-0.065546
21.7069,0.002393,-2.4963,-0.065570
21.7082,0.002393,-2.4816,-0.065587
21.7094,0.002393,-2.4559,-0.065598
21.7107,0.002393,-2.4193,-0.065603
21.7119,0.002393,-2.3719,-0.065602
21.7132,0.002393,-2.3138,-0.065594
21.7144,0.002393,-2.2455,-0.065580
21.7157,-0.055035,-2.1674,-0.065559
21.7169,-0.055035,-2.0795,-0.065533
21.7182,-0.055035,-1.9823,-0.065500
21.7194,-0.055035,-1.8762,-0.065462
21.7207,-0.055035,-1.7618,-0.065418
21.7219,-0.055035,-1.6396,-0.065368
21.7232,-0.055035,-1.5100,-0.065313
21.7244,-0.055035,-1.3737,-0.065253
21.7257,-0.055035,-1.2313,-0.065188
21.7269,0.102891,-1.0834,-0.065119
21.7282,0.102891,-0.9307,-0.065046
21.7294,0.102891,-0.7738,-0.064969
21.7307,0.102891,-0.6132,-0.064888
21.7319,0.102891,-0.4499,-0.064804
21.7333,0.102891,-0.2641,-0.064706
21.7362,0.105284,0.1245,-0.064495
21.7372,0.105284,0.2586,-0.064420
21.7382,0.105284,0.3819,-0.064350
21.7391,0.105284,0.5032,-0.064280
21.7400,0.105284,0.6231,-0.064210
21.7409,0.105284,0.7416,-0.064140
21.7419,0.105284,0.8642,-0.064066
21.7432,0.105284,1.0186,-0.063972
21.7444,0.105284,1.1689,-0.063879
21.7457,0.105284,1.3134,-0.063787
21.7469,-0.002393,1.4524,-0.063697
21.7482,-0.002393,1.5850,-0.063608
21.7494,-0.002393,1.7105,-0.063523
21.7507,-0.002393,1.8283,-0.063440
21.7519,-0.002393,1.9380,-0.063361
21.7532,-0.002393,2.0390,-0.063285
21.7544,-0.002393,2.1309,-0.063214
21.7557,-0.002393,2.2134,-0.063146
21.7569,-0.186640,2.2860,-0.063084
21.7582,-0.186640,2.3484,-0.063026
21.7594,-0.186640,2.4004,-0.062973
21.7607,-0.186640,2.4416,-0.062926
21.7619,-0.186640,2.4720,-0.062884
21.7632,-0.186640,2.4914,-0.062848
21.7644,-0.186640,2.4997,-0.062818
21.7657,-0.186640,2.4968,-0.062794
21.7669,-0.076570,2.4828,-0.062777
21.7682,-0.076570,2.4578,-0.062765
21.7694,-0.076570,2.4218,-0.062760
21.7707,-0.076570,2.3750,-0.062761
21.7719,-0.076570,2.3177,-0.062768
21.7732,-0.076570,2.2499,-0.062782
21.7744,-0.076570,2.1722,-0.062802
21.7757,-0.076570,2.0847,-0.062828
21.7769,0.021535,1.9881,-0.062861
21.7782,0.021535,1.8825,-0.062899
21.7794,0.021535,1.7686,-0.062942
21.7807,0.021535,1.6468,-0.062992
21.7819,0.021535,1.5177,-0.063046
21.7832,0.021535,1.3818,-0.063106
21.7847,0.021535,1.2086,-0.063185
21.7872,-0.023928,0.9029,-0.063331
21.7881,-0.023928,0.7838,-0.063389
21.7891,-0.023928,0.6658,-0.063448
21.7900,-0.023928,0.5463,-0.063509
21.7909,-0.023928,0.4256,-0.063572
21.7919,-0.023928,0.2950,-0.063640
21.7932,-0.023928,0.1288,-0.063729
21.7944,-0.023928,-0.0380,-0.063820
21.7957,-0.023928,-0.2046,-0.063913
21.7969,-0.112463,-0.3704,-0.064007
21.7982,-0.112463,-0.5346,-0.064101
21.7994,-0.112463,-0.6963,-0.064196
21.8007,-0.112463,-0.8549,-0.064291
21.8019,-0.112463,-1.0097,-0.064385
21.8032,-0.112463,-1.1600,-0.064479
21.8044,-0.112463,-1.3052,-0.064571
21.8057,-0.112463,-1.4445,-0.064661
21.8069,-0.112463,-1.5774,-0.064749
21.8082,-0.169890,-1.7033,-0.064835
21.8094,-0.169890,-1.8216,-0.064918
21.8107,-0.169890,-1.9317,-0.064997
21.8119,-0.169890,-2.0333,-0.065073
21.8132,-0.169890,-2.1258,-0.065145
21.8144,-0.169890,-2.2088,-0.065213
21.8157,-0.169890,-2.2820,-0.065276
21.8169,-0.169890,-2.3451,-0.065334
21.8182,-0.251246,-2.3976,-0.065387
21.8194,-0.251246,-2.4396,-0.065434
21.8207,-0.251246,-2.4705,-0.065476
21.8219,-0.251246,-2.4906,-0.065513
21.8232,-0.251246,-2.4995,-0.065543
21.8244,-0.251246,-2.4973,-0.065567
21.8257,-0.251246,-2.4840,-0.065585
21.8269,-0.251246,-2.4595,-0.065597
21.8282,-0.172283,-2.4242,-0.065603
21.8294,-0.172283,-2.3780,-0.065602
21.8307,-0.172283,-2.3212,-0.065595
21.8319,-0.172283,-2.2541,-0.065582
21.8332,-0.172283,-2.1770,-0.065562
21.8344,-0.172283,-2.0902,-0.065536
21.8359,-0.172283,-1.9753,-0.065498
21.8384,0.047856,-1.7566,-0.065416
21.8393,0.047856,-1.6644,-0.065378
21.8402,0.047856,-1.5704,-0.065339
21.8411,0.047856,-1.4727,-0.065297
21.8421,0.047856,-1.3715,-0.065252
21.8432,0.047856,-1.2482,-0.065196
21.8444,0.047856,-1.1010,-0.065128
21.8457,0.047856,-0.9488,-0.065055
21.8469,0.047856,-0.7924,-0.064978
21.8482,0.124427,-0.6325,-0.064898
21.8494,0.124427,-0.4697,-0.064814
21.8507,0.124427,-0.3048,-0.064728
21.8519,0.124427,-0.1386,-0.064639
21.8532,0.124427,0.0282,-0.064548
21.8544,0.124427,0.1949,-0.064455
21.8557,0.124427,0.3607,-0.064362
21.8569,0.124427,0.5250,-0.064267
21.8582,0.050249,0.6868,-0.064172
21.8594,0.050249,0.8458,-0.064078
21.8607,0.050249,1.0007,-0.063983
21.8619,0.050249,1.1513,-0.063890
21.8632,0.050249,1.2968,-0.063798
21.8644,0.050249,1.4365,-0.063707
21.8657,0.050249,1.5698,-0.063619
21.8669,0.050249,1.6961,-0.063533
21.8682,-0.062213,1.8148,-0.063450
21.8694,-0.062213,1.9255,-0.063370
21.8707,-0.062213,2.0276,-0.063294
21.8719,-0.062213,2.1206,-0.063222
21.8732,-0.062213,2.2042,-0.063154
21.8744,-0.062213,2.2780,-0.063091
21.8757,-0.062213,2.3416,-0.063032
21.8769,-0.062213,2.3949,-0.062979
21.8782,-0.114855,2.4374,-0.062931
21.8794,-0.114855,2.4690,-0.062889
21.8807,-0.114855,2.4897,-0.062852
21.8819,-0.114855,2.4993,-0.062821
21.8832,-0.114855,2.4977,-0.062797
21.8844,-0.114855,2.4850,-0.062778
21.8857,-0.114855,2.4613,-0.062766
21.8871,-0.114855,2.4204,-0.062760
21.8897,-0.047856,2.3102,-0.062770
21.8906,-0.047856,2.2593,-0.062780
21.8916,-0.047856,2.2038,-0.062794
21.8925,-0.047856,2.1430,-0.062811
21.8934,-0.047856,2.0771,-0.062831
21.8944,-0.047856,1.9999,-0.062857
21.8957,-0.047856,1.8954,-0.062894
21.8969,-0.047856,1.7825,-0.062937
21.8982,-0.047856,1.6613,-0.062986
21.8994,-0.057428,1.5332,-0.063040
21.9007,-0.057428,1.3981,-0.063099
21.9019,-0.057428,1.2568,-0.063163
21.9032,-0.057428,1.1098,-0.063231
21.9044,-0.057428,0.9579,-0.063304
21.9057,-0.057428,0.8017,-0.063380
21.9069,-0.057428,0.6419,-0.063461
21.9082,-0.057428,0.4793,-0.063544
21.9094,0.009571,0.3146,-0.063630
21.9107,0.009571,0.1485,-0.063719
21.9119,0.009571,-0.0184,-0.063809
21.9132,0.009571,-0.1851,-0.063902
21.9144,0.009571,-0.3510,-0.063995
21.9157,0.009571,-0.5153,-0.064090
21.9169,0.009571,-0.6774,-0.064185
21.9182,0.009571,-0.8364,-0.064280
21.9194,-0.083749,-0.9919,-0.064374
21.9207,-0.083749,-1.1426,-0.064468
21.9219,-0.083749,-1.2884,-0.064560
21.9232,-0.083749,-1.4284,-0.064650
21.9244,-0.083749,-1.5621,-0.064739
21.9257,-0.083749,-1.6888,-0.064825
21.9269,-0.083749,-1.8080,-0.064908
21.9282,-0.083749,-1.9192,-0.064988
21.9294,-0.155533,-2.0218,-0.065064
21.9307,-0.155533,-2.1156,-0.065137
21.9319,-0.155533,-2.1996,-0.065205
21.9332,-0.155533,-2.2739,-0.065268
21.9344,-0.155533,-2.3382,-0.065327
21.9357,-0.155533,-2.3920,-0.065381
21.9369,-0.155533,-2.4352,-0.065429
21.9382,-0.155533,-2.4695,-0.065475
21.9419,-0.339781,-2.4980,-0.065565
21.9429,-0.339781,-2.4893,-0.065580
21.9438,-0.339781,-2.4749,-0.065591
21.9448,-0.339781,-2.4544,-0.065599
21.9457,-0.339781,-2.4280,-0.065603
21.9466,-0.339781,-2.3958,-0.065603
21.9475,-0.339781,-2.3577,-0.065600
21.9484,-0.339781,-2.3140,-0.065594
21.9494,-0.040678,-2.2625,-0.065583
21.9507,-0.040678,-2.1866,-0.065565
21.9519,-0.040678,-2.1009,-0.065539
21.9532,-0.040678,-2.0058,-0.065508
21.9544,-0.040678,-1.9018,-0.065471
21.9557,-0.040678,-1.7894,-0.065428
21.9569,-0.040678,-1.6689,-0.065380
21.9582,-0.040678,-1.5410,-0.065326
21.9594,-0.150748,-1.4060,-0.065268
21.9607,-0.150748,-1.2652,-0.065204
21.9619,-0.150748,-1.1186,-0.065136
21.9632,-0.150748,-0.9670,-0.065063
21.9644,-0.150748,-0.8109,-0.064987
21.9657,-0.150748,-0.6514,-0.064907
21.9669,-0.150748,-0.4890,-0.064824
21.9682,-0.150748,-0.3243,-0.064738
21.9694,-0.150748,-0.1582,-0.064649
21.9707,0.220140,0.0086,-0.064559
21.9719,0.220140,0.1753,-0.064466
21.9732,0.220140,0.3413,-0.064373
21.9744,0.220140,0.5057,-0.064278
21.9757,0.220140,0.6678,-0.064184
21.9769,0.220140,0.8270,-0.064089
21.9782,0.220140,0.9825,-0.063994
21.9794,0.220140,1.1339,-0.063901
21.9807,0.126820,1.2801,-0.063808
21.9819,0.126820,1.4204,-0.063718
21.9832,0.126820,1.5545,-0.063629
21.9844,0.126820,1.6816,-0.063543
21.9857,0.126820,1.8013,-0.063459
21.9869,0.126820,1.9129,-0.063379
21.9882,0.126820,2.0160,-0.063303
21.9895,0.126820,2.1199,-0.063223
21.9926,-0.160319,2.3082,-0.063064
21.9936,-0.160319,2.3539,-0.063021
21.9945,-0.160319,2.3925,-0.062981
21.9954,-0.160319,2.4254,-0.062945
21.9963,-0.160319,2.4522,-0.062912
21.9973,-0.160319,2.4732,-0.062882
21.9982,-0.160319,2.4881,-0.062855
21.9994,-0.160319,2.4987,-0.062825
22.0007,-0.093320,2.4985,-0.062799
22.0019,-0.093320,2.4871,-0.062780
22.0032,-0.093320,2.4647,-0.062767
22.0044,-0.093320,2.4312,-0.062760
22.0057,-0.093320,2.3870,-0.062760
22.0069,-0.093320,2.3321,-0.062766
22.0082,-0.093320,2.2668,-0.062778
22.0094,-0.093320,2.1914,-0.062797
22.0107,0.004786,2.1062,-0.062822
22.0119,0.004786,2.0117,-0.062853
22.0132,0.004786,1.9082,-0.062889
22.0144,0.004786,1.7962,-0.062932
22.0157,0.004786,1.6762,-0.062980
22.0169,0.004786,1.5487,-0.063033
22.0182,0.004786,1.4144,-0.063092
22.0194,0.004786,1.2737,-0.063155
22.0207,-0.007178,1.1274,-0.063223
22.0219,-0.007178,0.9760,-0.063295
22.0232,-0.007178,0.8203,-0.063371
22.0244,-0.007178,0.6609,-0.063451
22.0257,-0.007178,0.4986,-0.063534
22.0269,-0.007178,0.3341,-0.063620
22.0282,-0.007178,0.1680,-0.063708
22.0294,-0.007178,0.0007,-0.063799
22.0307,-0.059821,-0.1662,-0.063891
22.0319,-0.059821,-0.3317,-0.063985
22.0332,-0.059821,-0.4962,-0.064079
22.0344,-0.059821,-0.6585,-0.064174
22.0357,-0.059821,-0.8179,-0.064268
22.0369,-0.059821,-0.9737,-0.064363
22.0382,-0.059821,-1.1251,-0.064457
22.0394,-0.059821,-1.2715,-0.064549
22.0408,-0.167498,-1.4309,-0.064652
22.0438,-0.167498,-1.7335,-0.064856
22.0447,-0.167498,-1.8225,-0.064918
22.0456,-0.167498,-1.9046,-0.064977
22.0466,-0.167498,-1.9820,-0.065034
22.0475,-0.167498,-2.0547,-0.065089
22.0484,-0.167498,-2.1222,-0.065142
22.0494,-0.167498,-2.1902,-0.065197
22.0507,-0.167498,-2.2657,-0.065261
22.0519,-0.222533,-2.3311,-0.065320
22.0532,-0.222533,-2.3862,-0.065375
22.0544,-0.222533,-2.4306,-0.065424
22.0557,-0.222533,-2.4642,-0.065467
22.0569,-0.222533,-2.4869,-0.065505
22.0582,-0.222533,-2.4984,-0.065536
22.0594,-0.222533,-2.4988,-0.065562
22.0607,-0.222533,-2.4881,-0.065582
22.0619,-0.148355,-2.4663,-0.065595
22.0632,-0.148355,-2.4335,-0.065602
22.0644,-0.148355,-2.3898,-0.065603
22.0657,-0.148355,-2.3356,-0.065597
22.0669,-0.148355,-2.2709,-0.065585
22.0682,-0.148355,-2.1961,-0.065567
22.0694,-0.148355,-2.1115,-0.065543
22.0707,-0.148355,-2.0175,-0.065512
22.0719,-0.224925,-1.9145,-0.065476
22.0732,-0.224925,-1.8030,-0.065434
22.0744,-0.224925,-1.6835,-0.065386
22.0757,-0.224925,-1.5564,-0.065333
22.0769,-0.224925,-1.4224,-0.065275
22.0782,-0.224925,-1.2821,-0.065212
22.0794,-0.224925,-1.1360,-0.065144
22.0807,-0.224925,-0.9852,-0.065072
22.0819,0.043071,-0.8295,-0.064996
22.0832,0.043071,-0.6704,-0.064917
22.0844,0.043071,-0.5081,-0.064834
22.0857,0.043071,-0.3437,-0.064748
22.0869,0.043071,-0.1778,-0.064660
22.0882,0.043071,-0.0110,-0.064569
22.0894,0.043071,0.1563,-0.064477
22.0907,0.043071,0.3221,-0.064384
22.0919,0.035892,0.4871,-0.064289
22.0944,0.035892,0.8091,-0.064100
22.0954,0.035892,0.9280,-0.064028
22.0963,0.035892,1.0413,-0.063958
22.0972,0.035892,1.1520,-0.063889
22.0982,0.035892,1.2632,-0.063819
22.0994,0.035892,1.4043,-0.063728
22.1007,0.035892,1.5390,-0.063639
22.1019,0.263210,1.6670,-0.063553
22.1032,0.263210,1.7876,-0.063469
22.1044,0.263210,1.9002,-0.063389
22.1057,0.263210,2.0043,-0.063312
22.1069,0.263210,2.0996,-0.063239
22.1082,0.263210,2.1854,-0.063170
22.1094,0.263210,2.2615,-0.063105
22.1107,0.263210,2.3276,-0.063046
22.1119,-0.215354,2.3832,-0.062991
22.1132,-0.215354,2.4283,-0.062942
22.1144,-0.215354,2.4626,-0.062898
22.1157,-0.215354,2.4858,-0.062860
22.1169,-0.215354,2.4980,-0.062828
22.1182,-0.215354,2.4991,-0.062802
22.1194,-0.215354,2.4890,-0.062782
22.1207,-0.215354,2.4679,-0.062768
22.1219,0.002393,2.4357,-0.062761
22.1232,0.002393,2.3927,-0.062760
22.1244,0.002393,2.3391,-0.062765
22.1257,0.002393,2.2750,-0.062777
22.1269,0.002393,2.2008,-0.062795
22.1282,0.002393,2.1167,-0.062819
22.1294,0.002393,2.0233,-0.062849
22.1307,0.002393,1.9207,-0.062885
22.1319,0.002393,1.8098,-0.062926
22.1332,-0.165105,1.6906,-0.062974
22.1344,-0.165105,1.5641,-0.063027
22.1357,-0.165105,1.4305,-0.063084
22.1369,-0.165105,1.2905,-0.063147
22.1382,-0.165105,1.1448,-0.063215
22.1394,-0.165105,0.9940,-0.063286
22.1407,-0.165105,0.8388,-0.063362
22.1419,-0.165105,0.6798,-0.063441
22.1432,0.014357,0.5177,-0.063524
22.1454,0.014357,0.2183,-0.063681
22.1464,0.014357,0.0929,-0.063749
22.1473,0.014357,-0.0310,-0.063816
22.1482,0.014357,-0.1544,-0.063885
22.1494,0.014357,-0.3121,-0.063973
22.1507,0.014357,-0.4769,-0.064068
22.1519,0.014357,-0.6395,-0.064162
22.1532,-0.110070,-0.7993,-0.064257
22.1544,-0.110070,-0.9555,-0.064352
22.1557,-0.110070,-1.1075,-0.064446
22.1569,-0.110070,-1.2546,-0.064538
22.1582,-0.110070,-1.3960,-0.064629
22.1594,-0.110070,-1.5313,-0.064718
22.1607,-0.110070,-1.6597,-0.064805
22.1619,-0.110070,-1.7808,-0.064889
22.1632,-0.174676,-1.8945,-0.064970
22.1644,-0.174676,-1.9985,-0.065047
22.1657,-0.174676,-2.0942,-0.065120
22.1669,-0.174676,-2.1806,-0.065189
22.1682,-0.174676,-2.2573,-0.065254
22.1694,-0.174676,-2.3240,-0.065314
22.1707,-0.174676,-2.3803,-0.065369
22.1719,-0.174676,-2.4260,-0.065418
22.1732,-0.043071,-2.4608,-0.065462
22.1744,-0.043071,-2.4848,-0.065501
22.1757,-0.043071,-2.4976,-0.065533
22.1769,-0.043071,-2.4993,-0.065559
22.1782,-0.043071,-2.4899,-0.065580
22.1794,-0.043071,-2.4694,-0.065594
22.1807,-0.043071,-2.4379,-0.065602
22.1819,-0.043071,-2.3955,-0.065603
22.1832,-0.272782,-2.3425,-0.065598
22.1844,-0.272782,-2.2790,-0.065587
22.1857,-0.272782,-2.2054,-0.065570
22.1869,-0.272782,-2.1219,-0.065546
22.1882,-0.272782,-2.0290,-0.065516
22.1894,-0.272782,-1.9271,-0.065481
22.1907,-0.272782,-1.8165,-0.065439
22.1919,-0.272782,-1.6978,-0.065392
22.1932,-0.138784,-1.5717,-0.065340
22.1944,-0.138784,-1.4383,-0.065282
22.1967,-0.138784,-1.1822,-0.065166
22.1976,-0.138784,-1.0698,-0.065113
22.1985,-0.138784,-0.9572,-0.065059
22.1994,-0.138784,-0.8423,-0.065003
22.2007,-0.138784,-0.6892,-0.064926
22.2019,-0.138784,-0.5274,-0.064844
22.2032,-0.004786,-0.3632,-0.064758
22.2044,-0.004786,-0.1973,-0.064670
22.2057,-0.004786,-0.0307,-0.064580
22.2069,-0.004786,0.1362,-0.064488
22.2082,-0.004786,0.3024,-0.064395
22.2094,-0.004786,0.4672,-0.064301
22.2107,-0.004786,0.6300,-0.064206
22.2119,-0.004786,0.7901,-0.064111
22.2132,-0.004786,0.9467,-0.064016
22.2144,0.021535,1.0991,-0.063922
22.2157,0.021535,1.2461,-0.063830
22.2169,0.021535,1.3877,-0.063739
22.2182,0.021535,1.5234,-0.063650
22.2194,0.021535,1.6522,-0.063563
22.2207,0.021535,1.7737,-0.063479
22.2219,0.021535,1.8873,-0.063398
22.2232,0.021535,1.9924,-0.063321
22.2244,0.229711,2.0888,-0.063247
22.2257,0.229711,2.1757,-0.063178
22.2269,0.229711,2.2530,-0.063113
22.2282,0.229711,2.3203,-0.063052
22.2294,0.229711,2.3772,-0.062997
22.2307,0.229711,2.4236,-0.062947
22.2319,0.229711,2.4591,-0.062903
22.2332,0.229711,2.4836,-0.062864
22.2344,-0.169890,2.4972,-0.062832
22.2357,-0.169890,2.4995,-0.062805
22.2369,-0.169890,2.4908,-0.062784
22.2382,-0.169890,2.4709,-0.062770
22.2394,-0.169890,2.4401,-0.062761
22.2407,-0.169890,2.3983,-0.062760
22.2419,-0.169890,2.3459,-0.062764
22.2432,-0.169890,2.2830,-0.062775
22.2444,-0.375673,2.2100,-0.062792
22.2457,-0.375673,2.1260,-0.062816
22.2481,-0.375673,1.9360,-0.062879
22.2491,-0.375673,1.8543,-0.062909
22.2500,-0.375673,1.7694,-0.062942
22.2509,-0.375673,1.6803,-0.062978
22.2519,-0.375673,1.5793,-0.063020
22.2532,-0.375673,1.4465,-0.063077
22.2544,0.196211,1.3073,-0.063140
22.2557,0.196211,1.1622,-0.063206
22.2569,0.196211,1.0120,-0.063278
22.2582,0.196211,0.8573,-0.063353
22.2594,0.196211,0.6987,-0.063432
22.2607,0.196211,0.5370,-0.063514
22.2619,0.196211,0.3729,-0.063599
22.2632,0.196211,0.2072,-0.063687
22.2644,0.011964,0.0405,-0.063777
22.2657,0.011964,-0.1263,-0.063869
22.2669,0.011964,-0.2926,-0.063962
22.2682,0.011964,-0.4576,-0.064057
22.2694,0.011964,-0.6205,-0.064151
22.2707,0.011964,-0.7807,-0.064246
22.2719,0.011964,-0.9374,-0.064341
22.2732,0.011964,-1.0899,-0.064435
22.2744,0.074178,-1.2376,-0.064527
22.2757,0.074178,-1.3797,-0.064619
22.2769,0.074178,-1.5157,-0.064708
22.2782,0.074178,-1.6450,-0.064795
22.2794,0.074178,-1.7670,-0.064879
22.2807,0.074178,-1.8809,-0.064960
22.2819,0.074178,-1.9866,-0.065038
22.2832,0.074178,-2.0834,-0.065112
22.2844,0.074178,-2.1709,-0.065181
22.2857,-0.397209,-2.2488,-0.065246
22.2869,-0.397209,-2.3167,-0.065307
22.2882,-0.397209,-2.3742,-0.065362
22.2894,-0.397209,-2.4212,-0.065413
22.2907,-0.397209,-2.4573,-0.065457
22.2919,-0.397209,-2.4825,-0.065496
22.2932,-0.397209,-2.4967,-0.065530
22.2944,-0.397209,-2.4997,-0.065557
22.2957,-0.114855,-2.4916,-0.065578
22.2994,-0.114855,-2.4008,-0.065603
22.3004,-0.114855,-2.3612,-0.065601
22.3013,-0.114855,-2.3179,-0.065594
22.3022,-0.114855,-2.2689,-0.065585
22.3032,-0.114855,-2.2145,-0.065572
22.3041,-0.114855,-2.1536,-0.065555
22.3050,-0.464208,-2.0886,-0.065536
22.3059,-0.464208,-2.0184,-0.065513
22.3069,-0.464208,-1.9395,-0.065485
22.3082,-0.464208,-1.8300,-0.065444
22.3094,-0.464208,-1.7123,-0.065398
22.3107,-0.464208,-1.5870,-0.065346
22.3119,-0.464208,-1.4546,-0.065289
22.3132,-0.464208,-1.3157,-0.065227
22.3144,-0.464208,-1.1709,-0.065160
22.3157,0.220140,-1.0210,-0.065089
22.3169,0.220140,-0.8665,-0.065014
22.3182,0.220140,-0.7081,-0.064936
22.3194,0.220140,-0.5464,-0.064854
22.3207,0.220140,-0.3826,-0.064769
22.3219,0.220140,-0.2170,-0.064681
22.3232,0.220140,-0.0503,-0.064591
22.3244,0.220140,0.1165,-0.064499
22.3257,-0.016750,0.2828,-0.064406
22.3269,-0.016750,0.4479,-0.064312
22.3282,-0.016750,0.6110,-0.064217
22.3294,-0.016750,0.7714,-0.064122
22.3307,-0.016750,0.9286,-0.064027
22.3319,-0.016750,1.0812,-0.063934
22.3332,-0.016750,1.2290,-0.063841
22.3344,-0.016750,1.3715,-0.063749
22.3357,0.212961,1.5078,-0.063660
22.3369,0.212961,1.6374,-0.063573
22.3382,0.212961,1.7599,-0.063489
22.3394,0.212961,1.8745,-0.063407
22.3407,0.212961,1.9807,-0.063329
22.3419,0.212961,2.0780,-0.063255
22.3432,0.212961,2.1661,-0.063185
22.3444,0.212961,2.2445,-0.063120
22.3457,-0.023928,2.3130,-0.063059
22.3469,-0.023928,2.3711,-0.063004
22.3518,-0.023928,2.4954,-0.062837
22.3528,-0.023928,2.5000,-0.062814
22.3538,-0.023928,2.4976,-0.062796
22.3547,-0.023928,2.4890,-0.062782
22.3556,-0.119641,2.4743,-0.062771
22.3565,-0.119641,2.4538,-0.062764
22.3575,-0.119641,2.4273,-0.062760
22.3584,-0.119641,2.3949,-0.062760
22.3593,-0.119641,2.3567,-0.062763
22.3602,-0.119641,2.3128,-0.062769
22.3612,-0.119641,2.2633,-0.062779
22.3621,-0.119641,2.2083,-0.062793
22.3632,-0.119641,2.1373,-0.062812
22.3644,-0.119641,2.0461,-0.062841
22.3657,-0.119641,1.9457,-0.062876
22.3669,-0.205783,1.8367,-0.062916
22.3682,-0.205783,1.7194,-0.062962
22.3694,-0.205783,1.5945,-0.063014
22.3707,-0.205783,1.4625,-0.063070
22.3719,-0.205783,1.3240,-0.063132
22.3732,-0.205783,1.1796,-0.063198
22.3744,-0.205783,1.0299,-0.063269
22.3757,-0.205783,0.8757,-0.063344
22.3769,-0.064606,0.7175,-0.063422
22.3782,-0.064606,0.5562,-0.063504
22.3794,-0.064606,0.3922,-0.063589
22.3807,-0.064606,0.2268,-0.063677
22.3819,-0.064606,0.0602,-0.063767
22.3832,-0.064606,-0.1067,-0.063858
22.3844,-0.064606,-0.2731,-0.063951
22.3857,-0.064606,-0.4382,-0.064045
22.3869,0.090927,-0.6015,-0.064140
22.3882,0.090927,-0.7620,-0.064235
22.3894,0.090927,-0.9190,-0.064330
22.3907,0.090927,-1.0721,-0.064424
22.3919,0.090927,-1.2205,-0.064517
22.3932,0.090927,-1.3633,-0.064608
22.3944,0.090927,-1.5001,-0.064698
22.3957,0.090927,-1.6302,-0.064785
22.3969,-0.016750,-1.7529,-0.064869
22.3982,-0.016750,-1.8679,-0.064951
22.3994,-0.016750,-1.9776,-0.065031
22.4022,-0.016750,-2.1798,-0.065189
22.4031,-0.016750,-2.2387,-0.065238
22.4041,-0.016750,-2.2909,-0.065284
22.4050,-0.016750,-2.3374,-0.065326
22.4059,-0.016750,-2.3783,-0.065367
22.4069,-0.172283,-2.4162,-0.065407
22.4082,-0.172283,-2.4536,-0.065452
22.4094,-0.172283,-2.4801,-0.065492
22.4107,-0.172283,-2.4956,-0.065526
22.4119,-0.172283,-2.4999,-0.065554
22.4132,-0.172283,-2.4931,-0.065576
22.4144,-0.172283,-2.4752,-0.065591
22.4157,-0.172283,-2.4463,-0.065600
22.4169,-0.253639,-2.4065,-0.065603
22.4182,-0.253639,-2.3559,-0.065600
22.4194,-0.253639,-2.2948,-0.065590
22.4207,-0.253639,-2.2236,-0.065574
22.4219,-0.253639,-2.1425,-0.065552
22.4232,-0.253639,-2.0517,-0.065524
22.4244,-0.253639,-1.9519,-0.065489
22.4257,-0.253639,-1.8433,-0.065449
22.4269,-0.315853,-1.7266,-0.065404
22.4282,-0.315853,-1.6021,-0.065352
22.4294,-0.315853,-1.4705,-0.065296
22.4307,-0.315853,-1.3321,-0.065234
22.4319,-0.315853,-1.1881,-0.065168
22.4332,-0.315853,-1.0389,-0.065098
22.4344,-0.315853,-0.8848,-0.065023
22.4357,-0.315853,-0.7269,-0.064945
22.4369,0.004786,-0.5657,-0.064863
22.4382,0.004786,-0.4020,-0.064779
22.4394,0.004786,-0.2365,-0.064691
22.4407,0.004786,-0.0699,-0.064602
22.4419,0.004786,0.0969,-0.064510
22.4432,0.004786,0.2633,-0.064417
22.4444,0.004786,0.4286,-0.064323
22.4457,0.004786,0.5920,-0.064228
22.4469,0.004786,0.7527,-0.064133
22.4482,-0.002393,0.9100,-0.064039
22.4494,-0.002393,1.0633,-0.063945
22.4507,-0.002393,1.2121,-0.063852
22.4530,-0.002393,1.4787,-0.063679
22.4540,-0.002393,1.5785,-0.063613
22.4549,-0.002393,1.6721,-0.063549
22.4558,-0.002393,1.7618,-0.063487
22.4569,-0.002393,1.8615,-0.063417
22.4582,0.332602,1.9686,-0.063338
22.4594,0.332602,2.0671,-0.063264
22.4607,0.332602,2.1562,-0.063193
22.4619,0.332602,2.2358,-0.063127
22.4632,0.332602,2.3054,-0.063066
22.4644,0.332602,2.3648,-0.063010
22.4657,0.332602,2.4136,-0.062959
22.4669,0.332602,2.4517,-0.062913
22.4682,0.155533,2.4789,-0.062873
22.4694,0.155533,2.4950,-0.062839
22.4707,0.155533,2.5000,-0.062811
22.4719,0.155533,2.4938,-0.062788
22.4732,0.155533,2.4766,-0.062772
22.4744,0.155533,2.4483,-0.062763
22.4757,0.155533,2.4091,-0.062760
22.4769,0.155533,2.3592,-0.062763
22.4782,-0.397209,2.2988,-0.062772
22.4794,-0.397209,2.2281,-0.062788
22.4807,-0.397209,2.1475,-0.062809
22.4819,-0.397209,2.0573,-0.062837
22.4832,-0.397209,1.9580,-0.062871
22.4844,-0.397209,1.8499,-0.062911
22.4857,-0.397209,1.7336,-0.062956
22.4869,-0.397209,1.6096,-0.063007
22.4882,-0.196211,1.4784,-0.063063
22.4894,-0.196211,1.3406,-0.063125
22.4907,-0.196211,1.1969,-0.063190
22.4919,-0.196211,1.0477,-0.063261
22.4932,-0.196211,0.8940,-0.063335
22.4944,-0.196211,0.7363,-0.063413
22.4957,-0.196211,0.5752,-0.063495
22.4969,-0.196211,0.4117,-0.063579
22.4982,0.016750,0.2463,-0.063666
22.4994,0.016750,0.0798,-0.063756
22.5007,0.016750,-0.0871,-0.063847
22.5019,0.016750,-0.2537,-0.063940
22.5043,0.016750,-0.5638,-0.064118
22.5052,0.016750,-0.6856,-0.064190
22.5061,0.016750,-0.8033,-0.064260
22.5070,0.016750,-0.9188,-0.064329
22.5082,-0.011964,-1.0545,-0.064413
22.5094,-0.011964,-1.2033,-0.064506
22.5107,-0.011964,-1.3468,-0.064597
22.5119,-0.011964,-1.4843,-0.064687
22.5132,-0.011964,-1.6152,-0.064775
22.5144,-0.011964,-1.7389,-0.064860
22.5157,-0.011964,-1.8548,-0.064941
22.5169,-0.011964,-1.9625,-0.065020
22.5182,0.019143,-2.0615,-0.065095
22.5194,0.019143,-2.1512,-0.065165
22.5207,0.019143,-2.2314,-0.065232
22.5219,0.019143,-2.3016,-0.065293
22.5232,0.019143,-2.3616,-0.065350
22.5244,0.019143,-2.4111,-0.065401
22.5257,0.019143,-2.4498,-0.065447
22.5269,0.019143,-2.4776,-0.065488
22.5282,0.019143,-2.4943,-0.065522
22.5294,-0.387637,-2.5000,-0.065551
22.5307,-0.387637,-2.4945,-0.065573
22.5319,-0.387637,-2.4779,-0.065590
22.5332,-0.387637,-2.4503,-0.065600
22.5344,-0.387637,-2.4117,-0.065603
22.5357,-0.387637,-2.3624,-0.065601
22.5369,-0.387637,-2.3026,-0.065592
22.5382,-0.387637,-2.2325,-0.065576
22.5394,0.083749,-2.1524,-0.065555
22.5407,0.083749,-2.0630,-0.065527
22.5419,0.083749,-1.9642,-0.065494
22.5432,0.083749,-1.8565,-0.065454
22.5444,0.083749,-1.7407,-0.065409
22.5457,0.083749,-1.6171,-0.065359
22.5469,0.083749,-1.4863,-0.065303
22.5482,0.083749,-1.3489,-0.065242
22.5494,-0.093320,-1.2055,-0.065176
22.5507,-0.093320,-1.0567,-0.065107
22.5519,-0.093320,-0.9032,-0.065032
22.5532,-0.093320,-0.7456,-0.064955
22.5555,-0.093320,-0.4418,-0.064799
22.5564,-0.093320,-0.3177,-0.064734
22.5574,-0.093320,-0.1951,-0.064669
22.5583,-0.093320,-0.0721,-0.064603
22.5594,-0.210568,0.0772,-0.064521
22.5607,-0.210568,0.2438,-0.064428
22.5619,-0.210568,0.4092,-0.064334
22.5632,-0.210568,0.5728,-0.064239
22.5644,-0.210568,0.7340,-0.064145
22.5657,-0.210568,0.8917,-0.064050
22.5669,-0.210568,1.0455,-0.063956
22.5682,-0.210568,1.1947,-0.063862
22.5694,-0.050249,1.3385,-0.063771
22.5707,-0.050249,1.4764,-0.063681
22.5719,-0.050249,1.6077,-0.063593
22.5732,-0.050249,1.7318,-0.063508
22.5744,-0.050249,1.8482,-0.063426
22.5757,-0.050249,1.9564,-0.063347
22.5769,-0.050249,2.0559,-0.063272
22.5782,-0.050249,2.1463,-0.063201
22.5794,0.112463,2.2270,-0.063135
22.5807,0.112463,2.2978,-0.063073
22.5819,0.112463,2.3584,-0.063016
22.5832,0.112463,2.4084,-0.062964
22.5844,0.112463,2.4478,-0.062918
22.5857,0.112463,2.4763,-0.062877
22.5869,0.112463,2.4937,-0.062842
22.5882,0.112463,2.5000,-0.062814
22.5894,0.059821,2.4951,-0.062791
22.5907,0.059821,2.4792,-0.062774
22.5919,0.059821,2.4522,-0.062764
22.5932,0.059821,2.4143,-0.062760
22.5944,0.059821,2.3656,-0.062762
22.5957,0.059821,2.3064,-0.062770
22.5969,0.059821,2.2369,-0.062785
22.5982,0.059821,2.1575,-0.062806
22.5994,0.210568,2.0684,-0.062834
22.6007,0.210568,1.9701,-0.062867
22.6019,0.210568,1.8631,-0.062906
22.6032,0.210568,1.7477,-0.062951
22.6044,0.210568,1.6244,-0.063001
22.6070,0.210568,1.3493,-0.063121
22.6079,0.210568,1.2418,-0.063170
22.6088,0.210568,1.1334,-0.063220
22.6098,-0.119641,1.0222,-0.063273
22.6107,-0.119641,0.9087,-0.063328
22.6119,-0.119641,0.7549,-0.063404
22.6132,-0.119641,0.5943,-0.063485
22.6144,-0.119641,0.4311,-0.063569
22.6157,-0.119641,0.2658,-0.063656
22.6169,-0.119641,0.0994,-0.063745
22.6182,-0.119641,-0.0675,-0.063836
22.6194,-0.119641,-0.2340,-0.063929
22.6207,-0.440279,-0.3995,-0.064023
22.6219,-0.440279,-0.5633,-0.064118
22.6232,-0.440279,-0.7245,-0.064213
22.6244,-0.440279,-0.8825,-0.064307
22.6257,-0.440279,-1.0366,-0.064402
22.6269,-0.440279,-1.1860,-0.064495
22.6282,-0.440279,-1.3302,-0.064587
22.6294,-0.440279,-1.4685,-0.064677
22.6307,0.019143,-1.6004,-0.064765
22.6319,0.019143,-1.7248,-0.064850
22.6332,0.019143,-1.8416,-0.064932
22.6344,0.019143,-1.9503,-0.065011
22.6357,0.019143,-2.0503,-0.065086
22.6369,0.019143,-2.1411,-0.065157
22.6382,0.019143,-2.2225,-0.065224
22.6394,0.019143,-2.2940,-0.065286
22.6407,-0.289532,-2.3551,-0.065343
22.6419,-0.289532,-2.4058,-0.065396
22.6432,-0.289532,-2.4458,-0.065442
22.6444,-0.289532,-2.4749,-0.065483
22.6457,-0.289532,-2.4930,-0.065519
22.6469,-0.289532,-2.4999,-0.065548
22.6482,-0.289532,-2.4957,-0.065571
22.6494,-0.289532,-2.4804,-0.065588
22.6507,0.062213,-2.4541,-0.065599
22.6519,0.062213,-2.4168,-0.065603
22.6532,0.062213,-2.3688,-0.065601
22.6544,0.062213,-2.3102,-0.065593
22.6582,0.062213,-2.0728,-0.065531
22.6591,0.062213,-1.9976,-0.065505
22.6601,0.062213,-1.9186,-0.065477
22.6610,-0.136391,-1.8373,-0.065447
22.6619,-0.136391,-1.7516,-0.065414
22.6629,-0.136391,-1.6586,-0.065376
22.6639,-0.136391,-1.5557,-0.065333
22.6649,-0.136391,-1.4522,-0.065288
22.6658,-0.136391,-1.3499,-0.065242
22.6669,-0.136391,-1.2223,-0.065184
22.6682,-0.136391,-1.0744,-0.065115
22.6694,-0.136391,-0.9215,-0.065041
22.6707,-0.028714,-0.7644,-0.064964
22.6719,-0.028714,-0.6039,-0.064883
22.6732,-0.028714,-0.4405,-0.064799
22.6744,-0.028714,-0.2756,-0.064712
22.6757,-0.028714,-0.1092,-0.064623
22.6769,-0.028714,0.0577,-0.064532
22.6782,-0.028714,0.2242,-0.064439
22.6794,-0.028714,0.3900,-0.064345
22.6807,-0.028714,0.5537,-0.064251
22.6819,-0.224925,0.7151,-0.064156
22.6832,-0.224925,0.8733,-0.064061
22.6844,-0.224925,1.0277,-0.063967
22.6857,-0.224925,1.1774,-0.063873
22.6869,-0.224925,1.3219,-0.063781
22.6882,-0.224925,1.4605,-0.063691
22.6894,-0.224925,1.5926,-0.063603
22.6907,-0.224925,1.7176,-0.063518
22.6919,0.033500,1.8350,-0.063436
22.6932,0.033500,1.9441,-0.063357
22.6944,0.033500,2.0447,-0.063281
22.6957,0.033500,2.1360,-0.063210
22.6969,0.033500,2.2189,-0.063142
22.6982,0.033500,2.2900,-0.063080
22.6994,0.033500,2.3518,-0.063023
22.7007,0.033500,2.4031,-0.062970
22.7019,0.102891,2.4437,-0.062923
22.7032,0.102891,2.4735,-0.062882
22.7044,0.102891,2.4922,-0.062846
22.7057,0.102891,2.4998,-0.062817
22.7069,0.102891,2.4963,-0.062793
22.7098,0.102891,2.4452,-0.062762
22.7108,0.102891,2.4156,-0.062760
22.7117,0.232104,2.3809,-0.062761
22.7126,0.232104,2.3404,-0.062765
22.7136,0.232104,2.2923,-0.062773
22.7145,0.232104,2.2372,-0.062785
22.7157,0.232104,2.1672,-0.062804
22.7169,0.232104,2.0795,-0.062830
22.7182,0.232104,1.9822,-0.062863
22.7194,0.232104,1.8758,-0.062901
22.7207,0.232104,1.7617,-0.062945
22.7219,-0.090927,1.6396,-0.062995
22.7232,-0.090927,1.5100,-0.063050
22.7244,-0.090927,1.3726,-0.063110
22.7257,-0.090927,1.2309,-0.063175
22.7269,-0.090927,1.0834,-0.063244
22.7282,-0.090927,0.9307,-0.063317
22.7294,-0.090927,0.7735,-0.063394
22.7307,-0.090927,0.6131,-0.063475
22.7319,-0.136391,0.4503,-0.063559
22.7332,-0.136391,0.2842,-0.063646
22.7344,-0.136391,0.1190,-0.063735
22.7357,-0.136391,-0.0477,-0.063826
22.7369,-0.136391,-0.2143,-0.063918
22.7382,-0.136391,-0.3800,-0.064012
22.7394,-0.136391,-0.5440,-0.064107
22.7407,-0.136391,-0.7056,-0.064201
22.7419,-0.205783,-0.8640,-0.064296
22.7432,-0.205783,-1.0185,-0.064391
22.7444,-0.205783,-1.1686,-0.064484
22.7457,-0.205783,-1.3134,-0.064576
22.7469,-0.205783,-1.4524,-0.064666
22.7482,-0.205783,-1.5849,-0.064754
22.7494,-0.205783,-1.7103,-0.064840
22.7507,-0.205783,-1.8281,-0.064922
22.7519,-0.098106,-1.9379,-0.065002
22.7532,-0.098106,-2.0389,-0.065077
22.7544,-0.098106,-2.1309,-0.065149
22.7557,-0.098106,-2.2134,-0.065216
22.7569,-0.098106,-2.2859,-0.065279
22.7582,-0.098106,-2.3484,-0.065337
22.7594,-0.098106,-2.4004,-0.065390
22.7607,-0.098106,-2.4417,-0.065437
22.7619,-0.098106,-2.4723,-0.065479
22.7664,-0.162712,-2.4902,-0.065579
22.7674,-0.162712,-2.4750,-0.065591
22.7683,-0.162712,-2.4544,-0.065599
22.7692,-0.162712,-2.4280,-0.065603
22.7701,-0.162712,-2.3958,-0.065603
22.7711,-0.162712,-2.3577,-0.065600
22.7720,-0.162712,-2.3139,-0.065594
22.7729,-0.090927,-2.2645,-0.065584
22.7738,-0.090927,-2.2096,-0.065571
22.7747,-0.090927,-2.1494,-0.065554
22.7757,-0.090927,-2.0839,-0.065534
22.7769,-0.090927,-1.9880,-0.065502
22.7782,-0.090927,-1.8826,-0.065464
22.7794,-0.090927,-1.7685,-0.065420
22.7807,-0.090927,-1.6468,-0.065371
22.7819,-0.090927,-1.5177,-0.065316
22.7832,0.047856,-1.3818,-0.065257
22.7844,0.047856,-1.2397,-0.065192
22.7857,0.047856,-1.0922,-0.065123
22.7869,0.047856,-0.9397,-0.065050
22.7882,0.047856,-0.7830,-0.064973
22.7894,0.047856,-0.6229,-0.064893
22.7907,0.047856,-0.4600,-0.064809
22.7919,0.047856,-0.2951,-0.064722
22.7932,-0.306281,-0.1288,-0.064634
22.7944,-0.306281,0.0380,-0.064543
22.7957,-0.306281,0.2047,-0.064450
22.7969,-0.306281,0.3704,-0.064356
22.7982,-0.306281,0.5345,-0.064262
22.7994,-0.306281,0.6963,-0.064167
22.8007,-0.306281,0.8549,-0.064072
22.8019,-0.306281,1.0097,-0.063978
22.8032,-0.066999,1.1609,-0.063884
22.8044,-0.066999,1.3052,-0.063792
22.8057,-0.066999,1.4445,-0.063702
22.8069,-0.066999,1.5774,-0.063614
22.8082,-0.066999,1.7033,-0.063528
22.8094,-0.066999,1.8216,-0.063445
22.8107,-0.066999,1.9318,-0.063366
22.8119,-0.066999,2.0333,-0.063290
22.8134,-0.011964,2.1444,-0.063203
22.8161,-0.011964,2.3067,-0.063065
22.8171,-0.011964,2.3527,-0.063022
22.8180,-0.011964,2.3915,-0.062983
22.8189,-0.011964,2.4245,-0.062946
22.8198,-0.011964,2.4516,-0.062913
22.8208,-0.011964,2.4727,-0.062883
22.8219,-0.011964,2.4906,-0.062850
22.8232,0.172283,2.4995,-0.062820
22.8244,0.172283,2.4973,-0.062795
22.8257,0.172283,2.4840,-0.062777
22.8269,0.172283,2.4595,-0.062766
22.8282,0.172283,2.4242,-0.062760
22.8294,0.172283,2.3780,-0.062761
22.8307,0.172283,2.3213,-0.062768
22.8319,0.172283,2.2541,-0.062781
22.8332,-0.083749,2.1770,-0.062801
22.8344,-0.083749,2.0902,-0.062827
22.8357,-0.083749,1.9941,-0.062859
22.8369,-0.083749,1.8890,-0.062896
22.8382,-0.083749,1.7756,-0.062940
22.8394,-0.083749,1.6541,-0.062989
22.8407,-0.083749,1.5255,-0.063043
22.8419,-0.083749,1.3900,-0.063102
22.8432,-0.083749,1.2483,-0.063167
22.8444,0.210568,1.1010,-0.063235
22.8457,0.210568,0.9488,-0.063308
22.8469,0.210568,0.7924,-0.063385
22.8482,0.210568,0.6325,-0.063465
22.8494,0.210568,0.4697,-0.063549
22.8507,0.210568,0.3049,-0.063635
22.8519,0.210568,0.1387,-0.063724
22.8532,0.210568,-0.0282,-0.063815
22.8544,-0.277567,-0.1949,-0.063907
22.8557,-0.277567,-0.3608,-0.064001
22.8569,-0.277567,-0.5250,-0.064096
22.8582,-0.277567,-0.6868,-0.064190
22.8594,-0.277567,-0.8457,-0.064285
22.8607,-0.277567,-1.0008,-0.064380
22.8619,-0.277567,-1.1513,-0.064473
22.8632,-0.277567,-1.2968,-0.064565
22.8647,-0.071785,-1.4648,-0.064674
22.8671,-0.071785,-1.7171,-0.064844
22.8681,-0.071785,-1.8084,-0.064908
22.8690,-0.071785,-1.8914,-0.064968
22.8699,-0.071785,-1.9696,-0.065025
22.8709,-0.071785,-2.0430,-0.065080
22.8719,-0.071785,-2.1207,-0.065141
22.8732,-0.071785,-2.2042,-0.065209
22.8744,-0.179462,-2.2780,-0.065272
22.8757,-0.179462,-2.3416,-0.065330
22.8769,-0.179462,-2.3948,-0.065384
22.8782,-0.179462,-2.4373,-0.065432
22.8794,-0.179462,-2.4690,-0.065474
22.8807,-0.179462,-2.4897,-0.065511
22.8819,-0.179462,-2.4993,-0.065541
22.8832,-0.179462,-2.4977,-0.065566
22.8844,-0.198604,-2.4850,-0.065585
22.8857,-0.198604,-2.4613,-0.065597
22.8869,-0.198604,-2.4266,-0.065603
22.8882,-0.198604,-2.3810,-0.065602
22.8894,-0.198604,-2.3249,-0.065596
22.8907,-0.198604,-2.2584,-0.065583
22.8919,-0.198604,-2.1819,-0.065563
22.8932,-0.198604,-2.0956,-0.065538
22.8944,0.007178,-2.0000,-0.065506
22.8957,0.007178,-1.8955,-0.065469
22.8969,0.007178,-1.7825,-0.065426
22.8982,0.007178,-1.6616,-0.065377
22.8994,0.007178,-1.5333,-0.065323
22.9007,0.007178,-1.3981,-0.065264
22.9019,0.007178,-1.2568,-0.065200
22.9032,0.007178,-1.1098,-0.065132
22.9044,-0.136391,-0.9578,-0.065059
22.9057,-0.136391,-0.8018,-0.064983
22.9069,-0.136391,-0.6421,-0.064902
22.9082,-0.136391,-0.4793,-0.064819
22.9094,-0.136391,-0.3146,-0.064733
22.9107,-0.136391,-0.1484,-0.064644
22.9119,-0.136391,0.0184,-0.064553
22.9132,-0.136391,0.1851,-0.064461
22.9144,-0.172283,0.3510,-0.064367
22.9157,-0.172283,0.5235,-0.064268
22.9182,-0.172283,0.8364,-0.064083
22.9191,-0.172283,0.9535,-0.064012
22.9200,-0.172283,1.0664,-0.063943
22.9209,-0.172283,1.1765,-0.063874
22.9219,-0.172283,1.2885,-0.063803
22.9232,-0.172283,1.4284,-0.063712
22.9244,-0.172283,1.5621,-0.063624
22.9257,-0.196211,1.6888,-0.063538
22.9269,-0.196211,1.8081,-0.063455
22.9282,-0.196211,1.9192,-0.063375
22.9294,-0.196211,2.0218,-0.063298
22.9307,-0.196211,2.1156,-0.063226
22.9319,-0.196211,2.1996,-0.063158
22.9332,-0.196211,2.2739,-0.063094
22.9344,-0.196211,2.3382,-0.063036
22.9357,0.208176,2.3920,-0.062982
22.9369,0.208176,2.4352,-0.062934
22.9382,0.208176,2.4675,-0.062891
22.9394,0.208176,2.4888,-0.062854
22.9407,0.208176,2.4990,-0.062823
22.9419,0.208176,2.4981,-0.062798
22.9432,0.208176,2.4861,-0.062779
22.9444,0.208176,2.4630,-0.062767
22.9457,0.009571,2.4289,-0.062760
22.9469,0.009571,2.3840,-0.062760
22.9482,0.009571,2.3285,-0.062767
22.9494,0.009571,2.2626,-0.062779
22.9507,0.009571,2.1866,-0.062798
22.9519,0.009571,2.1009,-0.062823
22.9532,0.009571,2.0058,-0.062855
22.9544,0.009571,1.9018,-0.062892
22.9557,-0.050249,1.7895,-0.062934
22.9569,-0.050249,1.6690,-0.062983
22.9582,-0.050249,1.5410,-0.063036
22.9594,-0.050249,1.4063,-0.063095
22.9607,-0.050249,1.2652,-0.063159
22.9619,-0.050249,1.1186,-0.063227
22.9632,-0.050249,0.9669,-0.063299
22.9644,-0.050249,0.8109,-0.063376
22.9657,0.066999,0.6514,-0.063456
22.9669,0.066999,0.4888,-0.063539
22.9695,0.066999,0.1440,-0.063721
22.9705,0.066999,0.0180,-0.063790
22.9714,0.066999,-0.1056,-0.063858
22.9723,0.066999,-0.2283,-0.063926
22.9732,0.066999,-0.3506,-0.063995
22.9744,0.066999,-0.5058,-0.064084
22.9757,-0.007178,-0.6678,-0.064179
22.9769,-0.007178,-0.8271,-0.064274
22.9782,-0.007178,-0.9827,-0.064368
22.9794,-0.007178,-1.1338,-0.064462
22.9807,-0.007178,-1.2800,-0.064554
22.9819,-0.007178,-1.4204,-0.064645
22.9832,-0.007178,-1.5593,-0.064737
22.9844,-0.007178,-1.6823,-0.064820
22.9857,-0.177069,-1.8014,-0.064903
22.9869,-0.177069,-1.9130,-0.064983
22.9882,-0.177069,-2.0168,-0.065061
22.9894,-0.177069,-2.1107,-0.065133
22.9907,-0.177069,-2.1952,-0.065201
22.9919,-0.177069,-2.2699,-0.065265
22.9932,-0.177069,-2.3347,-0.065324
22.9944,-0.177069,-2.3891,-0.065378
22.9957,-0.141177,-2.4329,-0.065426
22.9969,-0.141177,-2.4658,-0.065469
22.9982,-0.141177,-2.4878,-0.065507
22.9994,-0.141177,-2.4987,-0.065538
23.0007,-0.141177,-2.4985,-0.065563
23.0019,-0.141177,-2.4871,-0.065583
23.0032,-0.141177,-2.4647,-0.065596
23.0044,-0.141177,-2.4312,-0.065602
23.0057,-0.141177,-2.3870,-0.065603
23.0069,-0.236889,-2.3321,-0.065597
23.0082,-0.236889,-2.2667,-0.065584
23.0094,-0.236889,-2.1912,-0.065566
23.0107,-0.236889,-2.1062,-0.065541
23.0119,-0.236889,-2.0117,-0.065510
23.0132,-0.236889,-1.9082,-0.065474
23.0144,-0.236889,-1.7962,-0.065431
23.0157,-0.236889,-1.6761,-0.065383
23.0169,0.074178,-1.5487,-0.065330
23.0182,0.074178,-1.4139,-0.065271
23.0209,0.074178,-1.0929,-0.065124
23.0219,0.074178,-0.9777,-0.065069
23.0228,0.074178,-0.8630,-0.065013
23.0237,0.074178,-0.7463,-0.064955
23.0247,0.074178,-0.6279,-0.064895
23.0257,0.074178,-0.4985,-0.064829
23.0269,-0.246461,-0.3341,-0.064743
23.0282,-0.246461,-0.1680,-0.064655
23.0294,-0.246461,-0.0013,-0.064564
23.0307,-0.246461,0.1656,-0.064472
23.0319,-0.246461,0.3318,-0.064378
23.0332,-0.246461,0.4962,-0.064284
23.0344,-0.246461,0.6585,-0.064189
23.0357,-0.246461,0.8179,-0.064094
23.0369,0.043071,0.9737,-0.064000
23.0382,0.043071,1.1251,-0.063906
23.0394,0.043071,1.2715,-0.063814
23.0407,0.043071,1.4123,-0.063723
23.0419,0.043071,1.5468,-0.063634
23.0432,0.043071,1.6743,-0.063548
23.0444,0.043071,1.7945,-0.063464
23.0457,0.043071,1.9066,-0.063384
23.0469,-0.191426,2.0102,-0.063307
23.0482,-0.191426,2.1049,-0.063234
23.0494,-0.191426,2.1902,-0.063166
23.0507,-0.191426,2.2657,-0.063102
23.0519,-0.191426,2.3312,-0.063042
23.0532,-0.191426,2.3862,-0.062988
23.0544,-0.191426,2.4306,-0.062939
23.0557,-0.191426,2.4642,-0.062896
23.0569,0.086142,2.4868,-0.062858
23.0582,0.086142,2.4984,-0.062826
23.0594,0.086142,2.4988,-0.062801
23.0607,0.086142,2.4881,-0.062781
23.0619,0.086142,2.4663,-0.062768
23.0632,0.086142,2.4335,-0.062761
23.0644,0.086142,2.3898,-0.062760
23.0657,0.086142,2.3356,-0.062766
23.0669,-0.069392,2.2709,-0.062778
23.0682,-0.069392,2.1961,-0.062796
23.0694,-0.069392,2.1113,-0.062820
23.0723,-0.069392,1.8785,-0.062900
23.0733,-0.069392,1.7928,-0.062933
23.0742,-0.069392,1.7047,-0.062968
23.0751,-0.069392,1.6125,-0.063006
23.0760,-0.069392,1.5165,-0.063047
23.0770,0.189033,1.4167,-0.063091
23.0782,0.189033,1.2821,-0.063151
23.0794,0.189033,1.1361,-0.063219
23.0807,0.189033,0.9850,-0.063291
23.0819,0.189033,0.8295,-0.063367
23.0832,0.189033,0.6704,-0.063446
23.0844,0.189033,0.5082,-0.063529
23.0857,0.189033,0.3438,-0.063615
23.0869,0.189033,0.1778,-0.063703
23.0882,-0.110070,0.0104,-0.063794
23.0894,-0.110070,-0.1565,-0.063886
23.0907,-0.110070,-0.3220,-0.063979
23.0919,-0.110070,-0.4865,-0.064073
23.0932,-0.110070,-0.6490,-0.064168
23.0944,-0.110070,-0.8086,-0.064263
23.0957,-0.110070,-0.9646,-0.064357
23.0969,-0.110070,-1.1163,-0.064451
23.0982,-0.098106,-1.2631,-0.064544
23.0994,-0.098106,-1.4043,-0.064635
23.1007,-0.098106,-1.5390,-0.064724
23.1019,-0.098106,-1.6670,-0.064810
23.1032,-0.098106,-1.7876,-0.064894
23.1044,-0.098106,-1.9002,-0.064974
23.1057,-0.098106,-2.0044,-0.065051
23.1069,-0.098106,-2.0996,-0.065124
23.1082,-0.100499,-2.1853,-0.065193
23.1094,-0.100499,-2.2615,-0.065257
23.1107,-0.100499,-2.3280,-0.065318
23.1119,-0.100499,-2.3833,-0.065372
23.1132,-0.100499,-2.4283,-0.065421
23.1144,-0.100499,-2.4626,-0.065465
23.1157,-0.100499,-2.4858,-0.065503
23.1169,-0.100499,-2.4980,-0.065535
23.1182,-0.074178,-2.4991,-0.065561
23.1194,-0.074178,-2.4890,-0.065581
23.1208,-0.074178,-2.4639,-0.065596
23.1237,-0.074178,-2.3719,-0.065602
23.1246,-0.074178,-2.3288,-0.065596
23.1255,-0.074178,-2.2812,-0.065587
23.1265,-0.074178,-2.2281,-0.065575
23.1274,-0.074178,-2.1695,-0.065560
23.1283,-0.234497,-2.1059,-0.065541
23.1294,-0.234497,-2.0232,-0.065514
23.1307,-0.234497,-1.9208,-0.065478
23.1319,-0.234497,-1.8097,-0.065436
23.1332,-0.234497,-1.6907,-0.065389
23.1344,-0.234497,-1.5641,-0.065336
23.1357,-0.234497,-1.4305,-0.065278
23.1369,-0.234497,-1.2905,-0.065216
23.1382,-0.043071,-1.1448,-0.065148
23.1394,-0.043071,-0.9940,-0.065077
23.1407,-0.043071,-0.8388,-0.065001
23.1419,-0.043071,-0.6798,-0.064921
23.1432,-0.043071,-0.5178,-0.064839
23.1444,-0.043071,-0.3534,-0.064753
23.1457,-0.043071,-0.1876,-0.064665
23.1469,-0.043071,-0.0209,-0.064575
23.1482,-0.129212,0.1460,-0.064483
23.1494,-0.129212,0.3121,-0.064389
23.1507,-0.129212,0.4768,-0.064295
23.1519,-0.129212,0.6395,-0.064200
23.1532,-0.129212,0.7993,-0.064106
23.1544,-0.129212,0.9555,-0.064011
23.1557,-0.129212,1.1074,-0.063917
23.1569,-0.129212,1.2544,-0.063825
23.1582,-0.129212,1.3959,-0.063734
23.1594,-0.145962,1.5313,-0.063644
23.1607,-0.145962,1.6597,-0.063558
23.1619,-0.145962,1.7807,-0.063474
23.1632,-0.145962,1.8941,-0.063393
23.1644,-0.145962,1.9991,-0.063316
23.1657,-0.145962,2.0942,-0.063243
23.1669,-0.145962,2.1806,-0.063174
23.1682,-0.145962,2.2574,-0.063109
23.1694,0.021535,2.3240,-0.063049
23.1707,0.021535,2.3803,-0.062994
23.1721,0.021535,2.4312,-0.062939
23.1744,0.021535,2.4854,-0.062861
23.1754,0.021535,2.4959,-0.062836
23.1763,0.021535,2.4999,-0.062815
23.1772,0.021535,2.4979,-0.062797
23.1782,0.021535,2.4897,-0.062783
23.1794,0.229711,2.4694,-0.062769
23.1807,0.229711,2.4379,-0.062761
23.1819,0.229711,2.3955,-0.062760
23.1832,0.229711,2.3425,-0.062765
23.1844,0.229711,2.2790,-0.062776
23.1857,0.229711,2.2054,-0.062793
23.1869,0.229711,2.1219,-0.062817
23.1882,0.229711,2.0290,-0.062847
23.1894,-0.064606,1.9271,-0.062882
23.1907,-0.064606,1.8165,-0.062924
23.1919,-0.064606,1.6979,-0.062971
23.1932,-0.064606,1.5717,-0.063023
23.1944,-0.064606,1.4386,-0.063081
23.1957,-0.064606,1.2989,-0.063143
23.1969,-0.064606,1.1536,-0.063211
23.1982,-0.064606,1.0030,-0.063282
23.1994,-0.105284,0.8479,-0.063358
23.2007,-0.105284,0.6893,-0.063437
23.2019,-0.105284,0.5274,-0.063519
23.2032,-0.105284,0.3632,-0.063604
23.2044,-0.105284,0.1974,-0.063692
23.2057,-0.105284,0.0307,-0.063783
23.2069,-0.105284,-0.1361,-0.063875
23.2082,-0.105284,-0.3024,-0.063968
23.2094,-0.009571,-0.4672,-0.064062
23.2107,-0.009571,-0.6300,-0.064157
23.2119,-0.009571,-0.7898,-0.064252
23.2132,-0.009571,-0.9463,-0.064346
23.2144,-0.009571,-1.0988,-0.064440
23.2157,-0.009571,-1.2465,-0.064533
23.2169,-0.009571,-1.3880,-0.064624
23.2182,-0.009571,-1.5235,-0.064713
23.2194,-0.100499,-1.6523,-0.064800
23.2207,-0.100499,-1.7738,-0.064884
23.2219,-0.100499,-1.8874,-0.064965
23.2232,-0.100499,-1.9972,-0.065046
23.2256,-0.100499,-2.1713,-0.065182
23.2265,-0.100499,-2.2308,-0.065231
23.2275,-0.100499,-2.2838,-0.065277
23.2284,-0.100499,-2.3313,-0.065321
23.2294,-0.064606,-2.3776,-0.065366
23.2307,-0.064606,-2.4237,-0.065416
23.2319,-0.064606,-2.4591,-0.065460
23.2332,-0.064606,-2.4837,-0.065498
23.2344,-0.064606,-2.4972,-0.065531
23.2357,-0.064606,-2.4995,-0.065558
23.2369,-0.064606,-2.4908,-0.065579
23.2382,-0.064606,-2.4709,-0.065593
23.2394,-0.064606,-2.4400,-0.065601
23.2407,-0.100499,-2.3983,-0.065603
23.2419,-0.100499,-2.3459,-0.065599
23.2432,-0.100499,-2.2830,-0.065588
23.2444,-0.100499,-2.2100,-0.065571
23.2457,-0.100499,-2.1271,-0.065547
23.2469,-0.100499,-2.0348,-0.065518
23.2482,-0.100499,-1.9333,-0.065483
23.2494,-0.100499,-1.8233,-0.065442
23.2507,-0.411565,-1.7051,-0.065395
23.2519,-0.411565,-1.5793,-0.065343
23.2532,-0.411565,-1.4466,-0.065285
23.2544,-0.411565,-1.3073,-0.065223
23.2557,-0.411565,-1.1623,-0.065156
23.2569,-0.411565,-1.0120,-0.065085
23.2582,-0.411565,-0.8573,-0.065010
23.2594,-0.411565,-0.6985,-0.064931
23.2607,0.244068,-0.5370,-0.064849
23.2619,0.244068,-0.3730,-0.064763
23.2632,0.244068,-0.2072,-0.064676
23.2644,0.244068,-0.0406,-0.064586
23.2657,0.244068,0.1262,-0.064494
23.2669,0.244068,0.2926,-0.064401
23.2682,0.244068,0.4576,-0.064306
23.2694,0.244068,0.6205,-0.064212
23.2707,-0.066999,0.7807,-0.064117
23.2719,-0.066999,0.9374,-0.064022
23.2732,-0.066999,1.0900,-0.063928
23.2744,-0.066999,1.2377,-0.063835
23.2779,-0.066999,1.6180,-0.063586
23.2789,-0.066999,1.7161,-0.063519
23.2798,-0.066999,1.8037,-0.063458
23.2807,-0.275175,1.8868,-0.063398
23.2816,-0.275175,1.9652,-0.063341
23.2826,-0.275175,2.0388,-0.063286
23.2835,-0.275175,2.1076,-0.063232
23.2844,-0.275175,2.1711,-0.063181
23.2857,-0.275175,2.2489,-0.063116
23.2869,-0.275175,2.3167,-0.063056
23.2882,-0.275175,2.3742,-0.063000
23.2894,-0.275175,2.4211,-0.062950
23.2907,-0.076570,2.4573,-0.062905
23.2919,-0.076570,2.4825,-0.062866
23.2932,-0.076570,2.4967,-0.062833
23.2944,-0.076570,2.4997,-0.062806
23.2957,-0.076570,2.4916,-0.062785
23.2969,-0.076570,2.4724,-0.062770
23.2982,-0.076570,2.4422,-0.062762
23.2994,-0.076570,2.4010,-0.062760
23.3007,0.038285,2.3493,-0.062764
23.3019,0.038285,2.2870,-0.062774
23.3032,0.038285,2.2146,-0.062791
23.3044,0.038285,2.1322,-0.062814
23.3057,0.038285,2.0404,-0.062843
23.3069,0.038285,1.9395,-0.062878
23.3082,0.038285,1.8300,-0.062919
23.3094,0.038285,1.7123,-0.062965
23.3107,0.100499,1.5870,-0.063017
23.3119,0.100499,1.4546,-0.063074
23.3132,0.100499,1.3157,-0.063136
23.3144,0.100499,1.1710,-0.063202
23.3157,0.100499,1.0210,-0.063273
23.3169,0.100499,0.8665,-0.063348
23.3182,0.100499,0.7081,-0.063427
23.3194,0.100499,0.5465,-0.063509
23.3207,0.100499,0.3826,-0.063594
23.3219,0.203390,0.2169,-0.063682
23.3232,0.203390,0.0503,-0.063772
23.3244,0.203390,-0.1165,-0.063864
23.3257,0.203390,-0.2833,-0.063957
23.3282,0.203390,-0.6162,-0.064149
23.3291,0.203390,-0.7377,-0.064221
23.3301,0.203390,-0.8549,-0.064291
23.3310,0.074178,-0.9709,-0.064361
23.3319,0.074178,-1.0852,-0.064432
23.3332,0.074178,-1.2292,-0.064522
23.3344,0.074178,-1.3715,-0.064613
23.3357,0.074178,-1.5079,-0.064703
23.3369,0.074178,-1.6376,-0.064790
23.3382,0.074178,-1.7599,-0.064874
23.3394,0.074178,-1.8746,-0.064956
23.3407,0.074178,-1.9806,-0.065033
23.3419,-0.445065,-2.0780,-0.065107
23.3432,-0.445065,-2.1661,-0.065177
23.3444,-0.445065,-2.2445,-0.065243
23.3457,-0.445065,-2.3130,-0.065304
23.3469,-0.445065,-2.3711,-0.065359
23.3482,-0.445065,-2.4187,-0.065410
23.3494,-0.445065,-2.4555,-0.065455
23.3507,-0.445065,-2.4813,-0.065494
23.3519,0.069392,-2.4962,-0.065528
23.3532,0.069392,-2.4998,-0.065555
23.3544,0.069392,-2.4924,-0.065577
23.3557,0.069392,-2.4738,-0.065592
23.3569,0.069392,-2.4443,-0.065601
23.3582,0.069392,-2.4038,-0.065603
23.3594,0.069392,-2.3526,-0.065600
23.3607,0.069392,-2.2910,-0.065589
23.3619,-0.411565,-2.2191,-0.065573
23.3632,-0.411565,-2.1374,-0.065551
23.3644,-0.411565,-2.0462,-0.065522
23.3657,-0.411565,-1.9458,-0.065487
23.3669,-0.411565,-1.8367,-0.065447
23.3682,-0.411565,-1.7194,-0.065401
23.3694,-0.411565,-1.5945,-0.065349
23.3707,-0.411565,-1.4625,-0.065292
23.3719,0.038285,-1.3240,-0.065231
23.3732,0.038285,-1.1795,-0.065164
23.3744,0.038285,-1.0299,-0.065094
23.3757,0.038285,-0.8756,-0.065019
23.3769,0.038285,-0.7172,-0.064940
23.3797,0.038285,-0.3537,-0.064753
23.3806,0.038285,-0.2285,-0.064687
23.3816,0.038285,-0.1055,-0.064621
23.3825,-0.179462,0.0177,-0.064554
23.3834,-0.179462,0.1410,-0.064486
23.3844,-0.179462,0.2731,-0.064412
23.3857,-0.179462,0.4383,-0.064317
23.3869,-0.179462,0.6015,-0.064223
23.3882,-0.179462,0.7620,-0.064128
23.3894,-0.179462,0.9191,-0.064033
23.3907,-0.179462,1.0722,-0.063939
23.3919,0.131605,1.2205,-0.063846
23.3932,0.131605,1.3633,-0.063755
23.3944,0.131605,1.5000,-0.063665
23.3957,0.131605,1.6301,-0.063578
23.3969,0.131605,1.7529,-0.063493
23.3982,0.131605,1.8679,-0.063412
23.3994,0.131605,1.9747,-0.063334
23.4007,0.131605,2.0725,-0.063260
23.4019,0.131605,2.1611,-0.063189
23.4032,-0.217747,2.2402,-0.063124
23.4044,-0.217747,2.3092,-0.063063
23.4057,-0.217747,2.3680,-0.063007
23.4069,-0.217747,2.4162,-0.062956
23.4082,-0.217747,2.4536,-0.062910
23.4094,-0.217747,2.4801,-0.062871
23.4107,-0.217747,2.4956,-0.062837
23.4119,-0.217747,2.4999,-0.062809
23.4132,-0.023928,2.4931,-0.062787
23.4144,-0.023928,2.4752,-0.062772
23.4157,-0.023928,2.4463,-0.062762
23.4169,-0.023928,2.4065,-0.062760
23.4182,-0.023928,2.3559,-0.062763
23.4194,-0.023928,2.2949,-0.062773
23.4207,-0.023928,2.2236,-0.062789
23.4219,-0.023928,2.1424,-0.062811
23.4232,0.062213,2.0517,-0.062839
23.4244,0.062213,1.9518,-0.062873
23.4257,0.062213,1.8433,-0.062914
23.4269,0.062213,1.7265,-0.062959
23.4282,0.062213,1.6019,-0.063011
23.4311,0.062213,1.2862,-0.063149
23.4320,0.062213,1.1723,-0.063202
23.4330,0.138784,1.0602,-0.063255
23.4339,0.138784,0.9471,-0.063309
23.4348,0.138784,0.8320,-0.063365
23.4357,0.138784,0.7149,-0.063424
23.4369,0.138784,0.5656,-0.063499
23.4382,0.138784,0.4020,-0.063584
23.4394,0.138784,0.2363,-0.063672
23.4407,0.138784,0.0699,-0.063761
23.4419,0.138784,-0.0969,-0.063853
23.4432,0.110070,-0.2633,-0.063946
23.4444,0.110070,-0.4286,-0.064040
23.4457,0.110070,-0.5919,-0.064135
23.4469,0.110070,-0.7526,-0.064229
23.4482,0.110070,-0.9100,-0.064324
23.4494,0.110070,-1.0633,-0.064418
23.4507,0.110070,-1.2119,-0.064511
23.4519,0.110070,-1.3551,-0.064603
23.4532,-0.189033,-1.4922,-0.064692
23.4544,-0.189033,-1.6227,-0.064780
23.4557,-0.189033,-1.7459,-0.064864
23.4569,-0.189033,-1.8614,-0.064946
23.4582,-0.189033,-1.9686,-0.065024
23.4594,-0.189033,-2.0670,-0.065099
23.4607,-0.189033,-2.1562,-0.065169
23.4619,-0.189033,-2.2358,-0.065235
23.4632,-0.148355,-2.3056,-0.065297
23.4644,-0.148355,-2.3648,-0.065353
23.4657,-0.148355,-2.4136,-0.065404
23.4669,-0.148355,-2.4517,-0.065450
23.4682,-0.148355,-2.4789,-0.065490
23.4694,-0.148355,-2.4950,-0.065524
23.4707,-0.148355,-2.5000,-0.065552
23.4719,-0.148355,-2.4938,-0.065574
23.4732,-0.155533,-2.4766,-0.065590
23.4744,-0.155533,-2.4483,-0.065600
23.4757,-0.155533,-2.4090,-0.065603
23.4769,-0.155533,-2.3592,-0.065600
23.4782,-0.155533,-2.2987,-0.065591
23.4794,-0.155533,-2.2281,-0.065575
23.4807,-0.155533,-2.1475,-0.065553
23.4819,-0.155533,-2.0573,-0.065526
23.4832,-0.155533,-1.9579,-0.065492
23.4844,-0.189033,-1.8499,-0.065452
23.4861,-0.189033,-1.6883,-0.065388
23.4889,-0.189033,-1.3945,-0.065262
23.4899,-0.189033,-1.2880,-0.065214
23.4908,-0.189033,-1.1808,-0.065165
23.4917,-0.189033,-1.0710,-0.065113
23.4926,-0.189033,-0.9585,-0.065059
23.4936,-0.184247,-0.8437,-0.065003
23.4945,-0.184247,-0.7269,-0.064945
23.4957,-0.184247,-0.5751,-0.064868
23.4969,-0.184247,-0.4117,-0.064784
23.4982,-0.184247,-0.2463,-0.064697
23.4994,-0.184247,-0.0798,-0.064607
23.5007,-0.184247,0.0871,-0.064515
23.5019,-0.184247,0.2536,-0.064423
23.5032,-0.184247,0.4189,-0.064329
23.5044,0.239282,0.5824,-0.064234
23.5057,0.239282,0.7433,-0.064139
23.5069,0.239282,0.9008,-0.064044
23.5082,0.239282,1.0544,-0.063950
23.5094,0.239282,1.2033,-0.063857
23.5107,0.239282,1.3468,-0.063765
23.5119,0.239282,1.4843,-0.063676
23.5132,0.239282,1.6152,-0.063588
23.5144,-0.354138,1.7389,-0.063503
23.5157,-0.354138,1.8548,-0.063421
23.5169,-0.354138,1.9625,-0.063343
23.5182,-0.354138,2.0615,-0.063268
23.5194,-0.354138,2.1513,-0.063197
23.5207,-0.354138,2.2314,-0.063131
23.5219,-0.354138,2.3016,-0.063070
23.5232,-0.354138,2.3616,-0.063013
23.5244,-0.095713,2.4110,-0.062962
23.5257,-0.095713,2.4497,-0.062916
23.5269,-0.095713,2.4776,-0.062875
23.5282,-0.095713,2.4944,-0.062841
23.5294,-0.095713,2.5000,-0.062812
23.5307,-0.095713,2.4945,-0.062789
23.5319,-0.095713,2.4779,-0.062773
23.5332,-0.095713,2.4503,-0.062763
23.5344,-0.100499,2.4117,-0.062760
23.5357,-0.100499,2.3624,-0.062762
23.5369,-0.100499,2.3026,-0.062771
23.5382,-0.100499,2.2324,-0.062786
23.5407,-0.100499,2.0585,-0.062837
23.5417,-0.100499,1.9842,-0.062862
23.5426,-0.100499,1.9069,-0.062890
23.5435,-0.100499,1.8250,-0.062921
23.5444,0.217747,1.7387,-0.062954
23.5457,0.217747,1.6171,-0.063004
23.5469,0.217747,1.4863,-0.063060
23.5482,0.217747,1.3489,-0.063121
23.5494,0.217747,1.2055,-0.063186
23.5507,0.217747,1.0567,-0.063256
23.5519,0.217747,0.9032,-0.063330
23.5532,0.217747,0.7457,-0.063408
23.5544,0.258425,0.5849,-0.063490
23.5557,0.258425,0.4214,-0.063574
23.5569,0.258425,0.2560,-0.063661
23.5582,0.258425,0.0896,-0.063751
23.5594,0.258425,-0.0774,-0.063842
23.5607,0.258425,-0.2438,-0.063935
23.5619,0.258425,-0.4092,-0.064029
23.5632,0.258425,-0.5728,-0.064123
23.5644,0.258425,-0.7339,-0.064218
23.5657,-0.478565,-0.8917,-0.064313
23.5669,-0.478565,-1.0455,-0.064407
23.5682,-0.478565,-1.1946,-0.064500
23.5694,-0.478565,-1.3385,-0.064592
23.5707,-0.478565,-1.4764,-0.064682
23.5719,-0.478565,-1.6077,-0.064770
23.5732,-0.478565,-1.7318,-0.064855
23.5744,-0.478565,-1.8482,-0.064937
23.5757,-0.009571,-1.9563,-0.065015
23.5769,-0.009571,-2.0559,-0.065090
23.5782,-0.009571,-2.1461,-0.065161
23.5794,-0.009571,-2.2272,-0.065228
23.5807,-0.009571,-2.2978,-0.065290
23.5819,-0.009571,-2.3584,-0.065347
23.5832,-0.009571,-2.4085,-0.065398
23.5844,-0.009571,-2.4478,-0.065445
23.5857,0.047856,-2.4763,-0.065485
23.5869,0.047856,-2.4937,-0.065520
23.5882,0.047856,-2.5000,-0.065549
23.5894,0.047856,-2.4951,-0.065572
23.5918,0.047856,-2.4549,-0.065599
23.5927,0.047856,-2.4281,-0.065603
23.5937,0.047856,-2.3958,-0.065603
23.5946,0.047856,-2.3577,-0.065600
23.5957,0.011964,-2.3064,-0.065592
23.5969,0.011964,-2.2369,-0.065577
23.5982,0.011964,-2.1575,-0.065556
23.5994,0.011964,-2.0684,-0.065529
23.6007,0.011964,-1.9701,-0.065496
23.6019,0.011964,-1.8631,-0.065457
23.6032,0.011964,-1.7477,-0.065412
23.6044,0.011964,-1.6246,-0.065362
23.6057,-0.334995,-1.4942,-0.065306
23.6069,-0.334995,-1.3572,-0.065246
23.6082,-0.334995,-1.2141,-0.065180
23.6094,-0.334995,-1.0656,-0.065111
23.6107,-0.334995,-0.9124,-0.065037
23.6119,-0.334995,-0.7550,-0.064959
23.6132,-0.334995,-0.5944,-0.064878
23.6144,-0.334995,-0.4311,-0.064794
23.6157,-0.114855,-0.2658,-0.064707
23.6169,-0.114855,-0.0994,-0.064618
23.6182,-0.114855,0.0674,-0.064526
23.6194,-0.114855,0.2341,-0.064433
23.6207,-0.114855,0.3995,-0.064340
23.6219,-0.114855,0.5633,-0.064245
23.6232,-0.114855,0.7245,-0.064150
23.6244,-0.114855,0.8825,-0.064055
23.6257,-0.232104,1.0366,-0.063961
23.6269,-0.232104,1.1860,-0.063868
23.6282,-0.232104,1.3302,-0.063776
23.6294,-0.232104,1.4684,-0.063686
23.6307,-0.232104,1.6003,-0.063598
23.6319,-0.232104,1.7249,-0.063513
23.6332,-0.232104,1.8416,-0.063431
23.6344,-0.232104,1.9503,-0.063352
23.6357,-0.232104,2.0503,-0.063277
23.6369,0.045464,2.1411,-0.063206
23.6382,0.045464,2.2225,-0.063139
23.6394,0.045464,2.2939,-0.063077
23.6407,0.045464,2.3552,-0.063019
23.6429,0.045464,2.4392,-0.062929
23.6439,0.045464,2.4636,-0.062897
23.6448,0.045464,2.4816,-0.062868
23.6457,0.045464,2.4935,-0.062843
23.6469,0.004786,2.4999,-0.062815
23.6482,0.004786,2.4957,-0.062792
23.6494,0.004786,2.4804,-0.062775
23.6507,0.004786,2.4541,-0.062764
23.6519,0.004786,2.4168,-0.062760
23.6532,0.004786,2.3688,-0.062762
23.6544,0.004786,2.3102,-0.062770
23.6557,0.004786,2.2413,-0.062784
23.6569,0.193819,2.1624,-0.062805
23.6582,0.193819,2.0739,-0.062832
23.6594,0.193819,1.9760,-0.062865
23.6607,0.193819,1.8696,-0.062904
23.6619,0.193819,1.7547,-0.062948
23.6632,0.193819,1.6315,-0.062998
23.6644,0.193819,1.5016,-0.063053
23.6657,0.193819,1.3653,-0.063113
23.6669,0.040678,1.2226,-0.063178
23.6682,0.040678,1.0745,-0.063248
23.6694,0.040678,0.9215,-0.063321
23.6707,0.040678,0.7644,-0.063399
23.6719,0.040678,0.6039,-0.063480
23.6732,0.040678,0.4407,-0.063564
23.6744,0.040678,0.2756,-0.063651
23.6757,0.040678,0.1092,-0.063740
23.6769,-0.270389,-0.0577,-0.063831
23.6782,-0.270389,-0.2242,-0.063924
23.6794,-0.270389,-0.3899,-0.064018
23.6807,-0.270389,-0.5536,-0.064112
23.6819,-0.270389,-0.7150,-0.064207
23.6832,-0.270389,-0.8734,-0.064302
23.6844,-0.270389,-1.0277,-0.064396
23.6857,-0.270389,-1.1774,-0.064489
23.6869,-0.043071,-1.3219,-0.064581
23.6882,-0.043071,-1.4605,-0.064672
23.6894,-0.043071,-1.5926,-0.064759
23.6907,-0.043071,-1.7176,-0.064845
23.6919,-0.043071,-1.8352,-0.064927
23.6943,-0.043071,-2.0348,-0.065074
23.6952,-0.043071,-2.1054,-0.065129
23.6961,-0.043071,-2.1694,-0.065180
23.6971,0.114855,-2.2279,-0.065229
23.6982,0.114855,-2.2900,-0.065283
23.6994,0.114855,-2.3519,-0.065340
23.7007,0.114855,-2.4031,-0.065393
23.7019,0.114855,-2.4437,-0.065440
23.7032,0.114855,-2.4735,-0.065481
23.7044,0.114855,-2.4922,-0.065517
23.7057,0.114855,-2.4998,-0.065546
23.7069,-0.210568,-2.4963,-0.065570
23.7082,-0.210568,-2.4817,-0.065587
23.7094,-0.210568,-2.4560,-0.065598
23.7107,-0.210568,-2.4193,-0.065603
23.7119,-0.210568,-2.3719,-0.065602
23.7132,-0.210568,-2.3139,-0.065594
23.7144,-0.210568,-2.2456,-0.065580
23.7157,-0.210568,-2.1672,-0.065559
23.7169,-0.210568,-2.0793,-0.065533
23.7182,-0.014357,-1.9822,-0.065500
23.7194,-0.014357,-1.8762,-0.065462
23.7207,-0.014357,-1.7618,-0.065418
23.7219,-0.014357,-1.6396,-0.065368
23.7232,-0.014357,-1.5100,-0.065313
23.7244,-0.014357,-1.3737,-0.065253
23.7257,-0.014357,-1.2314,-0.065188
23.7269,-0.014357,-1.0835,-0.065119
23.7282,-0.256032,-0.9307,-0.065046
23.7294,-0.256032,-0.7739,-0.064969
23.7307,-0.256032,-0.6132,-0.064888
23.7319,-0.256032,-0.4490,-0.064803
23.7332,-0.256032,-0.2851,-0.064717
23.7344,-0.256032,-0.1190,-0.064628
23.7357,-0.256032,0.0479,-0.064537
23.7369,-0.256032,0.2147,-0.064444
23.7382,-0.122034,0.3802,-0.064351
23.7394,-0.122034,0.5442,-0.064256
23.7407,-0.122034,0.7056,-0.064161
23.7419,-0.122034,0.8640,-0.064067
23.7432,-0.122034,1.0188,-0.063972
23.7467,-0.122034,1.4343,-0.063709
23.7477,-0.622134,1.5397,-0.063639
23.7486,-0.622134,1.6349,-0.063575
23.7496,-0.622134,1.7260,-0.063512
23.7505,-0.622134,1.8127,-0.063451
23.7514,-0.622134,1.8956,-0.063392
23.7523,-0.622134,1.9738,-0.063335
23.7533,-0.622134,2.0469,-0.063279
23.7544,-0.622134,2.1311,-0.063214
23.7557,-0.622134,2.2134,-0.063146
23.7569,-0.622134,2.2860,-0.063084
23.7582,0.449851,2.3484,-0.063026
23.7594,0.449851,2.4005,-0.062973
23.7607,0.449851,2.4416,-0.062926
23.7619,0.449851,2.4720,-0.062884
23.7632,0.449851,2.4914,-0.062848
23.7644,0.449851,2.4997,-0.062818
23.7657,0.449851,2.4968,-0.062794
23.7669,0.449851,2.4828,-0.062777
23.7682,-0.143569,2.4578,-0.062765
23.7694,-0.143569,2.4218,-0.062760
23.7707,-0.143569,2.3750,-0.062761
23.7719,-0.143569,2.3176,-0.062768
23.7732,-0.143569,2.2499,-0.062782
23.7744,-0.143569,2.1722,-0.062802
23.7757,-0.143569,2.0848,-0.062828
23.7769,-0.143569,1.9881,-0.062861
23.7782,0.200997,1.8826,-0.062899
23.7794,0.200997,1.7687,-0.062942
23.7807,0.200997,1.6468,-0.062992
23.7819,0.200997,1.5177,-0.063046
23.7832,0.200997,1.3818,-0.063106
23.7844,0.200997,1.2396,-0.063171
23.7857,0.200997,1.0921,-0.063239
23.7869,0.200997,0.9397,-0.063313
23.7882,0.066999,0.7830,-0.063390
23.7894,0.066999,0.6228,-0.063470
23.7907,0.066999,0.4600,-0.063554
23.7919,0.066999,0.2946,-0.063641
23.7932,0.066999,0.1287,-0.063729
23.7944,0.066999,-0.0384,-0.063820
23.7973,0.066999,-0.4191,-0.064034
23.7982,-0.057428,-0.5434,-0.064106
23.7991,-0.057428,-0.6632,-0.064176
23.8001,-0.057428,-0.7840,-0.064248
23.8010,-0.057428,-0.9001,-0.064318
23.8019,-0.057428,-1.0138,-0.064388
23.8032,-0.057428,-1.1601,-0.064479
23.8044,-0.057428,-1.3052,-0.064571
23.8057,-0.057428,-1.4445,-0.064661
23.8069,-0.057428,-1.5774,-0.064749
23.8082,-0.057428,-1.7033,-0.064835
23.8094,-0.244068,-1.8215,-0.064918
23.8107,-0.244068,-1.9317,-0.064997
23.8119,-0.244068,-2.0333,-0.065073
23.8132,-0.244068,-2.1258,-0.065145
23.8144,-0.244068,-2.2088,-0.065213
23.8157,-0.244068,-2.2820,-0.065276
23.8169,-0.244068,-2.3450,-0.065334
23.8182,-0.244068,-2.3976,-0.065387
23.8194,-0.009571,-2.4396,-0.065434
23.8207,-0.009571,-2.4705,-0.065476
23.8219,-0.009571,-2.4906,-0.065513
23.8232,-0.009571,-2.4995,-0.065543
23.8244,-0.009571,-2.4973,-0.065567
23.8257,-0.009571,-2.4839,-0.065585
23.8269,-0.009571,-2.4596,-0.065597
23.8282,-0.009571,-2.4242,-0.065603
23.8294,-0.007178,-2.3780,-0.065602
23.8307,-0.007178,-2.3210,-0.065595
23.8319,-0.007178,-2.2541,-0.065582
23.8332,-0.007178,-2.1770,-0.065562
23.8344,-0.007178,-2.0902,-0.065536
23.8357,-0.007178,-1.9940,-0.065504
23.8369,-0.007178,-1.8890,-0.065467
23.8382,-0.007178,-1.7756,-0.065423
23.8394,-0.162712,-1.6542,-0.065374
23.8407,-0.162712,-1.5255,-0.065320
23.8419,-0.162712,-1.3899,-0.065260
23.8432,-0.162712,-1.2482,-0.065196
23.8444,-0.162712,-1.1010,-0.065128
23.8457,-0.162712,-0.9484,-0.065054
23.8484,-0.162712,-0.5975,-0.064880
23.8494,-0.234497,-0.4743,-0.064816
23.8503,-0.234497,-0.3528,-0.064753
23.8512,-0.234497,-0.2302,-0.064688
23.8521,-0.234497,-0.1075,-0.064622
23.8532,-0.234497,0.0283,-0.064548
23.8544,-0.234497,0.1949,-0.064456
23.8557,-0.234497,0.3608,-0.064362
23.8569,-0.234497,0.5250,-0.064267
23.8582,-0.234497,0.6868,-0.064172
23.8594,-0.244068,0.8459,-0.064077
23.8607,-0.244068,1.0007,-0.063983
23.8619,-0.244068,1.1513,-0.063890
23.8632,-0.244068,1.2968,-0.063798
23.8644,-0.244068,1.4365,-0.063707
23.8657,-0.244068,1.5698,-0.063619
23.8669,-0.244068,1.6961,-0.063533
23.8682,-0.244068,1.8148,-0.063450
23.8694,-0.062213,1.9255,-0.063370
23.8707,-0.062213,2.0276,-0.063294
23.8719,-0.062213,2.1206,-0.063222
23.8732,-0.062213,2.2042,-0.063154
23.8744,-0.062213,2.2780,-0.063091
23.8757,-0.062213,2.3416,-0.063032
23.8769,-0.062213,2.3948,-0.062979
23.8782,-0.062213,2.4373,-0.062931
23.8794,-0.062213,2.4690,-0.062889
23.8807,-0.033500,2.4897,-0.062852
23.8819,-0.033500,2.4993,-0.062821
23.8832,-0.033500,2.4977,-0.062797
23.8844,-0.033500,2.4850,-0.062778
23.8857,-0.033500,2.4613,-0.062766
23.8869,-0.033500,2.4266,-0.062760
23.8882,-0.033500,2.3810,-0.062761
23.8894,-0.033500,2.3249,-0.062767
23.8907,0.021535,2.2584,-0.062780
23.8919,0.021535,2.1818,-0.062800
23.8932,0.021535,2.0956,-0.062825
23.8944,0.021535,2.0000,-0.062857
23.8957,0.021535,1.8954,-0.062894
23.8992,0.021535,1.5534,-0.063031
23.9002,0.064606,1.4500,-0.063076
23.9011,0.064606,1.3479,-0.063121
23.9020,0.064606,1.2425,-0.063169
23.9029,0.064606,1.1343,-0.063220
23.9039,0.064606,1.0233,-0.063272
23.9048,0.064606,0.9100,-0.063327
23.9057,0.064606,0.7944,-0.063384
23.9069,0.064606,0.6419,-0.063461
23.9082,0.064606,0.4793,-0.063544
23.9094,0.064606,0.3146,-0.063630
23.9107,-0.004786,0.1484,-0.063719
23.9119,-0.004786,-0.0184,-0.063809
23.9132,-0.004786,-0.1851,-0.063902
23.9144,-0.004786,-0.3510,-0.063995
23.9157,-0.004786,-0.5153,-0.064090
23.9169,-0.004786,-0.6774,-0.064185
23.9182,-0.004786,-0.8364,-0.064280
23.9194,-0.004786,-0.9917,-0.064374
23.9207,-0.165105,-1.1426,-0.064468
23.9219,-0.165105,-1.2884,-0.064560
23.9232,-0.165105,-1.4284,-0.064650
23.9244,-0.165105,-1.5621,-0.064739
23.9257,-0.165105,-1.6888,-0.064825
23.9269,-0.165105,-1.8080,-0.064908
23.9282,-0.165105,-1.9192,-0.064988
23.9294,-0.165105,-2.0218,-0.065064
23.9307,-0.011964,-2.1155,-0.065137
23.9319,-0.011964,-2.1997,-0.065205
23.9332,-0.011964,-2.2740,-0.065268
23.9344,-0.011964,-2.3382,-0.065327
23.9357,-0.011964,-2.3919,-0.065381
23.9369,-0.011964,-2.4351,-0.065429
23.9382,-0.011964,-2.4675,-0.065472
23.9394,-0.011964,-2.4888,-0.065509
23.9407,-0.007178,-2.4990,-0.065540
23.9419,-0.007178,-2.4981,-0.065565
23.9432,-0.007178,-2.4861,-0.065584
23.9444,-0.007178,-2.4630,-0.065596
23.9457,-0.007178,-2.4289,-0.065603
23.9469,-0.007178,-2.3840,-0.065602
23.9501,-0.007178,-2.2221,-0.065574
23.9511,0.028714,-2.1602,-0.065557
23.9520,0.028714,-2.0954,-0.065538
23.9529,0.028714,-2.0256,-0.065515
23.9538,0.028714,-1.9510,-0.065489
23.9547,0.028714,-1.8718,-0.065460
23.9557,0.028714,-1.7879,-0.065428
23.9569,0.028714,-1.6688,-0.065380
23.9582,0.028714,-1.5410,-0.065326
23.9594,0.028714,-1.4060,-0.065268
23.9607,0.028714,-1.2652,-0.065204
23.9619,-0.203390,-1.1186,-0.065136
23.9632,-0.203390,-0.9669,-0.065063
23.9644,-0.203390,-0.8110,-0.064987
23.9657,-0.203390,-0.6514,-0.064907
23.9669,-0.203390,-0.4890,-0.064824
23.9682,-0.203390,-0.3243,-0.064738
23.9694,-0.203390,-0.1582,-0.064649
23.9707,-0.203390,0.0086,-0.064559
23.9719,-0.172283,0.1754,-0.064466
23.9732,-0.172283,0.3413,-0.064373
23.9744,-0.172283,0.5058,-0.064278
23.9757,-0.172283,0.6679,-0.064184
23.9769,-0.172283,0.8272,-0.064089
23.9782,-0.172283,0.9827,-0.063994
23.9794,-0.172283,1.1340,-0.063901
23.9807,-0.172283,1.2800,-0.063808
23.9819,-0.165105,1.4204,-0.063718
23.9832,-0.165105,1.5545,-0.063629
23.9844,-0.165105,1.6816,-0.063543
23.9857,-0.165105,1.8012,-0.063460
23.9869,-0.165105,1.9129,-0.063379
23.9882,-0.165105,2.0160,-0.063303
23.9894,-0.165105,2.1102,-0.063230
23.9907,-0.165105,2.1949,-0.063162
23.9919,-0.162712,2.2699,-0.063098
23.9932,-0.162712,2.3347,-0.063039
23.9944,-0.162712,2.3891,-0.062985
23.9957,-0.162712,2.4329,-0.062936
23.9969,-0.162712,2.4659,-0.062893
23.9982,-0.162712,2.4878,-0.062856
24.0013,-0.162712,2.4937,-0.062788
24.0023,-0.047856,2.4813,-0.062775
24.0032,-0.047856,2.4632,-0.062767
24.0041,-0.047856,2.4393,-0.062761
24.0051,-0.047856,2.4094,-0.062760
24.0060,-0.047856,2.3736,-0.062761
24.0069,-0.047856,2.3321,-0.062766
24.0082,-0.047856,2.2667,-0.062778
24.0094,-0.047856,2.1914,-0.062797
24.0107,-0.047856,2.1062,-0.062822
24.0119,0.093320,2.0117,-0.062853
24.0132,0.093320,1.9082,-0.062889
24.0144,0.093320,1.7962,-0.062932
24.0157,0.093320,1.6762,-0.062980
24.0169,0.093320,1.5487,-0.063033
24.0182,0.093320,1.4144,-0.063092
24.0194,0.093320,1.2735,-0.063155
24.0207,0.093320,1.1274,-0.063223
24.0219,0.090927,0.9760,-0.063295
24.0232,0.090927,0.8203,-0.063371
24.0244,0.090927,0.6609,-0.063451
24.0257,0.090927,0.4986,-0.063534
24.0269,0.090927,0.3341,-0.063620
24.0282,0.090927,0.1681,-0.063708
24.0294,0.090927,0.0013,-0.063799
24.0307,0.090927,-0.1658,-0.063891
24.0319,-0.040678,-0.3318,-0.063985
24.0332,-0.040678,-0.4961,-0.064079
24.0344,-0.040678,-0.6585,-0.064174
24.0357,-0.040678,-0.8178,-0.064268
24.0369,-0.040678,-0.9735,-0.064363
24.0382,-0.040678,-1.1249,-0.064457
24.0394,-0.040678,-1.2717,-0.064549
24.0407,-0.040678,-1.4123,-0.064640
24.0419,-0.040678,-1.5468,-0.064729
24.0432,-0.074178,-1.6743,-0.064815
24.0444,-0.074178,-1.7944,-0.064898
24.0457,-0.074178,-1.9066,-0.064979
24.0469,-0.074178,-2.0102,-0.065056
24.0482,-0.074178,-2.1049,-0.065128
24.0494,-0.074178,-2.1902,-0.065197
24.0526,-0.078963,-2.3619,-0.065350
24.0535,-0.078963,-2.4006,-0.065390
24.0544,-0.078963,-2.4321,-0.065425
24.0554,-0.078963,-2.4576,-0.065458
24.0563,-0.078963,-2.4772,-0.065487
24.0572,-0.078963,-2.4908,-0.065513
24.0582,-0.078963,-2.4984,-0.065536
24.0594,-0.078963,-2.4988,-0.065562
24.0607,-0.078963,-2.4881,-0.065582
24.0619,-0.078963,-2.4663,-0.065595
24.0632,-0.031107,-2.4335,-0.065602
24.0644,-0.031107,-2.3899,-0.065603
24.0657,-0.031107,-2.3356,-0.065597
24.0669,-0.031107,-2.2709,-0.065585
24.0682,-0.031107,-2.1961,-0.065567
24.0694,-0.031107,-2.1115,-0.065543
24.0707,-0.031107,-2.0175,-0.065512
24.0719,-0.031107,-1.9145,-0.065476
24.0732,-0.023928,-1.8030,-0.065434
24.0744,-0.023928,-1.6835,-0.065386
24.0757,-0.023928,-1.5564,-0.065333
24.0769,-0.023928,-1.4224,-0.065275
24.0782,-0.023928,-1.2821,-0.065212
24.0794,-0.023928,-1.1360,-0.065144
24.0807,-0.023928,-0.9850,-0.065072
24.0819,-0.023928,-0.8295,-0.064996
24.0832,-0.062213,-0.6704,-0.064917
24.0844,-0.062213,-0.5082,-0.064834
24.0857,-0.062213,-0.3435,-0.064748
24.0869,-0.062213,-0.1778,-0.064660
24.0882,-0.062213,-0.0110,-0.064569
24.0894,-0.062213,0.1572,-0.064477
24.0907,-0.062213,0.3253,-0.064382
24.0919,-0.062213,0.4868,-0.064289
24.0932,-0.193819,0.6490,-0.064195
24.0944,-0.193819,0.8086,-0.064100
24.0957,-0.193819,0.9646,-0.064005
24.0969,-0.193819,1.1163,-0.063912
24.0982,-0.193819,1.2631,-0.063819
24.0994,-0.193819,1.4042,-0.063728
24.1011,-0.193819,1.5806,-0.063611
24.1039,-0.234497,1.8554,-0.063421
24.1048,-0.234497,1.9377,-0.063361
24.1058,-0.234497,2.0132,-0.063305
24.1067,-0.234497,2.0840,-0.063251
24.1076,-0.234497,2.1495,-0.063199
24.1085,-0.234497,2.2097,-0.063149
24.1095,-0.234497,2.2645,-0.063103
24.1107,-0.234497,2.3276,-0.063046
24.1119,-0.234497,2.3833,-0.062991
24.1132,-0.234497,2.4283,-0.062942
24.1144,-0.186640,2.4626,-0.062898
24.1157,-0.186640,2.4858,-0.062860
24.1169,-0.186640,2.4980,-0.062828
24.1182,-0.186640,2.4991,-0.062802
24.1194,-0.186640,2.4890,-0.062782
24.1207,-0.186640,2.4679,-0.062768
24.1219,-0.186640,2.4357,-0.062761
24.1232,-0.186640,2.3927,-0.062760
24.1244,0.000000,2.3390,-0.062765
24.1257,0.000000,2.2750,-0.062777
24.1269,0.000000,2.2008,-0.062795
24.1282,0.000000,2.1167,-0.062819
24.1294,0.000000,2.0231,-0.062849
24.1307,0.000000,1.9205,-0.062885
24.1319,0.000000,1.8097,-0.062926
24.1332,0.000000,1.6907,-0.062974
24.1344,0.117248,1.5641,-0.063027
24.1357,0.117248,1.4305,-0.063084
24.1369,0.117248,1.2906,-0.063147
24.1382,0.117248,1.1449,-0.063215
24.1394,0.117248,0.9939,-0.063286
24.1407,0.117248,0.8388,-0.063362
24.1419,0.117248,0.6795,-0.063442
24.1432,0.117248,0.5179,-0.063524
24.1444,0.112463,0.3535,-0.063610
24.1457,0.112463,0.1876,-0.063698
24.1469,0.112463,0.0209,-0.063788
24.1482,0.112463,-0.1459,-0.063880
24.1494,0.112463,-0.3121,-0.063973
24.1507,0.112463,-0.4776,-0.064068
24.1522,0.112463,-0.6789,-0.064186
24.1563,-0.071785,-1.1790,-0.064490
24.1572,-0.071785,-1.2931,-0.064563
24.1582,-0.071785,-1.3970,-0.064630
24.1591,-0.071785,-1.4972,-0.064696
24.1600,-0.071785,-1.5944,-0.064761
24.1609,-0.071785,-1.6873,-0.064824
24.1619,-0.071785,-1.7759,-0.064885
24.1628,-0.071785,-1.8602,-0.064945
24.1637,-0.071785,-1.9445,-0.065007
24.1648,-0.119641,-2.0265,-0.065068
24.1657,-0.119641,-2.0987,-0.065124
24.1669,-0.119641,-2.1808,-0.065189
24.1682,-0.119641,-2.2574,-0.065254
24.1694,-0.119641,-2.3240,-0.065314
24.1707,-0.119641,-2.3803,-0.065369
24.1719,-0.119641,-2.4260,-0.065418
24.1732,-0.119641,-2.4608,-0.065462
24.1744,-0.069392,-2.4848,-0.065501
24.1757,-0.069392,-2.4976,-0.065533
24.1769,-0.069392,-2.4993,-0.065559
24.1782,-0.069392,-2.4899,-0.065580
24.1794,-0.069392,-2.4694,-0.065594
24.1807,-0.069392,-2.4379,-0.065602
24.1819,-0.069392,-2.3955,-0.065603
24.1832,-0.069392,-2.3425,-0.065598
24.1844,-0.004786,-2.2790,-0.065587
24.1857,-0.004786,-2.2054,-0.065570
24.1869,-0.004786,-2.1219,-0.065546
24.1882,-0.004786,-2.0290,-0.065516
24.1894,-0.004786,-1.9271,-0.065481
24.1907,-0.004786,-1.8165,-0.065439
24.1919,-0.004786,-1.6980,-0.065392
24.1932,-0.004786,-1.5718,-0.065340
24.1944,-0.004786,-1.4386,-0.065282
24.1957,-0.074178,-1.2989,-0.065219
24.1969,-0.074178,-1.1535,-0.065152
24.1982,-0.074178,-1.0030,-0.065081
24.1994,-0.074178,-0.8480,-0.065005
24.2007,-0.074178,-0.6892,-0.064926
24.2019,-0.074178,-0.5274,-0.064844
24.2032,-0.074178,-0.3632,-0.064758
24.2044,-0.074178,-0.1974,-0.064670
24.2060,-0.136391,0.0140,-0.064556
24.2086,-0.136391,0.3668,-0.064358
24.2096,-0.136391,0.4924,-0.064286
24.2105,-0.136391,0.6125,-0.064216
24.2114,-0.136391,0.7313,-0.064146
24.2124,-0.136391,0.8478,-0.064076
24.2133,-0.136391,0.9626,-0.064007
24.2144,-0.136391,1.0988,-0.063923
24.2157,-0.246461,1.2469,-0.063829
24.2169,-0.246461,1.3885,-0.063738
24.2182,-0.246461,1.5235,-0.063650
24.2194,-0.246461,1.6523,-0.063563
24.2207,-0.246461,1.7737,-0.063479
24.2219,-0.246461,1.8873,-0.063398
24.2232,-0.246461,1.9924,-0.063321
24.2244,-0.246461,2.0887,-0.063247
24.2257,-0.045464,2.1757,-0.063178
24.2269,-0.045464,2.2530,-0.063113
24.2282,-0.045464,2.3203,-0.063052
24.2294,-0.045464,2.3772,-0.062997
24.2307,-0.045464,2.4236,-0.062947
24.2319,-0.045464,2.4591,-0.062903
24.2332,-0.045464,2.4837,-0.062864
24.2344,-0.045464,2.4972,-0.062832
24.2357,-0.291924,2.4995,-0.062805
24.2369,-0.291924,2.4908,-0.062784
24.2382,-0.291924,2.4709,-0.062770
24.2394,-0.291924,2.4400,-0.062761
24.2407,-0.291924,2.3983,-0.062760
24.2419,-0.291924,2.3459,-0.062764
24.2432,-0.291924,2.2830,-0.062775
24.2444,-0.291924,2.2101,-0.062792
24.2457,0.045464,2.1271,-0.062815
24.2469,0.045464,2.0347,-0.062845
24.2482,0.045464,1.9333,-0.062880
24.2494,0.045464,1.8232,-0.062921
24.2507,0.045464,1.7051,-0.062968
24.2519,0.045464,1.5793,-0.063020
24.2532,0.045464,1.4466,-0.063077
24.2544,0.045464,1.3073,-0.063140
24.2557,0.062213,1.1622,-0.063206
24.2570,0.062213,1.0031,-0.063282
24.2595,0.062213,0.6799,-0.063441
24.2605,0.062213,0.5569,-0.063504
24.2614,0.062213,0.4360,-0.063566
24.2623,0.062213,0.3143,-0.063630
24.2633,0.062213,0.1916,-0.063696
24.2644,0.062213,0.0404,-0.063777
24.2657,0.208176,-0.1263,-0.063869
24.2669,0.208176,-0.2926,-0.063962
24.2682,0.208176,-0.4576,-0.064057
24.2694,0.208176,-0.6205,-0.064151
24.2707,0.208176,-0.7807,-0.064246
24.2719,0.208176,-0.9375,-0.064341
24.2732,0.208176,-1.0899,-0.064435
24.2744,0.208176,-1.2375,-0.064527
24.2757,0.208176,-1.3797,-0.064619
24.2769,0.169890,-1.5157,-0.064708
24.2782,0.169890,-1.6450,-0.064795
24.2794,0.169890,-1.7671,-0.064879
24.2807,0.169890,-1.8809,-0.064960
24.2819,0.169890,-1.9866,-0.065038
24.2832,0.169890,-2.0834,-0.065112
24.2844,0.169890,-2.1710,-0.065181
24.2857,0.169890,-2.2488,-0.065247
24.2869,-0.660419,-2.3167,-0.065307
24.2882,-0.660419,-2.3742,-0.065362
24.2894,-0.660419,-2.4211,-0.065413
24.2907,-0.660419,-2.4573,-0.065457
24.2919,-0.660419,-2.4825,-0.065496
24.2932,-0.660419,-2.4967,-0.065530
24.2944,-0.660419,-2.4997,-0.065557
24.2957,-0.660419,-2.4916,-0.065578
24.2969,0.033500,-2.4724,-0.065593
24.2982,0.033500,-2.4422,-0.065601
24.2994,0.033500,-2.4011,-0.065603
24.3007,0.033500,-2.3493,-0.065599
24.3019,0.033500,-2.2870,-0.065589
24.3032,0.033500,-2.2146,-0.065572
24.3044,0.033500,-2.1322,-0.065549
24.3057,0.033500,-2.0404,-0.065520
24.3069,0.143569,-1.9395,-0.065485
24.3082,0.143569,-1.8299,-0.065444
24.3106,0.143569,-1.5964,-0.065350
24.3115,0.143569,-1.4974,-0.065308
24.3124,0.143569,-1.3968,-0.065263
24.3134,0.143569,-1.2930,-0.065217
24.3144,0.143569,-1.1709,-0.065160
24.3157,0.143569,-1.0210,-0.065089
24.3169,0.064606,-0.8665,-0.065014
24.3182,0.064606,-0.7081,-0.064936
24.3194,0.064606,-0.5464,-0.064854
24.3207,0.064606,-0.3826,-0.064769
24.3219,0.064606,-0.2170,-0.064681
24.3232,0.064606,-0.0504,-0.064591
24.3244,0.064606,0.1165,-0.064499
24.3257,0.064606,0.2828,-0.064406
24.3269,-0.277567,0.4479,-0.064312
24.3282,-0.277567,0.6110,-0.064217
24.3294,-0.277567,0.7713,-0.064122
24.3307,-0.277567,0.9285,-0.064027
24.3319,-0.277567,1.0813,-0.063933
24.3332,-0.277567,1.2290,-0.063841
24.3344,-0.277567,1.3715,-0.063749
24.3357,-0.277567,1.5079,-0.063660
24.3369,-0.141177,1.6375,-0.063573
24.3382,-0.141177,1.7599,-0.063489
24.3394,-0.141177,1.8745,-0.063407
24.3407,-0.141177,1.9806,-0.063329
24.3419,-0.141177,2.0780,-0.063255
24.3432,-0.141177,2.1661,-0.063186
24.3444,-0.141177,2.2445,-0.063120
24.3457,-0.141177,2.3130,-0.063059
24.3469,-0.430708,2.3711,-0.063004
24.3482,-0.430708,2.4186,-0.062953
24.3494,-0.430708,2.4555,-0.062908
24.3507,-0.430708,2.4813,-0.062869
24.3519,-0.430708,2.4962,-0.062835
24.3532,-0.430708,2.4998,-0.062808
24.3544,-0.430708,2.4924,-0.062786
24.3557,-0.430708,2.4738,-0.062771
24.3569,-0.430708,2.4443,-0.062762
24.3582,0.016750,2.4038,-0.062760
24.3594,0.016750,2.3525,-0.062763
24.3617,0.016750,2.2326,-0.062786
24.3626,0.016750,2.1731,-0.062802
24.3636,0.016750,2.1093,-0.062821
24.3645,0.016750,2.0405,-0.062843
24.3657,0.016750,1.9456,-0.062876
24.3669,0.016750,1.8367,-0.062916
24.3682,0.083749,1.7194,-0.062962
24.3694,0.083749,1.5945,-0.063014
24.3707,0.083749,1.4625,-0.063070
24.3719,0.083749,1.3240,-0.063132
24.3732,0.083749,1.1796,-0.063198
24.3744,0.083749,1.0299,-0.063269
24.3757,0.083749,0.8757,-0.063344
24.3769,0.083749,0.7175,-0.063422
24.3782,0.272782,0.5562,-0.063504
24.3794,0.272782,0.3923,-0.063589
24.3807,0.272782,0.2268,-0.063677
24.3819,0.272782,0.0602,-0.063767
24.3832,0.272782,-0.1067,-0.063858
24.3844,0.272782,-0.2731,-0.063951
24.3857,0.272782,-0.4383,-0.064045
24.3869,0.272782,-0.6015,-0.064140
24.3882,0.083749,-0.7620,-0.064235
24.3894,0.083749,-0.9191,-0.064330
24.3907,0.083749,-1.0722,-0.064424
24.3919,0.083749,-1.2205,-0.064517
24.3932,0.083749,-1.3633,-0.064608
24.3944,0.083749,-1.5000,-0.064698
24.3957,0.083749,-1.6301,-0.064785
24.3969,0.083749,-1.7529,-0.064869
24.3982,-0.234497,-1.8679,-0.064951
24.3994,-0.234497,-1.9747,-0.065029
24.4007,-0.234497,-2.0725,-0.065103
24.4019,-0.234497,-2.1612,-0.065173
24.4032,-0.234497,-2.2402,-0.065239
24.4044,-0.234497,-2.3092,-0.065300
24.4057,-0.234497,-2.3680,-0.065356
24.4069,-0.234497,-2.4162,-0.065407
24.4082,-0.234497,-2.4536,-0.065452
24.4094,-0.234497,-2.4801,-0.065492
24.4107,-0.234497,-2.4956,-0.065526
24.4130,-0.234497,-2.4947,-0.065573
24.4139,-0.234497,-2.4834,-0.065586
24.4148,-0.234497,-2.4662,-0.065595
24.4158,-0.234497,-2.4431,-0.065601
24.4169,-0.234497,-2.4065,-0.065603
24.4182,0.069392,-2.3559,-0.065600
24.4194,0.069392,-2.2948,-0.065590
24.4207,0.069392,-2.2236,-0.065574
24.4219,0.069392,-2.1425,-0.065552
24.4232,0.069392,-2.0517,-0.065524
24.4244,0.069392,-1.9519,-0.065489
24.4257,0.069392,-1.8433,-0.065449
24.4269,0.069392,-1.7266,-0.065404
24.4282,-0.055035,-1.6021,-0.065352
24.4294,-0.055035,-1.4703,-0.065296
24.4307,-0.055035,-1.3319,-0.065234
24.4319,-0.055035,-1.1882,-0.065168
24.4332,-0.055035,-1.0389,-0.065098
24.4344,-0.055035,-0.8849,-0.065023
24.4357,-0.055035,-0.7269,-0.064945
24.4369,-0.055035,-0.5657,-0.064863
24.4382,-0.055035,-0.4020,-0.064779
24.4394,-0.050249,-0.2364,-0.064691
24.4407,-0.050249,-0.0700,-0.064602
24.4419,-0.050249,0.0969,-0.064510
24.4432,-0.050249,0.2633,-0.064417
24.4444,-0.050249,0.4286,-0.064323
24.4457,-0.050249,0.5919,-0.064228
24.4469,-0.050249,0.7531,-0.064133
24.4482,-0.050249,0.9100,-0.064039
24.4494,-0.119641,1.0633,-0.063945
24.4507,-0.119641,1.2118,-0.063852
24.4519,-0.119641,1.3551,-0.063760
24.4532,-0.119641,1.4922,-0.063670
24.4544,-0.119641,1.6227,-0.063583
24.4557,-0.119641,1.7459,-0.063498
24.4569,-0.119641,1.8614,-0.063417
24.4582,-0.119641,1.9686,-0.063338
24.4594,-0.203390,2.0670,-0.063264
24.4607,-0.203390,2.1562,-0.063193
24.4619,-0.203390,2.2358,-0.063127
24.4646,-0.203390,2.3719,-0.063003
24.4655,-0.203390,2.4085,-0.062964
24.4664,-0.203390,2.4386,-0.062930
24.4674,-0.203390,2.4628,-0.062898
24.4683,-0.203390,2.4809,-0.062869
24.4694,-0.253639,2.4950,-0.062839
24.4707,-0.253639,2.5000,-0.062811
24.4719,-0.253639,2.4938,-0.062788
24.4732,-0.253639,2.4766,-0.062772
24.4744,-0.253639,2.4483,-0.062763
24.4757,-0.253639,2.4089,-0.062760
24.4769,-0.253639,2.3591,-0.062763
24.4782,-0.253639,2.2987,-0.062772
24.4794,0.050249,2.2281,-0.062788
24.4807,0.050249,2.1475,-0.062809
24.4819,0.050249,2.0573,-0.062837
24.4832,0.050249,1.9580,-0.062871
24.4844,0.050249,1.8499,-0.062911
24.4857,0.050249,1.7336,-0.062956
24.4869,0.050249,1.6096,-0.063007
24.4882,0.050249,1.4784,-0.063063
24.4894,-0.064606,1.3406,-0.063125
24.4907,-0.064606,1.1969,-0.063190
24.4919,-0.064606,1.0478,-0.063261
24.4932,-0.064606,0.8941,-0.063335
24.4944,-0.064606,0.7363,-0.063413
24.4957,-0.064606,0.5753,-0.063494
24.4969,-0.064606,0.4117,-0.063579
24.4982,-0.064606,0.2463,-0.063666
24.4994,0.200997,0.0796,-0.063756
24.5007,0.200997,-0.0869,-0.063847
24.5019,0.200997,-0.2535,-0.063940
24.5032,0.200997,-0.4189,-0.064034
24.5044,0.200997,-0.5825,-0.064129
24.5057,0.200997,-0.7433,-0.064224
24.5069,0.200997,-0.9009,-0.064319
24.5082,0.200997,-1.0544,-0.064413
24.5094,0.129212,-1.2033,-0.064506
24.5107,0.129212,-1.3468,-0.064597
24.5119,0.129212,-1.4843,-0.064687
24.5132,0.129212,-1.6155,-0.064775
24.5158,0.129212,-1.8718,-0.064954
24.5168,0.129212,-1.9529,-0.065013
24.5177,0.129212,-2.0275,-0.065069
24.5186,0.129212,-2.0970,-0.065122
24.5196,-0.464208,-2.1615,-0.065174
24.5207,-0.464208,-2.2314,-0.065232
24.5219,-0.464208,-2.3016,-0.065293
24.5232,-0.464208,-2.3616,-0.065350
24.5244,-0.464208,-2.4111,-0.065401
24.5257,-0.464208,-2.4498,-0.065447
24.5269,-0.464208,-2.4776,-0.065488
24.5282,-0.464208,-2.4943,-0.065522
24.5294,-0.464208,-2.5000,-0.065551
24.5307,-0.023928,-2.4945,-0.065573
24.5319,-0.023928,-2.4779,-0.065590
24.5332,-0.023928,-2.4503,-0.065600
24.5344,-0.023928,-2.4117,-0.065603
24.5357,-0.023928,-2.3624,-0.065601
24.5369,-0.023928,-2.3026,-0.065592
24.5382,-0.023928,-2.2325,-0.065576
24.5394,-0.023928,-2.1524,-0.065555
24.5407,-0.014357,-2.0629,-0.065527
24.5419,-0.014357,-1.9641,-0.065494
24.5432,-0.014357,-1.8565,-0.065454
24.5444,-0.014357,-1.7407,-0.065409
24.5457,-0.014357,-1.6171,-0.065359
24.5469,-0.014357,-1.4863,-0.065303
24.5482,-0.014357,-1.3489,-0.065242
24.5494,-0.014357,-1.2055,-0.065177
24.5507,0.100499,-1.0567,-0.065107
24.5519,0.100499,-0.9033,-0.065033
24.5532,0.100499,-0.7458,-0.064955
24.5544,0.100499,-0.5850,-0.064873
24.5557,0.100499,-0.4213,-0.064789
24.5569,0.100499,-0.2560,-0.064702
24.5582,0.100499,-0.0896,-0.064612
24.5594,0.100499,0.0773,-0.064521
24.5607,-0.062213,0.2438,-0.064428
24.5619,-0.062213,0.4092,-0.064334
24.5632,-0.062213,0.5731,-0.064239
24.5644,-0.062213,0.7339,-0.064145
24.5657,-0.062213,0.8917,-0.064050
24.5669,-0.062213,1.0455,-0.063956
24.5682,-0.062213,1.1947,-0.063862
24.5694,-0.062213,1.3385,-0.063771
24.5707,-0.351745,1.4764,-0.063681
24.5719,-0.351745,1.6077,-0.063593
24.5734,-0.351745,1.7572,-0.063491
24.5774,-0.351745,2.0909,-0.063245
24.5784,-0.351745,2.1599,-0.063191
24.5793,-0.351745,2.2196,-0.063141
24.5802,-0.351745,2.2737,-0.063095
24.5811,-0.083749,2.3221,-0.063051
24.5821,-0.083749,2.3648,-0.063010
24.5830,-0.083749,2.4019,-0.062972
24.5839,-0.083749,2.4331,-0.062936
24.5848,-0.083749,2.4584,-0.062904
24.5857,-0.083749,2.4778,-0.062875
24.5869,-0.083749,2.4937,-0.062842
24.5882,-0.083749,2.5000,-0.062814
24.5894,-0.083749,2.4951,-0.062791
24.5907,-0.083749,2.4792,-0.062774
24.5919,0.189033,2.4522,-0.062764
24.5932,0.189033,2.4143,-0.062760
24.5944,0.189033,2.3656,-0.062762
24.5957,0.189033,2.3064,-0.062770
24.5969,0.189033,2.2369,-0.062785
24.5982,0.189033,2.1575,-0.062806
24.5994,0.189033,2.0683,-0.062834
24.6007,0.189033,1.9701,-0.062867
24.6019,-0.521635,1.8631,-0.062906
24.6032,-0.521635,1.7477,-0.062951
24.6044,-0.521635,1.6246,-0.063001
24.6057,-0.521635,1.4942,-0.063057
24.6069,-0.521635,1.3572,-0.063117
24.6082,-0.521635,1.2141,-0.063182
24.6094,-0.521635,1.0656,-0.063252
24.6107,-0.521635,0.9124,-0.063326
24.6119,-0.059821,0.7550,-0.063404
24.6132,-0.059821,0.5944,-0.063485
24.6144,-0.059821,0.4310,-0.063569
24.6157,-0.059821,0.2658,-0.063656
24.6169,-0.059821,0.0994,-0.063745
24.6182,-0.059821,-0.0675,-0.063837
24.6194,-0.059821,-0.2341,-0.063929
24.6207,-0.059821,-0.3996,-0.064023
24.6219,0.093320,-0.5633,-0.064118
24.6232,0.093320,-0.7245,-0.064213
24.6249,0.093320,-0.9434,-0.064344
24.6279,0.093320,-1.2984,-0.064566
24.6288,0.093320,-1.4049,-0.064635
24.6297,0.093320,-1.5051,-0.064701
24.6307,0.093320,-1.6026,-0.064766
24.6316,0.145962,-1.6972,-0.064831
24.6326,0.145962,-1.7868,-0.064893
24.6335,0.145962,-1.8709,-0.064953
24.6344,0.145962,-1.9503,-0.065011
24.6357,0.145962,-2.0504,-0.065086
24.6369,0.145962,-2.1412,-0.065157
24.6382,0.145962,-2.2225,-0.065224
24.6394,0.145962,-2.2940,-0.065286
24.6407,0.145962,-2.3551,-0.065343
24.6419,0.122034,-2.4058,-0.065396
24.6432,0.122034,-2.4458,-0.065442
24.6444,0.122034,-2.4749,-0.065483
24.6457,0.122034,-2.4929,-0.065518
24.6469,0.122034,-2.4999,-0.065548
24.6482,0.122034,-2.4957,-0.065571
24.6494,0.122034,-2.4804,-0.065588
24.6507,0.122034,-2.4541,-0.065599
24.6519,0.000000,-2.4168,-0.065603
24.6532,0.000000,-2.3688,-0.065601
24.6544,0.000000,-2.3102,-0.065593
24.6557,0.000000,-2.2413,-0.065579
24.6569,0.000000,-2.1624,-0.065558
24.6582,0.000000,-2.0739,-0.065531
24.6594,0.000000,-1.9761,-0.065498
24.6607,0.000000,-1.8696,-0.065459
24.6619,-0.349352,-1.7547,-0.065415
24.6632,-0.349352,-1.6320,-0.065365
24.6644,-0.349352,-1.5013,-0.065309
24.6657,-0.349352,-1.3653,-0.065249
24.6669,-0.349352,-1.2226,-0.065184
24.6682,-0.349352,-1.0744,-0.065115
24.6694,-0.349352,-0.9215,-0.065041
24.6707,-0.349352,-0.7644,-0.064964
24.6719,-0.349352,-0.6039,-0.064883
24.6732,0.023928,-0.4407,-0.064799
24.6744,0.023928,-0.2756,-0.064712
24.6761,0.023928,-0.0527,-0.064592
24.6788,0.023928,0.3070,-0.064392
24.6797,0.023928,0.4332,-0.064320
24.6807,0.023928,0.5546,-0.064250
24.6816,0.023928,0.6743,-0.064180
24.6825,-0.263210,0.7920,-0.064110
24.6834,-0.263210,0.9079,-0.064040
24.6844,-0.263210,1.0278,-0.063967
24.6857,-0.263210,1.1774,-0.063873
24.6869,-0.263210,1.3219,-0.063781
24.6882,-0.263210,1.4605,-0.063691
24.6894,-0.263210,1.5926,-0.063603
24.6907,-0.263210,1.7176,-0.063518
24.6919,-0.263210,1.8349,-0.063436
24.6932,-0.011964,1.9441,-0.063357
24.6944,-0.011964,2.0446,-0.063281
24.6957,-0.011964,2.1361,-0.063210
24.6969,-0.011964,2.2179,-0.063143
24.6982,-0.011964,2.2900,-0.063080
24.6994,-0.011964,2.3518,-0.063023
24.7007,-0.011964,2.4031,-0.062970
24.7019,-0.011964,2.4437,-0.062923
24.7032,0.023928,2.4735,-0.062882
24.7044,0.023928,2.4922,-0.062846
24.7057,0.023928,2.4998,-0.062817
24.7069,0.023928,2.4963,-0.062793
24.7082,0.023928,2.4817,-0.062776
24.7094,0.023928,2.4560,-0.062765
24.7107,0.023928,2.4193,-0.062760
24.7119,0.023928,2.3719,-0.062761
24.7132,-0.236889,2.3139,-0.062769
24.7144,-0.236889,2.2456,-0.062783
24.7157,-0.236889,2.1674,-0.062804
24.7169,-0.236889,2.0794,-0.062830
24.7182,-0.236889,1.9821,-0.062863
24.7194,-0.236889,1.8761,-0.062901
24.7207,-0.236889,1.7617,-0.062945
24.7219,-0.236889,1.6395,-0.062995
24.7232,-0.145962,1.5100,-0.063050
24.7244,-0.145962,1.3737,-0.063110
24.7257,-0.145962,1.2313,-0.063174
24.7273,-0.145962,1.0356,-0.063266
24.7298,-0.145962,0.7188,-0.063422
24.7308,-0.145962,0.5940,-0.063485
24.7317,-0.145962,0.4723,-0.063548
24.7327,-0.145962,0.3438,-0.063615
24.7337,0.064606,0.2146,-0.063683
24.7346,0.064606,0.0913,-0.063750
24.7357,0.064606,-0.0481,-0.063826
24.7369,0.064606,-0.2143,-0.063918
24.7382,0.064606,-0.3800,-0.064012
24.7394,0.064606,-0.5440,-0.064107
24.7407,0.064606,-0.7055,-0.064201
24.7419,0.064606,-0.8639,-0.064296
24.7432,0.069392,-1.0185,-0.064391
24.7444,0.069392,-1.1686,-0.064484
24.7457,0.069392,-1.3134,-0.064576
24.7469,0.069392,-1.4524,-0.064666
24.7482,0.069392,-1.5850,-0.064754
24.7494,0.069392,-1.7104,-0.064840
24.7507,0.069392,-1.8283,-0.064922
24.7519,0.069392,-1.9380,-0.065002
24.7532,0.069392,-2.0390,-0.065077
24.7544,-0.045464,-2.1309,-0.065149
24.7557,-0.045464,-2.2134,-0.065216
24.7569,-0.045464,-2.2860,-0.065279
24.7582,-0.045464,-2.3484,-0.065337
24.7594,-0.045464,-2.4004,-0.065390
24.7607,-0.045464,-2.4417,-0.065437
24.7619,-0.045464,-2.4720,-0.065479
24.7632,-0.045464,-2.4914,-0.065515
24.7644,0.224925,-2.4997,-0.065545
24.7657,0.224925,-2.4968,-0.065569
24.7669,0.224925,-2.4828,-0.065586
24.7682,0.224925,-2.4578,-0.065598
24.7694,0.224925,-2.4218,-0.065603
24.7707,0.224925,-2.3750,-0.065602
24.7719,0.224925,-2.3176,-0.065594
24.7732,0.224925,-2.2499,-0.065581
24.7744,-0.205783,-2.1722,-0.065561
24.7757,-0.205783,-2.0848,-0.065534
24.7769,-0.205783,-1.9881,-0.065502
24.7784,-0.205783,-1.8638,-0.065457
24.7809,-0.205783,-1.6196,-0.065360
24.7819,-0.205783,-1.5212,-0.065318
24.7828,-0.205783,-1.4216,-0.065274
24.7837,-0.114855,-1.3186,-0.065228
24.7846,-0.114855,-1.2124,-0.065180
24.7857,-0.114855,-1.0920,-0.065123
24.7869,-0.114855,-0.9397,-0.065050
24.7882,-0.114855,-0.7831,-0.064973
24.7894,-0.114855,-0.6229,-0.064893
24.7907,-0.114855,-0.4600,-0.064809
24.7919,-0.114855,-0.2951,-0.064722
24.7932,-0.114855,-0.1288,-0.064634
24.7944,-0.196211,0.0380,-0.064543
24.7957,-0.196211,0.2047,-0.064450
24.7969,-0.196211,0.3704,-0.064356
24.7982,-0.196211,0.5346,-0.064262
24.7994,-0.196211,0.6963,-0.064167
24.8007,-0.196211,0.8549,-0.064072
24.8019,-0.196211,1.0097,-0.063978
24.8032,-0.196211,1.1600,-0.063884
24.8044,-0.093320,1.3052,-0.063792
24.8057,-0.093320,1.4445,-0.063702
24.8069,-0.093320,1.5774,-0.063614
24.8082,-0.093320,1.7033,-0.063528
24.8094,-0.093320,1.8216,-0.063445
24.8107,-0.093320,1.9317,-0.063366
24.8119,-0.093320,2.0333,-0.063290
24.8132,-0.093320,2.1258,-0.063218
24.8144,-0.153141,2.2088,-0.063150
24.8157,-0.153141,2.2820,-0.063087
24.8169,-0.153141,2.3450,-0.063029
24.8182,-0.153141,2.3976,-0.062976
24.8194,-0.153141,2.4395,-0.062928
24.8207,-0.153141,2.4706,-0.062886
24.8219,-0.153141,2.4906,-0.062850
24.8232,-0.153141,2.4995,-0.062820
24.8244,0.055035,2.4973,-0.062795
24.8257,0.055035,2.4839,-0.062777
24.8269,0.055035,2.4596,-0.062766
24.8282,0.055035,2.4242,-0.062760
24.8295,0.055035,2.3742,-0.062761
24.8322,0.055035,2.2363,-0.062786
24.8332,0.055035,2.1750,-0.062802
24.8341,0.055035,2.1114,-0.062820
24.8350,-0.466600,2.0429,-0.062842
24.8360,-0.466600,1.9692,-0.062867
24.8369,-0.466600,1.8888,-0.062896
24.8382,-0.466600,1.7756,-0.062940
24.8394,-0.466600,1.6542,-0.062989
24.8407,-0.466600,1.5255,-0.063043
24.8419,-0.466600,1.3900,-0.063102
24.8432,-0.466600,1.2482,-0.063167
24.8444,-0.466600,1.1010,-0.063235
24.8457,0.143569,0.9488,-0.063308
24.8469,0.143569,0.7924,-0.063385
24.8482,0.143569,0.6324,-0.063465
24.8494,0.143569,0.4697,-0.063549
24.8507,0.143569,0.3048,-0.063635
24.8519,0.143569,0.1386,-0.063724
24.8532,0.143569,-0.0282,-0.063815
24.8544,0.143569,-0.1949,-0.063907
24.8557,-0.026321,-0.3607,-0.064001
24.8569,-0.026321,-0.5249,-0.064095
24.8582,-0.026321,-0.6868,-0.064190
24.8594,-0.026321,-0.8459,-0.064285
24.8607,-0.026321,-1.0007,-0.064380
24.8619,-0.026321,-1.1513,-0.064473
24.8632,-0.026321,-1.2968,-0.064565
24.8644,-0.026321,-1.4365,-0.064656
24.8657,0.184247,-1.5698,-0.064744
24.8669,0.184247,-1.6961,-0.064830
24.8682,0.184247,-1.8148,-0.064913
24.8694,0.184247,-1.9254,-0.064993
24.8707,0.184247,-2.0276,-0.065069
24.8719,0.184247,-2.1206,-0.065141
24.8732,0.184247,-2.2042,-0.065209
24.8744,0.184247,-2.2780,-0.065272
24.8757,-0.083749,-2.3416,-0.065330
24.8769,-0.083749,-2.3948,-0.065384
24.8782,-0.083749,-2.4374,-0.065432
24.8794,-0.083749,-2.4690,-0.065474
24.8807,-0.083749,-2.4897,-0.065511
24.8836,-0.083749,-2.4948,-0.065573
24.8845,-0.083749,-2.4834,-0.065586
24.8854,0.313460,-2.4662,-0.065595
24.8864,0.313460,-2.4430,-0.065601
24.8873,0.313460,-2.4139,-0.065603
24.8882,0.313460,-2.3789,-0.065602
24.8894,0.313460,-2.3249,-0.065596
24.8907,0.313460,-2.2584,-0.065583
24.8919,0.313460,-2.1819,-0.065563
24.8932,0.313460,-2.0956,-0.065538
24.8944,0.313460,-2.0000,-0.065506
24.8957,-0.401994,-1.8955,-0.065469
24.8969,-0.401994,-1.7825,-0.065426
24.8982,-0.401994,-1.6616,-0.065377
24.8994,-0.401994,-1.5331,-0.065323
24.9007,-0.401994,-1.3981,-0.065264
24.9019,-0.401994,-1.2567,-0.065200
24.9032,-0.401994,-1.1098,-0.065132
24.9044,-0.401994,-0.9578,-0.065059
24.9057,-0.098106,-0.8017,-0.064982
24.9069,-0.098106,-0.6419,-0.064902
24.9082,-0.098106,-0.4793,-0.064819
24.9094,-0.098106,-0.3146,-0.064733
24.9107,-0.098106,-0.1485,-0.064644
24.9119,-0.098106,0.0184,-0.064553
24.9132,-0.098106,0.1851,-0.064461
24.9144,-0.098106,0.3510,-0.064367
24.9157,-0.098106,0.5153,-0.064273
24.9169,-0.165105,0.6774,-0.064178
24.9182,-0.165105,0.8364,-0.064083
24.9194,-0.165105,0.9918,-0.063989
24.9207,-0.165105,1.1425,-0.063895
24.9219,-0.165105,1.2883,-0.063803
24.9232,-0.165105,1.4285,-0.063712
24.9244,-0.165105,1.5621,-0.063624
24.9257,-0.165105,1.6889,-0.063538
24.9269,-0.153141,1.8081,-0.063455
24.9282,-0.153141,1.9192,-0.063375
24.9294,-0.153141,2.0218,-0.063298
24.9307,-0.153141,2.1156,-0.063226
24.9319,-0.153141,2.2022,-0.063156
24.9350,-0.153141,2.3650,-0.063010
24.9359,-0.153141,2.4028,-0.062970
24.9369,-0.236889,2.4340,-0.062935
24.9378,-0.236889,2.4591,-0.062903
24.9387,-0.236889,2.4783,-0.062874
24.9396,-0.236889,2.4915,-0.062848
24.9407,-0.236889,2.4990,-0.062823
24.9419,-0.236889,2.4981,-0.062798
24.9432,-0.236889,2.4861,-0.062779
24.9444,-0.236889,2.4630,-0.062767
24.9457,-0.236889,2.4289,-0.062760
24.9469,0.122034,2.3840,-0.062760
24.9482,0.122034,2.3285,-0.062767
24.9494,0.122034,2.2626,-0.062779
24.9507,0.122034,2.1866,-0.062798
24.9519,0.122034,2.1009,-0.062823
24.9532,0.122034,2.0059,-0.062855
24.9544,0.122034,1.9018,-0.062892
24.9557,0.122034,1.7893,-0.062934
24.9569,-0.191426,1.6689,-0.062983
24.9582,-0.191426,1.5410,-0.063036
24.9594,-0.191426,1.4061,-0.063095
24.9607,-0.191426,1.2652,-0.063159
24.9619,-0.191426,1.1186,-0.063227
24.9632,-0.191426,0.9669,-0.063299
24.9644,-0.191426,0.8110,-0.063376
24.9657,-0.191426,0.6514,-0.063456
24.9669,-0.088534,0.4890,-0.063539
24.9682,-0.088534,0.3243,-0.063625
24.9694,-0.088534,0.1582,-0.063713
24.9707,-0.088534,-0.0086,-0.063804
24.9719,-0.088534,-0.1753,-0.063896
24.9732,-0.088534,-0.3413,-0.063990
24.9744,-0.088534,-0.5058,-0.064084
24.9757,-0.088534,-0.6680,-0.064179
24.9769,-0.055035,-0.8272,-0.064274
24.9782,-0.055035,-0.9827,-0.064369
24.9794,-0.055035,-1.1339,-0.064462
24.9807,-0.055035,-1.2800,-0.064554
24.9819,-0.055035,-1.4204,-0.064645
24.9832,-0.055035,-1.5545,-0.064734
24.9868,-0.055035,-1.9013,-0.064975
24.9877,0.186640,-1.9826,-0.065035
24.9887,0.186640,-2.0553,-0.065090
24.9896,0.186640,-2.1229,-0.065143
24.9905,0.186640,-2.1853,-0.065193
24.9914,0.186640,-2.2425,-0.065241
24.9923,0.186640,-2.2941,-0.065286
24.9933,0.186640,-2.3402,-0.065329
24.9944,0.186640,-2.3891,-0.065378
24.9957,0.186640,-2.4329,-0.065426
24.9969,0.186640,-2.4659,-0.065469
24.9982,0.014357,-2.4878,-0.065507
24.9994,0.014357,-2.4987,-0.065538
25.0007,0.014357,-2.4985,-0.065563
25.0019,0.014357,-2.4871,-0.065583
25.0032,0.014357,-2.4647,-0.065596
25.0044,0.014357,-2.4312,-0.065602
25.0057,0.014357,-2.3870,-0.065603
25.0069,0.014357,-2.3320,-0.065597
25.0082,-0.062213,-2.2668,-0.065584
25.0094,-0.062213,-2.1914,-0.065566
25.0107,-0.062213,-2.1062,-0.065541
25.0119,-0.062213,-2.0117,-0.065510
25.0132,-0.062213,-1.9082,-0.065474
25.0144,-0.062213,-1.7962,-0.065431
25.0157,-0.062213,-1.6762,-0.065383
25.0169,-0.062213,-1.5487,-0.065330
25.0182,-0.088534,-1.4143,-0.065271
25.0194,-0.088534,-1.2735,-0.065208
25.0207,-0.088534,-1.1273,-0.065140
25.0219,-0.088534,-0.9760,-0.065068
25.0232,-0.088534,-0.8203,-0.064992
25.0244,-0.088534,-0.6610,-0.064912
25.0257,-0.088534,-0.4985,-0.064829
25.0269,-0.088534,-0.3341,-0.064743
25.0282,-0.155533,-0.1680,-0.064655
25.0294,-0.155533,-0.0012,-0.064564
25.0307,-0.155533,0.1662,-0.064472
25.0319,-0.155533,0.3317,-0.064378
25.0332,-0.155533,0.4961,-0.064284
25.0344,-0.155533,0.6585,-0.064189
25.0387,-0.074178,1.1889,-0.063866
25.0397,-0.074178,1.3081,-0.063790
25.0406,-0.074178,1.4120,-0.063723
25.0416,-0.074178,1.5121,-0.063657
25.0425,-0.074178,1.6083,-0.063593
25.0434,-0.074178,1.7006,-0.063530
25.0443,-0.074178,1.7886,-0.063468
25.0453,-0.074178,1.8724,-0.063409
25.0462,-0.074178,1.9517,-0.063351
25.0471,-0.074178,2.0262,-0.063295
25.0482,-0.275175,2.1050,-0.063234
25.0494,-0.275175,2.1902,-0.063166
25.0507,-0.275175,2.2657,-0.063102
25.0519,-0.275175,2.3311,-0.063042
25.0532,-0.275175,2.3862,-0.062988
25.0544,-0.275175,2.4306,-0.062939
25.0557,-0.275175,2.4642,-0.062896
25.0569,-0.275175,2.4869,-0.062858
25.0582,0.021535,2.4984,-0.062826
25.0594,0.021535,2.4988,-0.062801
25.0607,0.021535,2.4881,-0.062781
25.0619,0.021535,2.4663,-0.062768
25.0632,0.021535,2.4335,-0.062761
25.0644,0.021535,2.3898,-0.062760
25.0657,0.021535,2.3356,-0.062766
25.0669,0.021535,2.2709,-0.062778
25.0682,0.021535,2.1961,-0.062796
25.0694,-0.074178,2.1115,-0.062820
25.0707,-0.074178,2.0175,-0.062851
25.0719,-0.074178,1.9145,-0.062887
25.0732,-0.074178,1.8030,-0.062929
25.0744,-0.074178,1.6834,-0.062977
25.0757,-0.074178,1.5564,-0.063030
25.0769,-0.074178,1.4224,-0.063088
25.0782,-0.074178,1.2821,-0.063151
25.0794,-0.174676,1.1360,-0.063219
25.0807,-0.174676,0.9850,-0.063291
25.0819,-0.174676,0.8295,-0.063367
25.0832,-0.174676,0.6703,-0.063446
25.0844,-0.174676,0.5081,-0.063529
25.0857,-0.174676,0.3437,-0.063615
25.0889,-0.074178,-0.0896,-0.063849
25.0900,-0.074178,-0.2341,-0.063929
25.0910,-0.074178,-0.3639,-0.064003
25.0919,-0.074178,-0.4861,-0.064073
25.0928,-0.074178,-0.6063,-0.064143
25.0937,-0.074178,-0.7251,-0.064213
25.0947,-0.074178,-0.8419,-0.064283
25.0957,-0.074178,-0.9650,-0.064358
25.0969,-0.074178,-1.1163,-0.064451
25.0982,-0.074178,-1.2630,-0.064544
25.0994,0.117248,-1.4043,-0.064635
25.1007,0.117248,-1.5390,-0.064723
25.1019,0.117248,-1.6670,-0.064810
25.1032,0.117248,-1.7876,-0.064894
25.1044,0.117248,-1.9002,-0.064974
25.1057,0.117248,-2.0043,-0.065051
25.1069,0.117248,-2.0996,-0.065124
25.1082,0.117248,-2.1854,-0.065193
25.1094,0.009571,-2.2615,-0.065258
25.1107,0.009571,-2.3276,-0.065317
25.1119,0.009571,-2.3833,-0.065372
25.1132,0.009571,-2.4283,-0.065421
25.1144,0.009571,-2.4626,-0.065465
25.1157,0.009571,-2.4858,-0.065503
25.1169,0.009571,-2.4980,-0.065535
25.1182,0.009571,-2.4991,-0.065561
25.1194,-0.122034,-2.4890,-0.065581
25.1207,-0.122034,-2.4679,-0.065594
25.1219,-0.122034,-2.4357,-0.065602
25.1232,-0.122034,-2.3927,-0.065603
25.1244,-0.122034,-2.3391,-0.065598
25.1257,-0.122034,-2.2750,-0.065586
25.1269,-0.122034,-2.2008,-0.065568
25.1282,-0.122034,-2.1167,-0.065544
25.1294,0.045464,-2.0233,-0.065514
25.1307,0.045464,-1.9208,-0.065478
25.1319,0.045464,-1.8096,-0.065436
25.1332,0.045464,-1.6907,-0.065389
25.1344,0.045464,-1.5641,-0.065336
25.1357,0.045464,-1.4305,-0.065278
25.1369,0.045464,-1.2905,-0.065216
25.1400,-0.059821,-0.9216,-0.065041
25.1409,-0.059821,-0.8015,-0.064982
25.1419,-0.059821,-0.6837,-0.064923
25.1428,-0.059821,-0.5644,-0.064863
25.1437,-0.059821,-0.4436,-0.064800
25.1446,-0.059821,-0.3221,-0.064737
25.1457,-0.059821,-0.1875,-0.064665
25.1469,-0.059821,-0.0209,-0.064575
25.1482,-0.059821,0.1459,-0.064483
25.1494,-0.059821,0.3121,-0.064389
25.1507,-0.057428,0.4769,-0.064295
25.1519,-0.057428,0.6395,-0.064200
25.1532,-0.057428,0.7993,-0.064105
25.1544,-0.057428,0.9555,-0.064011
25.1557,-0.057428,1.1075,-0.063917
25.1569,-0.057428,1.2546,-0.063825
25.1582,-0.057428,1.3960,-0.063734
25.1594,-0.057428,1.5314,-0.063644
25.1607,-0.143569,1.6597,-0.063558
25.1619,-0.143569,1.7807,-0.063474
25.1632,-0.143569,1.8938,-0.063393
25.1644,-0.143569,1.9989,-0.063316
25.1657,-0.143569,2.0944,-0.063243
25.1669,-0.143569,2.1806,-0.063174
25.1682,-0.143569,2.2573,-0.063109
25.1694,-0.143569,2.3240,-0.063049
25.1707,-0.110070,2.3803,-0.062994
25.1719,-0.110070,2.4260,-0.062945
25.1732,-0.110070,2.4608,-0.062901
25.1744,-0.110070,2.4848,-0.062862
25.1757,-0.110070,2.4976,-0.062830
25.1769,-0.110070,2.4993,-0.062803
25.1782,-0.110070,2.4899,-0.062783
25.1794,-0.110070,2.4694,-0.062769
25.1807,-0.098106,2.4379,-0.062761
25.1819,-0.098106,2.3955,-0.062760
25.1832,-0.098106,2.3425,-0.062765
25.1844,-0.098106,2.2790,-0.062776
25.1857,-0.098106,2.2054,-0.062793
25.1869,-0.098106,2.1219,-0.062817
25.1885,-0.098106,1.9995,-0.062857
25.1910,-0.167498,1.7820,-0.062937
25.1920,-0.167498,1.6913,-0.062974
25.1929,-0.167498,1.5985,-0.063012
25.1938,-0.167498,1.5020,-0.063053
25.1947,-0.167498,1.4018,-0.063097
25.1957,-0.167498,1.2981,-0.063144
25.1969,-0.167498,1.1534,-0.063211
25.1982,-0.167498,1.0030,-0.063282
25.1994,-0.167498,0.8479,-0.063358
25.2007,-0.083749,0.6892,-0.063437
25.2019,-0.083749,0.5274,-0.063519
25.2032,-0.083749,0.3632,-0.063604
25.2044,-0.083749,0.1974,-0.063692
25.2057,-0.083749,0.0307,-0.063783
25.2069,-0.083749,-0.1361,-0.063875
25.2082,-0.083749,-0.3023,-0.063968
25.2094,-0.083749,-0.4672,-0.064062
25.2107,-0.107677,-0.6300,-0.064157
25.2119,-0.107677,-0.7900,-0.064252
25.2132,-0.107677,-0.9465,-0.064346
25.2144,-0.107677,-1.0987,-0.064440
25.2157,-0.107677,-1.2461,-0.064533
25.2169,-0.107677,-1.3879,-0.064624
25.2182,-0.107677,-1.5236,-0.064713
25.2194,-0.107677,-1.6524,-0.064800
25.2207,0.112463,-1.7738,-0.064884
25.2219,0.112463,-1.8874,-0.064965
25.2232,0.112463,-1.9925,-0.065042
25.2244,0.112463,-2.0888,-0.065116
25.2257,0.112463,-2.1757,-0.065185
25.2269,0.112463,-2.2530,-0.065250
25.2282,0.112463,-2.3203,-0.065310
25.2294,0.112463,-2.3772,-0.065366
25.2307,0.112463,-2.4236,-0.065415
25.2319,0.153141,-2.4591,-0.065460
25.2332,0.153141,-2.4837,-0.065498
25.2344,0.153141,-2.4972,-0.065531
25.2357,0.153141,-2.4995,-0.065558
25.2369,0.153141,-2.4908,-0.065579
25.2382,0.153141,-2.4709,-0.065593
25.2397,0.153141,-2.4324,-0.065602
25.2425,-0.236889,-2.3176,-0.065594
25.2434,-0.236889,-2.2669,-0.065584
25.2444,-0.236889,-2.2121,-0.065571
25.2453,-0.236889,-2.1520,-0.065555
25.2462,-0.236889,-2.0868,-0.065535
25.2471,-0.236889,-2.0165,-0.065512
25.2482,-0.236889,-1.9333,-0.065483
25.2494,-0.236889,-1.8233,-0.065442
25.2507,-0.236889,-1.7052,-0.065395
25.2519,-0.021535,-1.5793,-0.065343
25.2532,-0.021535,-1.4466,-0.065285
25.2544,-0.021535,-1.3073,-0.065223
25.2557,-0.021535,-1.1623,-0.065156
25.2569,-0.021535,-1.0120,-0.065085
25.2582,-0.021535,-0.8573,-0.065010
25.2594,-0.021535,-0.6987,-0.064931
25.2607,-0.021535,-0.5370,-0.064849
25.2619,-0.019143,-0.3729,-0.064763
25.2632,-0.019143,-0.2072,-0.064676
25.2644,-0.019143,-0.0405,-0.064586
25.2657,-0.019143,0.1263,-0.064494
25.2669,-0.019143,0.2926,-0.064401
25.2682,-0.019143,0.4576,-0.064306
25.2694,-0.019143,0.6205,-0.064212
25.2707,-0.019143,0.7807,-0.064117
25.2719,-0.002393,0.9374,-0.064022
25.2732,-0.002393,1.0899,-0.063928
25.2744,-0.002393,1.2375,-0.063835
25.2757,-0.002393,1.3797,-0.063744
25.2769,-0.002393,1.5157,-0.063655
25.2782,-0.002393,1.6450,-0.063568
25.2794,-0.002393,1.7670,-0.063484
25.2807,-0.002393,1.8808,-0.063403
25.2819,-0.148355,1.9865,-0.063325
25.2832,-0.148355,2.0834,-0.063251
25.2844,-0.148355,2.1710,-0.063182
25.2857,-0.148355,2.2488,-0.063116
25.2869,-0.148355,2.3167,-0.063056
25.2882,-0.148355,2.3742,-0.063000
25.2894,-0.148355,2.4211,-0.062950
25.2907,-0.148355,2.4573,-0.062905
25.2919,-0.366102,2.4825,-0.062866
25.2932,-0.366102,2.4967,-0.062833
25.2944,-0.366102,2.4997,-0.062806
25.2974,-0.366102,2.4620,-0.062766
25.2983,-0.366102,2.4369,-0.062761
25.2993,-0.366102,2.4064,-0.062760
25.3002,-0.366102,2.3702,-0.062761
25.3011,-0.366102,2.3282,-0.062767
25.3020,0.002393,2.2807,-0.062775
25.3032,0.002393,2.2145,-0.062791
25.3044,0.002393,2.1322,-0.062814
25.3057,0.002393,2.0404,-0.062843
25.3069,0.002393,1.9395,-0.062878
25.3082,0.002393,1.8300,-0.062919
25.3094,0.002393,1.7123,-0.062965
25.3107,0.002393,1.5870,-0.063017
25.3119,0.002393,1.4546,-0.063074
25.3132,0.275175,1.3157,-0.063136
25.3144,0.275175,1.1709,-0.063202
25.3157,0.275175,1.0210,-0.063273
25.3169,0.275175,0.8665,-0.063348
25.3182,0.275175,0.7081,-0.063427
25.3194,0.275175,0.5464,-0.063509
25.3207,0.275175,0.3826,-0.063594
25.3219,0.275175,0.2170,-0.063682
25.3232,-0.631705,0.0503,-0.063772
25.3244,-0.631705,-0.1165,-0.063864
25.3257,-0.631705,-0.2828,-0.063957
25.3269,-0.631705,-0.4479,-0.064051
25.3282,-0.631705,-0.6110,-0.064146
25.3294,-0.631705,-0.7714,-0.064241
25.3307,-0.631705,-0.9286,-0.064335
25.3319,-0.631705,-1.0810,-0.064429
25.3332,-0.066999,-1.2289,-0.064522
25.3344,-0.066999,-1.3714,-0.064613
25.3357,-0.066999,-1.5079,-0.064703
25.3369,-0.066999,-1.6376,-0.064790
25.3382,-0.066999,-1.7603,-0.064875
25.3394,-0.066999,-1.8745,-0.064956
25.3407,-0.066999,-1.9806,-0.065033
25.3419,-0.066999,-2.0780,-0.065107
25.3432,0.011964,-2.1661,-0.065177
25.3444,0.011964,-2.2445,-0.065243
25.3457,0.011964,-2.3130,-0.065304
25.3469,0.011964,-2.3711,-0.065359
25.3483,0.011964,-2.4247,-0.065417
25.3513,0.011964,-2.4909,-0.065513
25.3523,0.011964,-2.4985,-0.065537
25.3532,0.378066,-2.4997,-0.065557
25.3541,0.378066,-2.4949,-0.065573
25.3551,0.378066,-2.4839,-0.065585
25.3560,0.378066,-2.4661,-0.065595
25.3570,0.378066,-2.4417,-0.065601
25.3582,0.378066,-2.4037,-0.065603
25.3594,0.378066,-2.3526,-0.065600
25.3607,0.378066,-2.2910,-0.065589
25.3619,0.378066,-2.2188,-0.065573
25.3632,0.038285,-2.1372,-0.065550
25.3644,0.038285,-2.0461,-0.065522
25.3657,0.038285,-1.9457,-0.065487
25.3669,0.038285,-1.8367,-0.065447
25.3682,0.038285,-1.7194,-0.065401
25.3694,0.038285,-1.5945,-0.065349
25.3707,0.038285,-1.4626,-0.065292
25.3719,0.038285,-1.3241,-0.065231
25.3732,0.016750,-1.1796,-0.065164
25.3744,0.016750,-1.0299,-0.065094
25.3757,0.016750,-0.8756,-0.065019
25.3769,0.016750,-0.7175,-0.064940
25.3782,0.016750,-0.5562,-0.064859
25.3794,0.016750,-0.3921,-0.064774
25.3807,0.016750,-0.2267,-0.064686
25.3819,0.016750,-0.0601,-0.064596
25.3832,-0.380459,0.1067,-0.064505
25.3844,-0.380459,0.2731,-0.064412
25.3857,-0.380459,0.4383,-0.064317
25.3869,-0.380459,0.6015,-0.064223
25.3882,-0.380459,0.7620,-0.064128
25.3894,-0.380459,0.9206,-0.064032
25.3907,-0.380459,1.0722,-0.063939
25.3919,-0.380459,1.2205,-0.063846
25.3932,-0.380459,1.3633,-0.063755
25.3944,-0.004786,1.5001,-0.063665
25.3957,-0.004786,1.6302,-0.063578
25.3969,-0.004786,1.7530,-0.063493
25.3982,-0.004786,1.8679,-0.063412
25.3996,-0.004786,1.9894,-0.063323
25.4023,-0.004786,2.1871,-0.063168
25.4032,-0.004786,2.2456,-0.063119
25.4042,-0.244068,2.2971,-0.063074
25.4051,-0.244068,2.3429,-0.063031
25.4060,-0.244068,2.3830,-0.062991
25.4069,-0.244068,2.4173,-0.062955
25.4082,-0.244068,2.4537,-0.062910
25.4094,-0.244068,2.4801,-0.062871
25.4107,-0.244068,2.4956,-0.062837
25.4119,-0.244068,2.4999,-0.062809
25.4132,-0.244068,2.4931,-0.062787
25.4144,-0.155533,2.4752,-0.062772
25.4157,-0.155533,2.4463,-0.062762
25.4169,-0.155533,2.4065,-0.062760
25.4182,-0.155533,2.3559,-0.062763
25.4194,-0.155533,2.2948,-0.062773
25.4207,-0.155533,2.2236,-0.062789
25.4219,-0.155533,2.1424,-0.062811
25.4232,-0.155533,2.0517,-0.062839
25.4244,0.112463,1.9518,-0.062873
25.4257,0.112463,1.8433,-0.062913
25.4269,0.112463,1.7265,-0.062959
25.4282,0.112463,1.6021,-0.063010
25.4294,0.112463,1.4705,-0.063067
25.4307,0.112463,1.3323,-0.063128
25.4319,0.112463,1.1882,-0.063194
25.4332,0.112463,1.0389,-0.063265
25.4344,-0.150748,0.8848,-0.063339
25.4357,-0.150748,0.7269,-0.063418
25.4369,-0.150748,0.5657,-0.063499
25.4382,-0.150748,0.4020,-0.063584
25.4394,-0.150748,0.2364,-0.063672
25.4407,-0.150748,0.0700,-0.063761
25.4419,-0.150748,-0.0969,-0.063853
25.4432,-0.150748,-0.2633,-0.063946
25.4444,-0.179462,-0.4287,-0.064040
25.4457,-0.179462,-0.5920,-0.064135
25.4469,-0.179462,-0.7527,-0.064229
25.4482,-0.179462,-0.9101,-0.064324
25.4494,-0.179462,-1.0633,-0.064418
25.4509,-0.179462,-1.2395,-0.064529
25.4533,-0.179462,-1.5123,-0.064706
25.4543,-0.248854,-1.6109,-0.064772
25.4552,-0.248854,-1.7032,-0.064835
25.4561,-0.248854,-1.7913,-0.064896
25.4571,-0.248854,-1.8749,-0.064956
25.4582,-0.248854,-1.9687,-0.065024
25.4594,-0.248854,-2.0671,-0.065099
25.4607,-0.248854,-2.1562,-0.065169
25.4619,-0.248854,-2.2358,-0.065235
25.4632,-0.248854,-2.3054,-0.065297
25.4644,0.244068,-2.3648,-0.065353
25.4657,0.244068,-2.4136,-0.065404
25.4669,0.244068,-2.4517,-0.065450
25.4682,0.244068,-2.4789,-0.065490
25.4694,0.244068,-2.4950,-0.065524
25.4707,0.244068,-2.5000,-0.065552
25.4719,0.244068,-2.4938,-0.065574
25.4732,0.244068,-2.4766,-0.065590
25.4744,0.244068,-2.4483,-0.065600
25.4757,-0.100499,-2.4091,-0.065603
25.4769,-0.100499,-2.3592,-0.065600
25.4782,-0.100499,-2.2988,-0.065591
25.4794,-0.100499,-2.2280,-0.065575
25.4807,-0.100499,-2.1475,-0.065553
25.4819,-0.100499,-2.0573,-0.065526
25.4832,-0.100499,-1.9580,-0.065492
25.4844,-0.100499,-1.8499,-0.065452
25.4857,0.246461,-1.7336,-0.065406
25.4869,0.246461,-1.6096,-0.065356
25.4882,0.246461,-1.4784,-0.065299
25.4894,0.246461,-1.3406,-0.065238
25.4907,0.246461,-1.1969,-0.065173
25.4919,0.246461,-1.0478,-0.065102
25.4932,0.246461,-0.8940,-0.065028
25.4944,0.246461,-0.7363,-0.064950
25.4957,-0.064606,-0.5753,-0.064868
25.4969,-0.064606,-0.4116,-0.064784
25.4982,-0.064606,-0.2463,-0.064697
25.4994,-0.064606,-0.0797,-0.064607
25.5007,-0.064606,0.0871,-0.064515
25.5021,-0.064606,0.2793,-0.064408
25.5043,-0.064606,0.5664,-0.064243
25.5052,-0.117248,0.6882,-0.064172
25.5061,-0.117248,0.8058,-0.064102
25.5071,-0.117248,0.9213,-0.064032
25.5082,-0.117248,1.0545,-0.063950
25.5094,-0.117248,1.2033,-0.063857
25.5107,-0.117248,1.3468,-0.063765
25.5119,-0.117248,1.4843,-0.063676
25.5132,-0.117248,1.6152,-0.063588
25.5144,-0.117248,1.7389,-0.063503
25.5157,-0.157926,1.8548,-0.063421
25.5169,-0.157926,1.9625,-0.063343
25.5182,-0.157926,2.0615,-0.063268
25.5194,-0.157926,2.1513,-0.063197
25.5207,-0.157926,2.2314,-0.063131
25.5219,-0.157926,2.3016,-0.063070
25.5232,-0.157926,2.3616,-0.063013
25.5244,-0.157926,2.4111,-0.062962
25.5257,-0.244068,2.4498,-0.062916
25.5269,-0.244068,2.4776,-0.062875
25.5282,-0.244068,2.4943,-0.062841
25.5294,-0.244068,2.5000,-0.062812
25.5307,-0.244068,2.4945,-0.062790
25.5319,-0.244068,2.4779,-0.062773
25.5332,-0.244068,2.4503,-0.062763
25.5344,-0.244068,2.4117,-0.062760
25.5357,-0.078963,2.3624,-0.062762
25.5369,-0.078963,2.3026,-0.062771
25.5382,-0.078963,2.2325,-0.062786
25.5394,-0.078963,2.1525,-0.062808
25.5407,-0.078963,2.0630,-0.062835
25.5419,-0.078963,1.9642,-0.062869
25.5432,-0.078963,1.8566,-0.062908
25.5444,-0.078963,1.7407,-0.062954
25.5457,-0.078963,1.6171,-0.063004
25.5469,0.193819,1.4863,-0.063060
25.5482,0.193819,1.3489,-0.063121
25.5494,0.193819,1.2055,-0.063186
25.5507,0.193819,1.0567,-0.063256
25.5519,0.193819,0.9031,-0.063330
25.5532,0.193819,0.7409,-0.063411
25.5568,-0.397209,0.2658,-0.063656
25.5578,-0.397209,0.1348,-0.063726
25.5587,-0.397209,0.0116,-0.063793
25.5597,-0.397209,-0.1119,-0.063861
25.5606,-0.397209,-0.2342,-0.063929
25.5615,-0.397209,-0.3564,-0.063999
25.5624,-0.397209,-0.4777,-0.064068
25.5633,-0.397209,-0.5979,-0.064138
25.5644,-0.397209,-0.7341,-0.064218
25.5657,-0.397209,-0.8917,-0.064313
25.5669,-0.136391,-1.0455,-0.064407
25.5682,-0.136391,-1.1947,-0.064500
25.5694,-0.136391,-1.3385,-0.064592
25.5707,-0.136391,-1.4764,-0.064682
25.5719,-0.136391,-1.6077,-0.064770
25.5732,-0.136391,-1.7318,-0.064855
25.5744,-0.136391,-1.8482,-0.064937
25.5757,-0.136391,-1.9564,-0.065015
25.5769,-0.021535,-2.0559,-0.065090
25.5782,-0.021535,-2.1462,-0.065161
25.5794,-0.021535,-2.2269,-0.065228
25.5807,-0.021535,-2.2978,-0.065290
25.5819,-0.021535,-2.3584,-0.065347
25.5832,-0.021535,-2.4084,-0.065398
25.5844,-0.021535,-2.4478,-0.065445
25.5857,-0.021535,-2.4762,-0.065485
25.5869,0.117248,-2.4937,-0.065520
25.5882,0.117248,-2.5000,-0.065549
25.5894,0.117248,-2.4951,-0.065572
25.5907,0.117248,-2.4792,-0.065589
25.5919,0.117248,-2.4522,-0.065599
25.5932,0.117248,-2.4143,-0.065603
25.5944,0.117248,-2.3656,-0.065601
25.5957,0.117248,-2.3064,-0.065592
25.5969,0.291924,-2.2369,-0.065577
25.5982,0.291924,-2.1574,-0.065556
25.5994,0.291924,-2.0684,-0.065529
25.6007,0.291924,-1.9701,-0.065496
25.6019,0.291924,-1.8631,-0.065457
25.6032,0.291924,-1.7477,-0.065412
25.6044,0.291924,-1.6245,-0.065362
25.6073,-0.303888,-1.3157,-0.065227
25.6082,-0.303888,-1.2069,-0.065177
25.6091,-0.303888,-1.0975,-0.065126
25.6101,-0.303888,-0.9856,-0.065072
25.6110,-0.303888,-0.8714,-0.065017
25.6119,-0.303888,-0.7550,-0.064959
25.6132,-0.303888,-0.5943,-0.064878
25.6144,-0.303888,-0.4311,-0.064794
25.6157,-0.303888,-0.2658,-0.064707
25.6169,-0.014357,-0.0994,-0.064618
25.6182,-0.014357,0.0675,-0.064526
25.6194,-0.014357,0.2342,-0.064433
25.6207,-0.014357,0.3995,-0.064340
25.6219,-0.014357,0.5633,-0.064245
25.6232,-0.014357,0.7245,-0.064150
25.6244,-0.014357,0.8825,-0.064055
25.6257,-0.014357,1.0366,-0.063961
25.6269,-0.014357,1.1860,-0.063868
25.6282,-0.055035,1.3302,-0.063776
25.6294,-0.055035,1.4685,-0.063686
25.6307,-0.055035,1.6002,-0.063598
25.6319,-0.055035,1.7247,-0.063513
25.6332,-0.055035,1.8416,-0.063431
25.6344,-0.055035,1.9503,-0.063352
25.6357,-0.055035,2.0503,-0.063277
25.6369,-0.055035,2.1411,-0.063206
25.6382,0.028714,2.2225,-0.063139
25.6394,0.028714,2.2940,-0.063077
25.6407,0.028714,2.3551,-0.063019
25.6419,0.028714,2.4058,-0.062967
25.6432,0.028714,2.4458,-0.062921
25.6444,0.028714,2.4749,-0.062880
25.6457,0.028714,2.4930,-0.062844
25.6469,0.028714,2.4999,-0.062815
25.6482,-0.220140,2.4957,-0.062792
25.6494,-0.220140,2.4804,-0.062775
25.6507,-0.220140,2.4541,-0.062764
25.6519,-0.220140,2.4168,-0.062760
25.6532,-0.220140,2.3688,-0.062762
25.6544,-0.220140,2.3102,-0.062770
25.6557,-0.220140,2.2406,-0.062784
25.6587,-0.220140,2.0320,-0.062846
25.6596,-0.220140,1.9559,-0.062872
25.6606,-0.220140,1.8771,-0.062901
25.6615,-0.220140,1.7935,-0.062933
25.6624,-0.220140,1.7056,-0.062968
25.6633,-0.220140,1.6135,-0.063006
25.6644,-0.220140,1.5013,-0.063053
25.6657,-0.220140,1.3652,-0.063113
25.6669,-0.220140,1.2226,-0.063178
25.6682,-0.270389,1.0745,-0.063248
25.6694,-0.270389,0.9214,-0.063321
25.6707,-0.270389,0.7644,-0.063399
25.6719,-0.270389,0.6039,-0.063480
25.6732,-0.270389,0.4407,-0.063564
25.6744,-0.270389,0.2756,-0.063651
25.6757,-0.270389,0.1092,-0.063740
25.6769,-0.270389,-0.0576,-0.063831
25.6782,-0.007178,-0.2242,-0.063924
25.6794,-0.007178,-0.3899,-0.064018
25.6807,-0.007178,-0.5537,-0.064112
25.6819,-0.007178,-0.7151,-0.064207
25.6832,-0.007178,-0.8733,-0.064302
25.6844,-0.007178,-1.0277,-0.064396
25.6857,-0.007178,-1.1774,-0.064489
25.6869,-0.007178,-1.3219,-0.064581
25.6882,-0.040678,-1.4605,-0.064671
25.6894,-0.040678,-1.5926,-0.064759
25.6907,-0.040678,-1.7176,-0.064845
25.6919,-0.040678,-1.8350,-0.064927
25.6932,-0.040678,-1.9441,-0.065006
25.6944,-0.040678,-2.0447,-0.065082
25.6957,-0.040678,-2.1360,-0.065153
25.6969,-0.040678,-2.2179,-0.065220
25.6982,0.124427,-2.2900,-0.065283
25.6994,0.124427,-2.3518,-0.065340
25.7007,0.124427,-2.4031,-0.065393
25.7019,0.124427,-2.4437,-0.065440
25.7032,0.124427,-2.4735,-0.065481
25.7044,0.124427,-2.4922,-0.065517
25.7057,0.124427,-2.4998,-0.065546
25.7071,0.124427,-2.4946,-0.065573
25.7100,0.224925,-2.4393,-0.065601
25.7110,0.224925,-2.4083,-0.065603
25.7119,0.224925,-2.3723,-0.065602
25.7128,0.224925,-2.3306,-0.065596
25.7137,0.224925,-2.2832,-0.065588
25.7147,0.224925,-2.2304,-0.065576
25.7157,0.224925,-2.1672,-0.065559
25.7169,0.224925,-2.0794,-0.065533
25.7182,0.224925,-1.9821,-0.065500
25.7194,-0.351745,-1.8761,-0.065462
25.7207,-0.351745,-1.7617,-0.065418
25.7219,-0.351745,-1.6395,-0.065368
25.7232,-0.351745,-1.5099,-0.065313
25.7244,-0.351745,-1.3736,-0.065253
25.7257,-0.351745,-1.2312,-0.065188
25.7269,-0.351745,-1.0833,-0.065119
25.7282,-0.351745,-0.9308,-0.065046
25.7294,0.028714,-0.7739,-0.064969
25.7307,0.028714,-0.6134,-0.064888
25.7319,0.028714,-0.4503,-0.064804
25.7332,0.028714,-0.2848,-0.064717
25.7344,0.028714,-0.1190,-0.064628
25.7357,0.028714,0.0479,-0.064537
25.7369,0.028714,0.2145,-0.064445
25.7382,0.028714,0.3805,-0.064351
25.7394,-0.064606,0.5442,-0.064256
25.7407,-0.064606,0.7056,-0.064161
25.7419,-0.064606,0.8639,-0.064067
25.7432,-0.064606,1.0185,-0.063972
25.7444,-0.064606,1.1690,-0.063879
25.7457,-0.064606,1.3136,-0.063787
25.7469,-0.064606,1.4525,-0.063697
25.7482,-0.064606,1.5851,-0.063608
25.7494,0.007178,1.7105,-0.063523
25.7507,0.007178,1.8283,-0.063440
25.7519,0.007178,1.9380,-0.063361
25.7532,0.007178,2.0390,-0.063285
25.7544,0.007178,2.1310,-0.063214
25.7557,0.007178,2.2134,-0.063146
25.7569,0.007178,2.2860,-0.063084
25.7583,0.007178,2.3558,-0.063019
25.7610,-0.062213,2.4506,-0.062914
25.7619,-0.062213,2.4726,-0.062883
25.7629,-0.062213,2.4878,-0.062856
25.7638,-0.062213,2.4969,-0.062832
25.7647,-0.062213,2.5000,-0.062812
25.7657,-0.062213,2.4968,-0.062794
25.7669,-0.062213,2.4828,-0.062777
25.7682,-0.062213,2.4578,-0.062765
25.7694,-0.272782,2.4218,-0.062760
25.7707,-0.272782,2.3750,-0.062761
25.7719,-0.272782,2.3176,-0.062768
25.7732,-0.272782,2.2499,-0.062782
25.7744,-0.272782,2.1722,-0.062802
25.7757,-0.272782,2.0848,-0.062828
25.7769,-0.272782,1.9881,-0.062861
25.7782,-0.272782,1.8826,-0.062899
25.7794,-0.095713,1.7686,-0.062942
25.7807,-0.095713,1.6469,-0.062992
25.7819,-0.095713,1.5177,-0.063046
25.7832,-0.095713,1.3818,-0.063106
25.7844,-0.095713,1.2397,-0.063171
25.7857,-0.095713,1.0922,-0.063239
25.7869,-0.095713,0.9397,-0.063313
25.7882,-0.095713,0.7831,-0.063390
25.7894,-0.095713,0.6229,-0.063470
25.7907,-0.234497,0.4600,-0.063554
25.7919,-0.234497,0.2952,-0.063640
25.7932,-0.234497,0.1288,-0.063729
25.7944,-0.234497,-0.0380,-0.063820
25.7957,-0.234497,-0.2047,-0.063913
25.7969,-0.234497,-0.3705,-0.064007
25.7982,-0.234497,-0.5345,-0.064101
25.7994,-0.234497,-0.6963,-0.064196
25.8007,0.002393,-0.8549,-0.064291
25.8019,0.002393,-1.0097,-0.064385
25.8032,0.002393,-1.1601,-0.064479
25.8044,0.002393,-1.3052,-0.064571
25.8057,0.002393,-1.4445,-0.064661
25.8069,0.002393,-1.5774,-0.064749
25.8082,0.002393,-1.7033,-0.064835
25.8095,0.002393,-1.8286,-0.064923
25.8120,-0.105284,-2.0382,-0.065077
25.8129,-0.105284,-2.1085,-0.065131
25.8138,-0.105284,-2.1722,-0.065182
25.8148,-0.105284,-2.2305,-0.065231
25.8157,-0.105284,-2.2834,-0.065277
25.8169,-0.105284,-2.3451,-0.065334
25.8182,-0.105284,-2.3976,-0.065387
25.8194,-0.105284,-2.4395,-0.065434
25.8207,0.256032,-2.4705,-0.065476
25.8219,0.256032,-2.4906,-0.065513
25.8232,0.256032,-2.4995,-0.065543
25.8244,0.256032,-2.4973,-0.065567
25.8257,0.256032,-2.4839,-0.065585
25.8269,0.256032,-2.4595,-0.065597
25.8282,0.256032,-2.4242,-0.065603
25.8294,0.256032,-2.3780,-0.065602
25.8307,-0.023928,-2.3213,-0.065595
25.8319,-0.023928,-2.2541,-0.065582
25.8332,-0.023928,-2.1770,-0.065562
25.8344,-0.023928,-2.0902,-0.065536
25.8357,-0.023928,-1.9940,-0.065504
25.8369,-0.023928,-1.8890,-0.065467
25.8382,-0.023928,-1.7756,-0.065423
25.8394,-0.023928,-1.6541,-0.065374
25.8407,-0.181855,-1.5255,-0.065320
25.8419,-0.181855,-1.3900,-0.065260
25.8432,-0.181855,-1.2483,-0.065196
25.8444,-0.181855,-1.1010,-0.065128
25.8457,-0.181855,-0.9488,-0.065055
25.8469,-0.181855,-0.7924,-0.064978
25.8482,-0.181855,-0.6325,-0.064898
25.8494,-0.181855,-0.4697,-0.064814
25.8507,-0.102891,-0.3039,-0.064727
25.8519,-0.102891,-0.1385,-0.064639
25.8532,-0.102891,0.0282,-0.064548
25.8544,-0.102891,0.1949,-0.064455
25.8557,-0.102891,0.3607,-0.064362
25.8569,-0.102891,0.5250,-0.064267
25.8582,-0.102891,0.6868,-0.064172
25.8594,-0.102891,0.8457,-0.064078
25.8607,0.064606,1.0010,-0.063983
25.8631,0.064606,1.2866,-0.063804
25.8640,0.064606,1.3928,-0.063736
25.8649,0.064606,1.4934,-0.063670
25.8659,0.064606,1.5904,-0.063605
25.8669,0.064606,1.6961,-0.063533
25.8682,0.064606,1.8149,-0.063450
25.8694,0.064606,1.9255,-0.063370
25.8707,0.064606,2.0276,-0.063294
25.8719,-0.114855,2.1206,-0.063222
25.8732,-0.114855,2.2042,-0.063154
25.8744,-0.114855,2.2780,-0.063091
25.8757,-0.114855,2.3416,-0.063032
25.8769,-0.114855,2.3948,-0.062979
25.8782,-0.114855,2.4374,-0.062931
25.8794,-0.114855,2.4691,-0.062889
25.8807,-0.114855,2.4897,-0.062852
25.8819,-0.045464,2.4993,-0.062821
25.8832,-0.045464,2.4977,-0.062797
25.8844,-0.045464,2.4850,-0.062778
25.8857,-0.045464,2.4613,-0.062766
25.8869,-0.045464,2.4266,-0.062760
25.8882,-0.045464,2.3810,-0.062761
25.8894,-0.045464,2.3249,-0.062767
25.8907,-0.045464,2.2584,-0.062780
25.8919,-0.162712,2.1819,-0.062800
25.8932,-0.162712,2.0956,-0.062825
25.8944,-0.162712,2.0000,-0.062857
25.8957,-0.162712,1.8954,-0.062894
25.8969,-0.162712,1.7825,-0.062937
25.8982,-0.162712,1.6616,-0.062986
25.8994,-0.162712,1.5331,-0.063040
25.9007,-0.162712,1.3982,-0.063099
25.9019,-0.239282,1.2567,-0.063163
25.9032,-0.239282,1.1098,-0.063231
25.9044,-0.239282,0.9578,-0.063304
25.9057,-0.239282,0.8017,-0.063380
25.9069,-0.239282,0.6419,-0.063461
25.9082,-0.239282,0.4793,-0.063544
25.9094,-0.239282,0.3146,-0.063630
25.9107,-0.239282,0.1484,-0.063719
25.9119,-0.145962,-0.0206,-0.063811
25.9142,-0.145962,-0.3307,-0.063984
25.9152,-0.145962,-0.4561,-0.064056
25.9161,-0.145962,-0.5767,-0.064126
25.9170,-0.145962,-0.6958,-0.064196
25.9182,-0.145962,-0.8366,-0.064280
25.9194,-0.145962,-0.9920,-0.064374
25.9207,-0.145962,-1.1426,-0.064468
25.9219,0.076570,-1.2884,-0.064560
25.9232,0.076570,-1.4285,-0.064650
25.9244,0.076570,-1.5621,-0.064739
25.9257,0.076570,-1.6889,-0.064825
25.9269,0.076570,-1.8081,-0.064908
25.9282,0.076570,-1.9192,-0.064988
25.9294,0.076570,-2.0218,-0.065064
25.9307,0.076570,-2.1154,-0.065137
25.9319,-0.136391,-2.1997,-0.065205
25.9332,-0.136391,-2.2740,-0.065268
25.9344,-0.136391,-2.3382,-0.065327
25.9357,-0.136391,-2.3920,-0.065381
25.9369,-0.136391,-2.4352,-0.065429
25.9382,-0.136391,-2.4675,-0.065472
25.9394,-0.136391,-2.4888,-0.065509
25.9407,-0.136391,-2.4990,-0.065540
25.9419,0.220140,-2.4981,-0.065565
25.9432,0.220140,-2.4861,-0.065584
25.9444,0.220140,-2.4630,-0.065596
25.9457,0.220140,-2.4289,-0.065603
25.9469,0.220140,-2.3840,-0.065602
25.9482,0.220140,-2.3285,-0.065596
25.9494,0.220140,-2.2626,-0.065583
25.9507,0.220140,-2.1866,-0.065565
25.9519,0.220140,-2.1009,-0.065539
25.9532,-0.076570,-2.0055,-0.065508
25.9544,-0.076570,-1.9018,-0.065471
25.9557,-0.076570,-1.7893,-0.065428
25.9569,-0.076570,-1.6689,-0.065380
25.9582,-0.076570,-1.5410,-0.065326
25.9594,-0.076570,-1.4062,-0.065268
25.9607,-0.076570,-1.2652,-0.065204
25.9619,-0.076570,-1.1185,-0.065136
25.9665,-0.184247,-0.5364,-0.064848
25.9676,-0.184247,-0.4025,-0.064779
25.9685,-0.184247,-0.2800,-0.064714
25.9694,-0.184247,-0.1573,-0.064649
25.9703,-0.184247,-0.0342,-0.064582
25.9713,-0.184247,0.0890,-0.064514
25.9722,-0.184247,0.2117,-0.064446
25.9731,0.011964,0.3339,-0.064377
25.9740,0.011964,0.4555,-0.064307
25.9749,0.011964,0.5760,-0.064238
25.9759,0.011964,0.6949,-0.064168
25.9769,0.011964,0.8273,-0.064089
25.9782,0.011964,0.9827,-0.063994
25.9794,0.011964,1.1341,-0.063901
25.9807,0.011964,1.2800,-0.063808
25.9819,0.011964,1.4204,-0.063718
25.9832,-0.026321,1.5545,-0.063629
25.9844,-0.026321,1.6816,-0.063543
25.9857,-0.026321,1.8013,-0.063460
25.9869,-0.026321,1.9129,-0.063379
25.9882,-0.026321,2.0160,-0.063303
25.9894,-0.026321,2.1101,-0.063230
25.9907,-0.026321,2.1949,-0.063162
25.9919,-0.026321,2.2698,-0.063098
25.9932,-0.004786,2.3347,-0.063039
25.9944,-0.004786,2.3891,-0.062985
25.9957,-0.004786,2.4329,-0.062936
25.9969,-0.004786,2.4659,-0.062893
25.9982,-0.004786,2.4878,-0.062856
25.9994,-0.004786,2.4987,-0.062825
26.0007,-0.004786,2.4985,-0.062799
26.0019,-0.004786,2.4871,-0.062780
26.0032,-0.114855,2.4647,-0.062767
26.0044,-0.114855,2.4312,-0.062760
26.0057,-0.114855,2.3869,-0.062760
26.0069,-0.114855,2.3320,-0.062766
26.0082,-0.114855,2.2667,-0.062778
26.0094,-0.114855,2.1914,-0.062797
26.0107,-0.114855,2.1062,-0.062822
26.0119,-0.114855,2.0116,-0.062853
26.0132,-0.150748,1.9082,-0.062889
26.0170,-0.150748,1.5356,-0.063039
26.0180,-0.150748,1.4308,-0.063084
26.0189,-0.150748,1.3277,-0.063130
26.0199,-0.150748,1.2217,-0.063179
26.0208,-0.150748,1.1129,-0.063230
26.0217,-0.150748,1.0014,-0.063283
26.0226,-0.150748,0.8875,-0.063338
26.0235,-0.325424,0.7714,-0.063395
26.0245,-0.325424,0.6536,-0.063455
26.0257,-0.325424,0.4985,-0.063534
26.0269,-0.325424,0.3340,-0.063620
26.0282,-0.325424,0.1680,-0.063708
26.0294,-0.325424,0.0013,-0.063799
26.0307,-0.325424,-0.1659,-0.063891
26.0319,-0.325424,-0.3316,-0.063984
26.0332,-0.325424,-0.4962,-0.064079
26.0344,-0.153141,-0.6585,-0.064174
26.0357,-0.153141,-0.8179,-0.064268
26.0369,-0.153141,-0.9736,-0.064363
26.0382,-0.153141,-1.1251,-0.064457
26.0394,-0.153141,-1.2715,-0.064549
26.0407,-0.153141,-1.4123,-0.064640
26.0419,-0.153141,-1.5467,-0.064729
26.0432,-0.153141,-1.6743,-0.064815
26.0444,-0.057428,-1.7944,-0.064898
26.0457,-0.057428,-1.9066,-0.064979
26.0469,-0.057428,-2.0102,-0.065056
26.0482,-0.057428,-2.1049,-0.065128
26.0494,-0.057428,-2.1901,-0.065197
26.0507,-0.057428,-2.2657,-0.065261
26.0519,-0.057428,-2.3311,-0.065320
26.0532,-0.057428,-2.3862,-0.065375
26.0544,0.047856,-2.4306,-0.065424
26.0557,0.047856,-2.4642,-0.065467
26.0569,0.047856,-2.4869,-0.065505
26.0582,0.047856,-2.4984,-0.065536
26.0594,0.047856,-2.4988,-0.065562
26.0607,0.047856,-2.4881,-0.065582
26.0619,0.047856,-2.4663,-0.065595
26.0632,0.047856,-2.4335,-0.065602
26.0644,0.098106,-2.3898,-0.065603
26.0659,0.098106,-2.3215,-0.065595
26.0688,0.098106,-2.1507,-0.065554
26.0698,0.098106,-2.0835,-0.065534
26.0707,0.098106,-2.0129,-0.065511
26.0716,0.098106,-1.9372,-0.065484
26.0726,0.098106,-1.8571,-0.065455
26.0735,0.098106,-1.7725,-0.065422
26.0744,0.019143,-1.6835,-0.065386
26.0757,0.019143,-1.5564,-0.065333
26.0769,0.019143,-1.4225,-0.065275
26.0782,0.019143,-1.2821,-0.065212
26.0794,0.019143,-1.1359,-0.065144
26.0807,0.019143,-0.9850,-0.065072
26.0819,0.019143,-0.8295,-0.064996
26.0832,0.019143,-0.6703,-0.064917
26.0844,-0.124427,-0.5082,-0.064834
26.0857,-0.124427,-0.3438,-0.064748
26.0869,-0.124427,-0.1778,-0.064660
26.0882,-0.124427,-0.0111,-0.064569
26.0894,-0.124427,0.1566,-0.064477
26.0907,-0.124427,0.3223,-0.064384
26.0919,-0.124427,0.4866,-0.064290
26.0932,-0.124427,0.6490,-0.064195
26.0944,-0.057428,0.8086,-0.064100
26.0957,-0.057428,0.9646,-0.064005
26.0969,-0.057428,1.1163,-0.063912
26.0982,-0.057428,1.2631,-0.063819
26.0994,-0.057428,1.4043,-0.063728
26.1007,-0.057428,1.5390,-0.063639
26.1019,-0.057428,1.6670,-0.063553
26.1032,-0.057428,1.7876,-0.063469
26.1044,-0.057428,1.9001,-0.063389
26.1057,0.009571,2.0042,-0.063312
26.1069,0.009571,2.0995,-0.063239
26.1082,0.009571,2.1855,-0.063170
26.1094,0.009571,2.2616,-0.063105
26.1107,0.009571,2.3276,-0.063046
26.1119,0.009571,2.3833,-0.062991
26.1132,0.009571,2.4283,-0.062942
26.1144,0.009571,2.4626,-0.062898
26.1157,-0.028714,2.4858,-0.062860
26.1173,-0.028714,2.4997,-0.062818
26.1200,-0.028714,2.4805,-0.062775
26.1209,-0.028714,2.4616,-0.062766
26.1219,-0.028714,2.4371,-0.062761
26.1228,-0.028714,2.4066,-0.062760
26.1237,-0.028714,2.3704,-0.062761
26.1246,-0.028714,2.3284,-0.062767
26.1257,-0.129212,2.2749,-0.062777
26.1269,-0.129212,2.2008,-0.062795
26.1282,-0.129212,2.1167,-0.062819
26.1294,-0.129212,2.0233,-0.062849
26.1307,-0.129212,1.9203,-0.062885
26.1319,-0.129212,1.8096,-0.062926
26.1332,-0.129212,1.6907,-0.062974
26.1344,-0.129212,1.5641,-0.063027
26.1357,-0.184247,1.4305,-0.063084
26.1369,-0.184247,1.2906,-0.063147
26.1382,-0.184247,1.1449,-0.063215
26.1394,-0.184247,0.9940,-0.063286
26.1407,-0.184247,0.8388,-0.063362
26.1419,-0.184247,0.6798,-0.063441
26.1432,-0.184247,0.5178,-0.063524
26.1444,-0.184247,0.3535,-0.063610
26.1457,-0.210568,0.1876,-0.063698
26.1469,-0.210568,0.0209,-0.063788
26.1482,-0.210568,-0.1467,-0.063880
26.1494,-0.210568,-0.3124,-0.063974
26.1507,-0.210568,-0.4769,-0.064068
26.1519,-0.210568,-0.6397,-0.064163
26.1532,-0.210568,-0.7996,-0.064257
26.1544,-0.210568,-0.9565,-0.064352
26.1557,-0.162712,-1.1076,-0.064446
26.1569,-0.162712,-1.2544,-0.064538
26.1582,-0.162712,-1.3961,-0.064629
26.1594,-0.162712,-1.5314,-0.064718
26.1607,-0.162712,-1.6597,-0.064805
26.1619,-0.162712,-1.7807,-0.064889
26.1632,-0.162712,-1.8938,-0.064970
26.1644,-0.162712,-1.9986,-0.065047
26.1657,0.004786,-2.0947,-0.065120
26.1669,0.004786,-2.1807,-0.065189
26.1686,0.004786,-2.2812,-0.065275
26.1711,0.004786,-2.3974,-0.065386
26.1720,0.004786,-2.4302,-0.065423
26.1730,0.004786,-2.4562,-0.065456
26.1739,0.004786,-2.4762,-0.065485
26.1748,0.004786,-2.4901,-0.065512
26.1757,0.220140,-2.4980,-0.065535
26.1769,0.220140,-2.4993,-0.065559
26.1782,0.220140,-2.4899,-0.065580
26.1794,0.220140,-2.4694,-0.065594
26.1807,0.220140,-2.4379,-0.065602
26.1819,0.220140,-2.3955,-0.065603
26.1832,0.220140,-2.3425,-0.065598
26.1844,0.220140,-2.2790,-0.065587
26.1857,0.220140,-2.2054,-0.065570
26.1869,0.038285,-2.1219,-0.065546
26.1882,0.038285,-2.0290,-0.065516
26.1894,0.038285,-1.9271,-0.065481
26.1907,0.038285,-1.8166,-0.065439
26.1919,0.038285,-1.6979,-0.065392
26.1932,0.038285,-1.5717,-0.065340
26.1944,0.038285,-1.4385,-0.065282
26.1957,0.038285,-1.2990,-0.065219
26.1969,-0.177069,-1.1536,-0.065152
26.1982,-0.177069,-1.0030,-0.065081
26.1994,-0.177069,-0.8479,-0.065005
26.2007,-0.177069,-0.6892,-0.064926
26.2019,-0.177069,-0.5274,-0.064844
26.2032,-0.177069,-0.3632,-0.064758
26.2044,-0.177069,-0.1974,-0.064670
26.2057,-0.177069,-0.0307,-0.064580
26.2069,0.081356,0.1361,-0.064488
26.2082,0.081356,0.3022,-0.064395
26.2094,0.081356,0.4671,-0.064301
26.2107,0.081356,0.6300,-0.064206
26.2119,0.081356,0.7901,-0.064111
26.2132,0.081356,0.9465,-0.064016
26.2144,0.081356,1.0987,-0.063923
26.2157,0.081356,1.2461,-0.063830
26.2169,-0.227318,1.3879,-0.063739
26.2182,-0.227318,1.5235,-0.063650
26.2198,-0.227318,1.6885,-0.063538
26.2221,-0.227318,1.9030,-0.063387
26.2231,-0.227318,1.9843,-0.063327
26.2240,-0.227318,2.0571,-0.063272
26.2249,-0.227318,2.1248,-0.063219
26.2258,-0.227318,2.1870,-0.063168
26.2269,-0.035892,2.2532,-0.063113
26.2282,-0.035892,2.3203,-0.063052
26.2294,-0.035892,2.3772,-0.062997
26.2307,-0.035892,2.4236,-0.062947
26.2319,-0.035892,2.4592,-0.062903
26.2332,-0.035892,2.4837,-0.062864
26.2344,-0.035892,2.4972,-0.062832
26.2357,-0.035892,2.4995,-0.062805
26.2369,-0.126820,2.4908,-0.062784
26.2382,-0.126820,2.4709,-0.062770
26.2394,-0.126820,2.4401,-0.062761
26.2407,-0.126820,2.3983,-0.062760
26.2419,-0.126820,2.3459,-0.062764
26.2432,-0.126820,2.2830,-0.062775
26.2444,-0.126820,2.2100,-0.062792
26.2457,-0.126820,2.1271,-0.062815
26.2469,0.011964,2.0348,-0.062845
26.2482,0.011964,1.9333,-0.062880
26.2494,0.011964,1.8233,-0.062921
26.2507,0.011964,1.7051,-0.062968
26.2519,0.011964,1.5794,-0.063020
26.2532,0.011964,1.4466,-0.063077
26.2544,0.011964,1.3073,-0.063140
26.2557,0.011964,1.1623,-0.063206
26.2569,-0.215354,1.0120,-0.063278
26.2582,-0.215354,0.8573,-0.063353
26.2594,-0.215354,0.6986,-0.063432
26.2607,-0.215354,0.5371,-0.063514
26.2619,-0.215354,0.3729,-0.063599
26.2632,-0.215354,0.2072,-0.063687
26.2644,-0.215354,0.0405,-0.063777
26.2657,-0.215354,-0.1263,-0.063869
26.2669,-0.215354,-0.2926,-0.063962
26.2682,-0.076570,-0.4576,-0.064057
26.2694,-0.076570,-0.6205,-0.064151
26.2708,-0.076570,-0.8025,-0.064259
26.2734,-0.076570,-1.1252,-0.064457
26.2744,-0.076570,-1.2362,-0.064527
26.2753,-0.076570,-1.3419,-0.064594
26.2762,-0.076570,-1.4442,-0.064661
26.2772,-0.143569,-1.5429,-0.064726
26.2782,-0.143569,-1.6450,-0.064795
26.2794,-0.143569,-1.7669,-0.064879
26.2807,-0.143569,-1.8809,-0.064960
26.2819,-0.143569,-1.9866,-0.065038
26.2832,-0.143569,-2.0834,-0.065112
26.2844,-0.143569,-2.1710,-0.065181
26.2857,-0.143569,-2.2488,-0.065247
26.2869,-0.143569,-2.3167,-0.065307
26.2882,-0.038285,-2.3742,-0.065362
26.2894,-0.038285,-2.4211,-0.065413
26.2907,-0.038285,-2.4573,-0.065457
26.2919,-0.038285,-2.4825,-0.065496
26.2932,-0.038285,-2.4967,-0.065530
26.2944,-0.038285,-2.4997,-0.065557
26.2957,-0.038285,-2.4916,-0.065578
26.2969,-0.038285,-2.4724,-0.065593
26.2982,0.023928,-2.4422,-0.065601
26.2994,0.023928,-2.4010,-0.065603
26.3007,0.023928,-2.3493,-0.065599
26.3019,0.023928,-2.2870,-0.065589
26.3032,0.023928,-2.2146,-0.065572
26.3044,0.023928,-2.1323,-0.065549
26.3057,0.023928,-2.0405,-0.065520
26.3069,0.023928,-1.9395,-0.065485
26.3082,0.167498,-1.8300,-0.065444
26.3094,0.167498,-1.7123,-0.065398
26.3107,0.167498,-1.5846,-0.065345
26.3119,0.167498,-1.4540,-0.065289
26.3132,0.167498,-1.3154,-0.065227
26.3144,0.167498,-1.1706,-0.065160
26.3157,0.167498,-1.0207,-0.065089
26.3169,0.167498,-0.8656,-0.065014
26.3182,0.124427,-0.7075,-0.064935
26.3194,0.124427,-0.5462,-0.064853
26.3207,0.124427,-0.3821,-0.064768
26.3220,0.124427,-0.2021,-0.064673
26.3251,0.124427,0.2065,-0.064449
26.3260,0.124427,0.3334,-0.064377
26.3270,0.124427,0.4551,-0.064308
26.3279,0.124427,0.5762,-0.064238
26.3288,-0.619741,0.6956,-0.064167
26.3297,-0.619741,0.8130,-0.064097
26.3307,-0.619741,0.9300,-0.064027
26.3319,-0.619741,1.0811,-0.063934
26.3332,-0.619741,1.2289,-0.063841
26.3344,-0.619741,1.3714,-0.063750
26.3357,-0.619741,1.5079,-0.063660
26.3369,-0.619741,1.6375,-0.063573
26.3382,0.004786,1.7599,-0.063489
26.3394,0.004786,1.8745,-0.063407
26.3407,0.004786,1.9806,-0.063329
26.3419,0.004786,2.0780,-0.063255
26.3432,0.004786,2.1660,-0.063186
26.3444,0.004786,2.2445,-0.063120
26.3457,0.004786,2.3129,-0.063059
26.3469,0.004786,2.3711,-0.063004
26.3482,0.004786,2.4187,-0.062953
26.3494,0.196211,2.4555,-0.062908
26.3507,0.196211,2.4813,-0.062869
26.3519,0.196211,2.4961,-0.062835
26.3532,0.196211,2.4998,-0.062808
26.3544,0.196211,2.4924,-0.062786
26.3557,0.196211,2.4738,-0.062771
26.3569,0.196211,2.4443,-0.062762
26.3582,0.196211,2.4038,-0.062760
26.3594,-0.102891,2.3526,-0.062763
26.3607,-0.102891,2.2910,-0.062773
26.3619,-0.102891,2.2191,-0.062790
26.3632,-0.102891,2.1374,-0.062812
26.3644,-0.102891,2.0461,-0.062841
26.3657,-0.102891,1.9457,-0.062876
26.3669,-0.102891,1.8368,-0.062916
26.3682,-0.102891,1.7194,-0.062962
26.3694,-0.107677,1.5945,-0.063014
26.3707,-0.107677,1.4625,-0.063070
26.3719,-0.107677,1.3239,-0.063132
26.3733,-0.107677,1.1606,-0.063207
26.3773,-0.107677,0.6642,-0.063449
26.3783,-0.107677,0.5363,-0.063514
26.3792,-0.277567,0.4152,-0.063577
26.3802,-0.277567,0.2932,-0.063641
26.3811,-0.277567,0.1707,-0.063707
26.3820,-0.277567,0.0477,-0.063773
26.3829,-0.277567,-0.0754,-0.063841
26.3838,-0.277567,-0.1984,-0.063909
26.3848,-0.277567,-0.3208,-0.063978
26.3857,-0.277567,-0.4423,-0.064048
26.3869,-0.277567,-0.6017,-0.064140
26.3882,-0.277567,-0.7620,-0.064235
26.3894,-0.248854,-0.9191,-0.064330
26.3907,-0.248854,-1.0722,-0.064424
26.3919,-0.248854,-1.2205,-0.064517
26.3932,-0.248854,-1.3633,-0.064608
26.3944,-0.248854,-1.5000,-0.064698
26.3957,-0.248854,-1.6301,-0.064785
26.3969,-0.248854,-1.7529,-0.064869
26.3982,-0.248854,-1.8679,-0.064951
26.3994,-0.136391,-1.9747,-0.065029
26.4007,-0.136391,-2.0725,-0.065103
26.4019,-0.136391,-2.1611,-0.065173
26.4032,-0.136391,-2.2402,-0.065239
26.4044,-0.136391,-2.3092,-0.065300
26.4057,-0.136391,-2.3680,-0.065356
26.4069,-0.136391,-2.4162,-0.065407
26.4082,-0.136391,-2.4536,-0.065452
26.4094,0.169890,-2.4801,-0.065492
26.4107,0.169890,-2.4956,-0.065526
26.4119,0.169890,-2.4999,-0.065554
26.4132,0.169890,-2.4932,-0.065576
26.4144,0.169890,-2.4753,-0.065591
26.4157,0.169890,-2.4463,-0.065600
26.4169,0.169890,-2.4064,-0.065603
26.4182,0.169890,-2.3559,-0.065600
26.4194,0.021535,-2.2949,-0.065590
26.4207,0.021535,-2.2236,-0.065574
26.4219,0.021535,-2.1424,-0.065552
26.4232,0.021535,-2.0517,-0.065524
26.4244,0.021535,-1.9518,-0.065489
26.4257,0.021535,-1.8433,-0.065449
26.4269,0.021535,-1.7264,-0.065404
26.4295,0.021535,-1.4602,-0.065291
26.4304,0.303888,-1.3554,-0.065245
26.4314,0.303888,-1.2468,-0.065196
26.4323,0.303888,-1.1372,-0.065145
26.4333,0.303888,-1.0261,-0.065092
26.4344,0.303888,-0.8847,-0.065023
26.4357,0.303888,-0.7268,-0.064945
26.4369,0.303888,-0.5657,-0.064863
26.4382,0.303888,-0.4020,-0.064779
26.4394,0.303888,-0.2364,-0.064691
26.4407,-0.313460,-0.0700,-0.064602
26.4419,-0.313460,0.0969,-0.064510
26.4432,-0.313460,0.2633,-0.064417
26.4444,-0.313460,0.4286,-0.064323
26.4457,-0.313460,0.5919,-0.064228
26.4469,-0.313460,0.7526,-0.064133
26.4482,-0.313460,0.9100,-0.064039
26.4494,-0.313460,1.0633,-0.063945
26.4507,-0.076570,1.2119,-0.063852
26.4519,-0.076570,1.3550,-0.063760
26.4532,-0.076570,1.4922,-0.063670
26.4544,-0.076570,1.6226,-0.063583
26.4557,-0.076570,1.7459,-0.063498
26.4569,-0.076570,1.8614,-0.063417
26.4582,-0.076570,1.9686,-0.063338
26.4594,-0.076570,2.0671,-0.063264
26.4607,-0.141177,2.1562,-0.063193
26.4619,-0.141177,2.2358,-0.063127
26.4632,-0.141177,2.3054,-0.063066
26.4644,-0.141177,2.3648,-0.063010
26.4657,-0.141177,2.4136,-0.062959
26.4669,-0.141177,2.4517,-0.062913
26.4682,-0.141177,2.4789,-0.062873
26.4694,-0.141177,2.4950,-0.062839
26.4707,0.114855,2.5000,-0.062810
26.4719,0.114855,2.4938,-0.062788
26.4732,0.114855,2.4766,-0.062772
26.4744,0.114855,2.4483,-0.062763
26.4757,0.114855,2.4091,-0.062760
26.4769,0.114855,2.3590,-0.062763
26.4802,0.114855,2.1781,-0.062801
26.4812,-0.083749,2.1109,-0.062820
26.4821,-0.083749,2.0423,-0.062842
26.4830,-0.083749,1.9688,-0.062867
26.4839,-0.083749,1.8906,-0.062896
26.4849,-0.083749,1.8079,-0.062927
26.4858,-0.083749,1.7207,-0.062962
26.4869,-0.083749,1.6095,-0.063007
26.4882,-0.083749,1.4784,-0.063063
26.4894,-0.083749,1.3406,-0.063125
26.4907,-0.157926,1.1969,-0.063190
26.4919,-0.157926,1.0478,-0.063261
26.4932,-0.157926,0.8940,-0.063335
26.4944,-0.157926,0.7363,-0.063413
26.4957,-0.157926,0.5754,-0.063494
26.4969,-0.157926,0.4117,-0.063579
26.4982,-0.157926,0.2463,-0.063666
26.4994,-0.157926,0.0797,-0.063756
26.5007,-0.157926,-0.0871,-0.063847
26.5019,-0.153141,-0.2536,-0.063940
26.5032,-0.153141,-0.4189,-0.064034
26.5044,-0.153141,-0.5824,-0.064129
26.5057,-0.153141,-0.7433,-0.064224
26.5069,-0.153141,-0.9008,-0.064319
26.5082,-0.153141,-1.0544,-0.064413
26.5094,-0.153141,-1.2033,-0.064506
26.5107,-0.153141,-1.3468,-0.064597
26.5119,-0.344566,-1.4843,-0.064687
26.5132,-0.344566,-1.6152,-0.064775
26.5144,-0.344566,-1.7389,-0.064860
26.5157,-0.344566,-1.8548,-0.064941
26.5169,-0.344566,-1.9625,-0.065020
26.5182,-0.344566,-2.0614,-0.065095
26.5194,-0.344566,-2.1512,-0.065165
26.5207,-0.344566,-2.2314,-0.065232
26.5219,-0.026321,-2.3016,-0.065293
26.5232,-0.026321,-2.3616,-0.065350
26.5244,-0.026321,-2.4111,-0.065401
26.5257,-0.026321,-2.4498,-0.065447
26.5269,-0.026321,-2.4776,-0.065488
26.5282,-0.026321,-2.4943,-0.065522
26.5310,-0.026321,-2.4912,-0.065578
26.5320,0.026321,-2.4765,-0.065590
26.5329,0.026321,-2.4566,-0.065598
26.5338,0.026321,-2.4307,-0.065602
26.5348,0.026321,-2.3990,-0.065603
26.5357,0.026321,-2.3614,-0.065601
26.5369,0.026321,-2.3026,-0.065592
26.5382,0.026321,-2.2325,-0.065576
26.5394,0.026321,-2.1524,-0.065555
26.5407,0.026321,-2.0629,-0.065527
26.5419,0.205783,-1.9641,-0.065494
26.5432,0.205783,-1.8565,-0.065454
26.5444,0.205783,-1.7407,-0.065409
26.5457,0.205783,-1.6171,-0.065359
26.5469,0.205783,-1.4863,-0.065303
26.5482,0.205783,-1.3489,-0.065242
26.5494,0.205783,-1.2055,-0.065177
26.5507,0.205783,-1.0567,-0.065107
26.5519,0.062213,-0.9032,-0.065032
26.5532,0.062213,-0.7457,-0.064955
26.5544,0.062213,-0.5848,-0.064873
26.5557,0.062213,-0.4214,-0.064789
26.5569,0.062213,-0.2561,-0.064702
26.5582,0.062213,-0.0896,-0.064612
26.5594,0.062213,0.0773,-0.064521
26.5607,0.062213,0.2438,-0.064428
26.5619,-0.258425,0.4092,-0.064334
26.5632,-0.258425,0.5728,-0.064239
26.5644,-0.258425,0.7339,-0.064145
26.5657,-0.258425,0.8917,-0.064050
26.5669,-0.258425,1.0455,-0.063956
26.5682,-0.258425,1.1947,-0.063863
26.5694,-0.258425,1.3384,-0.063771
26.5707,-0.258425,1.4763,-0.063681
26.5719,-0.083749,1.6077,-0.063593
26.5732,-0.083749,1.7318,-0.063508
26.5744,-0.083749,1.8483,-0.063426
26.5757,-0.083749,1.9564,-0.063347
26.5769,-0.083749,2.0559,-0.063272
26.5782,-0.083749,2.1462,-0.063202
26.5794,-0.083749,2.2270,-0.063135
26.5824,0.000000,2.3804,-0.062994
26.5834,0.000000,2.4161,-0.062956
26.5843,0.000000,2.4448,-0.062922
26.5852,0.000000,2.4676,-0.062891
26.5861,0.000000,2.4843,-0.062863
26.5871,0.000000,2.4951,-0.062839
26.5882,0.000000,2.5000,-0.062813
26.5894,0.000000,2.4951,-0.062791
26.5907,0.000000,2.4792,-0.062774
26.5919,0.000000,2.4522,-0.062764
26.5932,0.038285,2.4143,-0.062760
26.5944,0.038285,2.3656,-0.062762
26.5957,0.038285,2.3064,-0.062770
26.5969,0.038285,2.2369,-0.062785
26.5982,0.038285,2.1575,-0.062806
26.5994,0.038285,2.0683,-0.062834
26.6007,0.038285,1.9701,-0.062867
26.6019,0.038285,1.8631,-0.062906
26.6032,-0.124427,1.7477,-0.062951
26.6044,-0.124427,1.6246,-0.063001
26.6057,-0.124427,1.4942,-0.063057
26.6069,-0.124427,1.3572,-0.063117
26.6082,-0.124427,1.2141,-0.063182
26.6094,-0.124427,1.0656,-0.063252
26.6107,-0.124427,0.9123,-0.063326
26.6119,-0.124427,0.7550,-0.063404
26.6132,-0.217747,0.5944,-0.063485
26.6144,-0.217747,0.4311,-0.063569
26.6157,-0.217747,0.2658,-0.063656
26.6169,-0.217747,0.0994,-0.063745
26.6182,-0.217747,-0.0675,-0.063837
26.6194,-0.217747,-0.2341,-0.063929
26.6207,-0.217747,-0.3994,-0.064023
26.6219,-0.217747,-0.5633,-0.064118
26.6232,-0.143569,-0.7245,-0.064213
26.6244,-0.143569,-0.8826,-0.064308
26.6257,-0.143569,-1.0367,-0.064402
26.6269,-0.143569,-1.1861,-0.064495
26.6282,-0.143569,-1.3302,-0.064587
26.6294,-0.143569,-1.4685,-0.064677
26.6310,-0.143569,-1.6389,-0.064791
26.6338,0.181855,-1.8977,-0.064972
26.6348,0.181855,-1.9796,-0.065033
26.6357,0.181855,-2.0527,-0.065088
26.6366,0.181855,-2.1205,-0.065141
26.6375,0.181855,-2.1832,-0.065191
26.6385,0.181855,-2.2405,-0.065239
26.6394,0.181855,-2.2940,-0.065286
26.6407,0.181855,-2.3551,-0.065343
26.6419,0.181855,-2.4058,-0.065396
26.6432,-0.473779,-2.4458,-0.065442
26.6444,-0.473779,-2.4749,-0.065483
26.6457,-0.473779,-2.4930,-0.065518
26.6469,-0.473779,-2.4999,-0.065548
26.6482,-0.473779,-2.4957,-0.065571
26.6494,-0.473779,-2.4804,-0.065588
26.6507,-0.473779,-2.4541,-0.065599
26.6519,-0.473779,-2.4168,-0.065603
26.6532,-0.019143,-2.3688,-0.065601
26.6544,-0.019143,-2.3102,-0.065593
26.6557,-0.019143,-2.2413,-0.065579
26.6569,-0.019143,-2.1624,-0.065558
26.6582,-0.019143,-2.0739,-0.065531
26.6594,-0.019143,-1.9762,-0.065498
26.6607,-0.019143,-1.8696,-0.065459
26.6619,-0.019143,-1.7547,-0.065415
26.6632,-0.019143,-1.6320,-0.065365
26.6644,-0.172283,-1.5015,-0.065309
26.6657,-0.172283,-1.3649,-0.065249
26.6669,-0.172283,-1.2226,-0.065184
26.6682,-0.172283,-1.0744,-0.065115
26.6694,-0.172283,-0.9215,-0.065041
26.6707,-0.172283,-0.7644,-0.064964
26.6719,-0.172283,-0.6040,-0.064883
26.6732,-0.172283,-0.4407,-0.064799
26.6744,0.251246,-0.2755,-0.064712
26.6757,0.251246,-0.1092,-0.064623
26.6769,0.251246,0.0577,-0.064532
26.6782,0.251246,0.2243,-0.064439
26.6794,0.251246,0.3899,-0.064345
26.6807,0.251246,0.5537,-0.064251
26.6823,0.251246,0.7682,-0.064124
26.6854,0.162712,1.1424,-0.063895
26.6863,0.162712,1.2542,-0.063825
26.6872,0.162712,1.3597,-0.063757
26.6882,0.162712,1.4612,-0.063691
26.6891,0.162712,1.5594,-0.063626
26.6900,0.162712,1.6537,-0.063562
26.6909,0.162712,1.7439,-0.063500
26.6919,0.162712,1.8350,-0.063436
26.6932,0.162712,1.9441,-0.063357
26.6944,-0.090927,2.0446,-0.063281
26.6957,-0.090927,2.1361,-0.063210
26.6969,-0.090927,2.2179,-0.063143
26.6982,-0.090927,2.2900,-0.063080
26.6994,-0.090927,2.3518,-0.063023
26.7007,-0.090927,2.4031,-0.062970
26.7019,-0.090927,2.4437,-0.062923
26.7032,-0.090927,2.4735,-0.062882
26.7044,-0.244068,2.4922,-0.062846
26.7057,-0.244068,2.4998,-0.062817
26.7069,-0.244068,2.4963,-0.062793
26.7082,-0.244068,2.4817,-0.062776
26.7094,-0.244068,2.4560,-0.062765
26.7107,-0.244068,2.4193,-0.062760
26.7119,-0.244068,2.3719,-0.062761
26.7132,-0.244068,2.3139,-0.062769
26.7144,-0.035892,2.2456,-0.062783
26.7157,-0.035892,2.1673,-0.062804
26.7169,-0.035892,2.0794,-0.062830
26.7182,-0.035892,1.9822,-0.062863
26.7194,-0.035892,1.8760,-0.062901
26.7207,-0.035892,1.7614,-0.062945
26.7219,-0.035892,1.6395,-0.062995
26.7232,-0.035892,1.5100,-0.063050
26.7244,-0.179462,1.3737,-0.063110
26.7257,-0.179462,1.2313,-0.063174
26.7269,-0.179462,1.0834,-0.063244
26.7282,-0.179462,0.9307,-0.063317
26.7294,-0.179462,0.7739,-0.063394
26.7307,-0.179462,0.6135,-0.063475
26.7319,-0.179462,0.4502,-0.063559
26.7335,-0.179462,0.2387,-0.063670
26.7366,-0.102891,-0.1692,-0.063893
26.7375,-0.102891,-0.2979,-0.063965
26.7385,-0.102891,-0.4196,-0.064035
26.7394,-0.102891,-0.5407,-0.064105
26.7403,-0.102891,-0.6604,-0.064175
26.7412,-0.102891,-0.7780,-0.064245
26.7421,-0.102891,-0.8937,-0.064314
26.7432,-0.102891,-1.0187,-0.064391
26.7444,-0.102891,-1.1686,-0.064484
26.7457,0.050249,-1.3134,-0.064576
26.7469,0.050249,-1.4524,-0.064666
26.7482,0.050249,-1.5850,-0.064754
26.7494,0.050249,-1.7104,-0.064840
26.7507,0.050249,-1.8282,-0.064922
26.7519,0.050249,-1.9380,-0.065002
26.7532,0.050249,-2.0390,-0.065077
26.7544,0.050249,-2.1309,-0.065149
26.7557,-0.287139,-2.2134,-0.065216
26.7569,-0.287139,-2.2860,-0.065279
26.7582,-0.287139,-2.3484,-0.065337
26.7594,-0.287139,-2.4004,-0.065390
26.7607,-0.287139,-2.4416,-0.065437
26.7619,-0.287139,-2.4720,-0.065479
26.7632,-0.287139,-2.4914,-0.065515
26.7644,-0.287139,-2.4997,-0.065545
26.7657,-0.165105,-2.4968,-0.065569
26.7669,-0.165105,-2.4828,-0.065586
26.7682,-0.165105,-2.4578,-0.065598
26.7694,-0.165105,-2.4218,-0.065603
26.7707,-0.165105,-2.3750,-0.065602
26.7719,-0.165105,-2.3177,-0.065594
26.7732,-0.165105,-2.2500,-0.065581
26.7744,-0.165105,-2.1723,-0.065561
26.7757,0.011964,-2.0848,-0.065534
26.7769,0.011964,-1.9881,-0.065502
26.7782,0.011964,-1.8826,-0.065464
26.7794,0.011964,-1.7686,-0.065420
26.7807,0.011964,-1.6468,-0.065371
26.7819,0.011964,-1.5177,-0.065316
26.7832,0.011964,-1.3817,-0.065257
26.7844,0.011964,-1.2397,-0.065192
26.7880,0.086142,-0.8052,-0.064984
26.7890,0.086142,-0.6799,-0.064922
26.7899,0.086142,-0.5604,-0.064861
26.7908,0.086142,-0.4398,-0.064798
26.7917,0.086142,-0.3180,-0.064735
26.7927,0.086142,-0.1956,-0.064669
26.7936,0.086142,-0.0726,-0.064603
26.7945,0.086142,0.0504,-0.064536
26.7957,0.004786,0.2048,-0.064450
26.7969,0.004786,0.3704,-0.064356
26.7982,0.004786,0.5346,-0.064262
26.7994,0.004786,0.6963,-0.064167
26.8007,0.004786,0.8549,-0.064072
26.8019,0.004786,1.0097,-0.063978
26.8032,0.004786,1.1600,-0.063884
26.8044,0.004786,1.3052,-0.063792
26.8057,0.078963,1.4445,-0.063702
26.8069,0.078963,1.5774,-0.063614
26.8082,0.078963,1.7033,-0.063528
26.8094,0.078963,1.8216,-0.063445
26.8107,0.078963,1.9317,-0.063366
26.8119,0.078963,2.0333,-0.063290
26.8132,0.078963,2.1258,-0.063218
26.8144,0.078963,2.2088,-0.063150
26.8157,-0.062213,2.2820,-0.063087
26.8169,-0.062213,2.3450,-0.063029
26.8182,-0.062213,2.3976,-0.062976
26.8194,-0.062213,2.4395,-0.062928
26.8207,-0.062213,2.4706,-0.062886
26.8219,-0.062213,2.4906,-0.062850
26.8232,-0.062213,2.4995,-0.062820
26.8244,-0.062213,2.4973,-0.062796
26.8257,-0.062213,2.4840,-0.062777
26.8269,-0.131605,2.4595,-0.062766
26.8282,-0.131605,2.4242,-0.062760
26.8294,-0.131605,2.3780,-0.062761
26.8307,-0.131605,2.3212,-0.062768
26.8319,-0.131605,2.2541,-0.062781
26.8332,-0.131605,2.1770,-0.062801
26.8344,-0.131605,2.0902,-0.062827
26.8357,-0.131605,1.9940,-0.062859
26.8390,-0.009571,1.6919,-0.062973
26.8400,-0.009571,1.5946,-0.063014
26.8409,-0.009571,1.4975,-0.063055
26.8418,-0.009571,1.3970,-0.063099
26.8428,-0.009571,1.2932,-0.063146
26.8437,-0.009571,1.1864,-0.063195
26.8446,-0.009571,1.0767,-0.063247
26.8457,-0.009571,0.9487,-0.063308
26.8469,-0.277567,0.7924,-0.063385
26.8482,-0.277567,0.6324,-0.063465
26.8494,-0.277567,0.4697,-0.063549
26.8507,-0.277567,0.3048,-0.063635
26.8519,-0.277567,0.1386,-0.063724
26.8532,-0.277567,-0.0282,-0.063815
26.8544,-0.277567,-0.1949,-0.063907
26.8557,-0.277567,-0.3607,-0.064001
26.8569,-0.066999,-0.5250,-0.064095
26.8582,-0.066999,-0.6868,-0.064190
26.8594,-0.066999,-0.8458,-0.064285
26.8607,-0.066999,-1.0007,-0.064380
26.8619,-0.066999,-1.1513,-0.064473
26.8632,-0.066999,-1.2968,-0.064565
26.8644,-0.066999,-1.4365,-0.064656
26.8657,-0.066999,-1.5698,-0.064744
26.8669,-0.007178,-1.6961,-0.064830
26.8682,-0.007178,-1.8148,-0.064913
26.8694,-0.007178,-1.9255,-0.064993
26.8707,-0.007178,-2.0276,-0.065069
26.8719,-0.007178,-2.1206,-0.065141
26.8732,-0.007178,-2.2042,-0.065209
26.8744,-0.007178,-2.2780,-0.065272
26.8757,-0.007178,-2.3416,-0.065330
26.8769,-0.287139,-2.3948,-0.065384
26.8782,-0.287139,-2.4373,-0.065432
26.8794,-0.287139,-2.4690,-0.065474
26.8807,-0.287139,-2.4897,-0.065511
26.8819,-0.287139,-2.4993,-0.065541
26.8832,-0.287139,-2.4977,-0.065566
26.8844,-0.287139,-2.4850,-0.065585
26.8857,-0.287139,-2.4613,-0.065597
26.8869,-0.114855,-2.4266,-0.065603
26.8911,-0.114855,-2.2333,-0.065577
26.8921,-0.114855,-2.1670,-0.065559
26.8931,-0.114855,-2.1027,-0.065540
26.8940,-0.114855,-2.0337,-0.065518
26.8949,-0.114855,-1.9597,-0.065492
26.8958,-0.114855,-1.8809,-0.065464
26.8967,-0.114855,-1.7978,-0.065432
26.8977,0.095713,-1.7102,-0.065397
26.8986,0.095713,-1.6184,-0.065359
26.8995,0.095713,-1.5228,-0.065319
26.9007,0.095713,-1.3980,-0.065264
26.9019,0.095713,-1.2567,-0.065200
26.9032,0.095713,-1.1098,-0.065132
26.9044,0.095713,-0.9579,-0.065059
26.9057,0.095713,-0.8017,-0.064982
26.9069,0.095713,-0.6419,-0.064902
26.9082,0.069392,-0.4793,-0.064819
26.9094,0.069392,-0.3146,-0.064733
26.9107,0.069392,-0.1484,-0.064644
26.9119,0.069392,0.0184,-0.064553
26.9132,0.069392,0.1851,-0.064461
26.9144,0.069392,0.3510,-0.064367
26.9157,0.069392,0.5154,-0.064273
26.9169,0.069392,0.6773,-0.064178
26.9182,-0.074178,0.8364,-0.064083
26.9194,-0.074178,0.9919,-0.063989
26.9207,-0.074178,1.1426,-0.063895
26.9219,-0.074178,1.2884,-0.063803
26.9232,-0.074178,1.4284,-0.063712
26.9244,-0.074178,1.5621,-0.063624
26.9257,-0.074178,1.6889,-0.063538
26.9269,-0.074178,1.8080,-0.063455
26.9282,0.184247,1.9192,-0.063375
26.9294,0.184247,2.0218,-0.063298
26.9307,0.184247,2.1155,-0.063226
26.9319,0.184247,2.1996,-0.063158
26.9332,0.184247,2.2740,-0.063094
26.9344,0.184247,2.3382,-0.063036
26.9357,0.184247,2.3920,-0.062982
26.9369,0.184247,2.4352,-0.062934
26.9382,-0.186640,2.4675,-0.062891
26.9413,-0.186640,2.5000,-0.062810
26.9422,-0.186640,2.4960,-0.062792
26.9432,-0.186640,2.4861,-0.062779
26.9441,-0.186640,2.4697,-0.062769
26.9450,-0.186640,2.4476,-0.062763
26.9459,-0.186640,2.4196,-0.062760
26.9469,-0.186640,2.3840,-0.062760
26.9482,-0.076570,2.3285,-0.062767
26.9494,-0.076570,2.2626,-0.062779
26.9507,-0.076570,2.1866,-0.062798
26.9519,-0.076570,2.1009,-0.062823
26.9532,-0.076570,2.0059,-0.062855
26.9544,-0.076570,1.9018,-0.062892
26.9557,-0.076570,1.7894,-0.062934
26.9569,-0.076570,1.6689,-0.062983
26.9582,-0.172283,1.5410,-0.063036
26.9594,-0.172283,1.4061,-0.063095
26.9607,-0.172283,1.2652,-0.063159
26.9619,-0.172283,1.1186,-0.063227
26.9632,-0.172283,0.9669,-0.063299
26.9644,-0.172283,0.8109,-0.063376
26.9657,-0.172283,0.6514,-0.063456
26.9669,-0.172283,0.4890,-0.063539
26.9682,-0.069392,0.3243,-0.063625
26.9694,-0.069392,0.1582,-0.063713
26.9707,-0.069392,-0.0086,-0.063804
26.9719,-0.069392,-0.1753,-0.063896
26.9732,-0.069392,-0.3413,-0.063990
26.9744,-0.069392,-0.5057,-0.064084
26.9757,-0.069392,-0.6679,-0.064179
26.9769,-0.069392,-0.8271,-0.064274
26.9782,-0.069392,-0.9827,-0.064369
26.9794,-0.155533,-1.1359,-0.064463
26.9807,-0.155533,-1.2801,-0.064555
26.9819,-0.155533,-1.4204,-0.064645
26.9832,-0.155533,-1.5545,-0.064734
26.9844,-0.155533,-1.6816,-0.064820
26.9857,-0.155533,-1.8013,-0.064903
26.9869,-0.155533,-1.9129,-0.064983
26.9882,-0.155533,-2.0160,-0.065060
26.9898,-0.038285,-2.1375,-0.065154
26.9925,-0.038285,-2.3033,-0.065295
26.9935,-0.038285,-2.3494,-0.065338
26.9944,-0.038285,-2.3886,-0.065377
26.9953,-0.038285,-2.4221,-0.065414
26.9962,-0.038285,-2.4496,-0.065447
26.9972,-0.038285,-2.4712,-0.065477
26.9982,-0.038285,-2.4878,-0.065507
26.9994,-0.296710,-2.4987,-0.065538
27.0007,-0.296710,-2.4985,-0.065563
27.0019,-0.296710,-2.4871,-0.065583
27.0032,-0.296710,-2.4647,-0.065596
27.0044,-0.296710,-2.4312,-0.065602
27.0057,-0.296710,-2.3870,-0.065603
27.0069,-0.296710,-2.3320,-0.065597
27.0082,-0.296710,-2.2668,-0.065584
27.0094,0.011964,-2.1914,-0.065566
27.0107,0.011964,-2.1062,-0.065541
27.0119,0.011964,-2.0117,-0.065510
27.0132,0.011964,-1.9082,-0.065474
27.0144,0.011964,-1.7962,-0.065431
27.0157,0.011964,-1.6762,-0.065383
27.0169,0.011964,-1.5487,-0.065330
27.0182,0.011964,-1.4144,-0.065271
27.0194,-0.031107,-1.2737,-0.065208
27.0207,-0.031107,-1.1274,-0.065140
27.0219,-0.031107,-0.9760,-0.065068
27.0232,-0.031107,-0.8203,-0.064992
27.0244,-0.031107,-0.6609,-0.064912
27.0257,-0.031107,-0.4986,-0.064829
27.0269,-0.031107,-0.3341,-0.064743
27.0282,-0.031107,-0.1681,-0.064655
27.0294,0.229711,-0.0013,-0.064564
27.0307,0.229711,0.1657,-0.064472
27.0319,0.229711,0.3316,-0.064378
27.0332,0.229711,0.4963,-0.064284
27.0344,0.229711,0.6585,-0.064189
27.0357,0.229711,0.8179,-0.064094
27.0369,0.229711,0.9737,-0.064000
27.0382,0.229711,1.1251,-0.063906
27.0394,-0.119641,1.2715,-0.063814
27.0409,-0.119641,1.4413,-0.063704
27.0440,-0.119641,1.7547,-0.063492
27.0449,-0.119641,1.8430,-0.063430
27.0459,-0.119641,1.9240,-0.063371
27.0468,-0.119641,2.0003,-0.063315
27.0477,-0.119641,2.0719,-0.063260
27.0486,-0.119641,2.1381,-0.063208
27.0495,0.212961,2.1993,-0.063158
27.0507,0.212961,2.2657,-0.063102
27.0519,0.212961,2.3312,-0.063042
27.0532,0.212961,2.3862,-0.062988
27.0544,0.212961,2.4306,-0.062939
27.0557,0.212961,2.4642,-0.062896
27.0569,0.212961,2.4868,-0.062858
27.0582,0.212961,2.4984,-0.062826
27.0594,0.212961,2.4988,-0.062801
27.0607,-0.256032,2.4881,-0.062781
27.0619,-0.256032,2.4663,-0.062768
27.0632,-0.256032,2.4335,-0.062761
27.0644,-0.256032,2.3898,-0.062760
27.0657,-0.256032,2.3356,-0.062766
27.0669,-0.256032,2.2709,-0.062778
27.0682,-0.256032,2.1961,-0.062796
27.0694,-0.256032,2.1115,-0.062820
27.0707,-0.019143,2.0175,-0.062851
27.0719,-0.019143,1.9145,-0.062887
27.0732,-0.019143,1.8030,-0.062929
27.0744,-0.019143,1.6835,-0.062977
27.0757,-0.019143,1.5564,-0.063030
27.0769,-0.019143,1.4224,-0.063088
27.0782,-0.019143,1.2821,-0.063151
27.0794,-0.019143,1.1360,-0.063219
27.0807,-0.205783,0.9851,-0.063291
27.0819,-0.205783,0.8289,-0.063367
27.0832,-0.205783,0.6703,-0.063446
27.0844,-0.205783,0.5082,-0.063529
27.0857,-0.205783,0.3437,-0.063615
27.0869,-0.205783,0.1778,-0.063703
27.0882,-0.205783,0.0109,-0.063793
27.0894,-0.205783,-0.1563,-0.063886
27.0907,-0.086142,-0.3235,-0.063980
27.0923,-0.086142,-0.5364,-0.064102
27.0953,-0.086142,-0.9168,-0.064328
27.0962,-0.086142,-1.0338,-0.064400
27.0971,-0.086142,-1.1449,-0.064469
27.0981,-0.086142,-1.2530,-0.064537
27.0990,-0.086142,-1.3579,-0.064605
27.0999,-0.086142,-1.4596,-0.064671
27.1008,-0.160319,-1.5577,-0.064736
27.1019,-0.160319,-1.6671,-0.064810
27.1032,-0.160319,-1.7876,-0.064894
27.1044,-0.160319,-1.9002,-0.064974
27.1057,-0.160319,-2.0044,-0.065051
27.1069,-0.160319,-2.0996,-0.065124
27.1082,-0.160319,-2.1854,-0.065193
27.1094,-0.160319,-2.2615,-0.065258
27.1107,-0.031107,-2.3276,-0.065317
27.1119,-0.031107,-2.3833,-0.065372
27.1132,-0.031107,-2.4283,-0.065421
27.1144,-0.031107,-2.4626,-0.065465
27.1157,-0.031107,-2.4858,-0.065503
27.1169,-0.031107,-2.4980,-0.065535
27.1182,-0.031107,-2.4991,-0.065561
27.1194,-0.031107,-2.4890,-0.065581
27.1207,-0.210568,-2.4679,-0.065594
27.1219,-0.210568,-2.4357,-0.065602
27.1232,-0.210568,-2.3927,-0.065603
27.1244,-0.210568,-2.3390,-0.065598
27.1257,-0.210568,-2.2750,-0.065586
27.1269,-0.210568,-2.2008,-0.065568
27.1282,-0.210568,-2.1167,-0.065544
27.1294,-0.210568,-2.0233,-0.065514
27.1307,-0.124427,-1.9208,-0.065478
27.1319,-0.124427,-1.8099,-0.065436
27.1332,-0.124427,-1.6908,-0.065389
27.1344,-0.124427,-1.5641,-0.065336
27.1357,-0.124427,-1.4305,-0.065278
27.1369,-0.124427,-1.2905,-0.065216
27.1382,-0.124427,-1.1448,-0.065148
27.1394,-0.124427,-0.9940,-0.065077
27.1407,-0.124427,-0.8387,-0.065001
27.1419,0.133998,-0.6798,-0.064921
27.1432,0.133998,-0.5178,-0.064839
27.1465,0.133998,-0.0796,-0.064607
27.1474,0.133998,0.0506,-0.064536
27.1484,0.133998,0.1749,-0.064467
27.1493,0.133998,0.2979,-0.064397
27.1502,0.133998,0.4197,-0.064328
27.1511,0.177069,0.5403,-0.064258
27.1521,0.177069,0.6628,-0.064187
27.1532,0.177069,0.7994,-0.064105
27.1544,0.177069,0.9555,-0.064011
27.1557,0.177069,1.1074,-0.063917
27.1569,0.177069,1.2544,-0.063825
27.1582,0.177069,1.3959,-0.063734
27.1594,0.177069,1.5313,-0.063644
27.1607,0.177069,1.6597,-0.063558
27.1619,-0.076570,1.7807,-0.063474
27.1632,-0.076570,1.8938,-0.063393
27.1644,-0.076570,1.9985,-0.063316
27.1657,-0.076570,2.0947,-0.063242
27.1669,-0.076570,2.1807,-0.063174
27.1682,-0.076570,2.2573,-0.063109
27.1694,-0.076570,2.3240,-0.063049
27.1707,-0.076570,2.3803,-0.062994
27.1719,-0.102891,2.4260,-0.062945
27.1732,-0.102891,2.4608,-0.062901
27.1744,-0.102891,2.4848,-0.062862
27.1757,-0.102891,2.4976,-0.062830
27.1769,-0.102891,2.4993,-0.062803
27.1782,-0.102891,2.4899,-0.062783
27.1794,-0.102891,2.4694,-0.062769
27.1807,-0.102891,2.4379,-0.062761
27.1819,-0.038285,2.3955,-0.062760
27.1832,-0.038285,2.3425,-0.062765
27.1844,-0.038285,2.2791,-0.062776
27.1857,-0.038285,2.2054,-0.062793
27.1869,-0.038285,2.1220,-0.062817
27.1882,-0.038285,2.0290,-0.062847
27.1894,-0.038285,1.9271,-0.062882
27.1907,-0.038285,1.8165,-0.062924
27.1919,-0.136391,1.6979,-0.062971
27.1932,-0.136391,1.5717,-0.063023
27.1944,-0.136391,1.4385,-0.063081
27.1974,-0.136391,1.0890,-0.063241
27.1984,-0.136391,0.9714,-0.063297
27.1993,-0.136391,0.8563,-0.063353
27.2003,-0.136391,0.7400,-0.063411
27.2012,-0.136391,0.6216,-0.063471
27.2021,-0.186640,0.5018,-0.063532
27.2032,-0.186640,0.3632,-0.063604
27.2044,-0.186640,0.1974,-0.063692
27.2057,-0.186640,0.0307,-0.063783
27.2069,-0.186640,-0.1361,-0.063875
27.2082,-0.186640,-0.3023,-0.063968
27.2094,-0.186640,-0.4672,-0.064062
27.2107,-0.186640,-0.6300,-0.064157
27.2119,-0.107677,-0.7900,-0.064252
27.2132,-0.107677,-0.9465,-0.064346
27.2144,-0.107677,-1.0987,-0.064440
27.2157,-0.107677,-1.2461,-0.064533
27.2169,-0.107677,-1.3879,-0.064624
27.2182,-0.107677,-1.5235,-0.064713
27.2194,-0.107677,-1.6525,-0.064800
27.2207,-0.107677,-1.7738,-0.064884
27.2219,-0.107677,-1.8874,-0.064965
27.2232,-0.093320,-1.9925,-0.065042
27.2244,-0.093320,-2.0888,-0.065116
27.2257,-0.093320,-2.1758,-0.065185
27.2269,-0.093320,-2.2531,-0.065250
27.2282,-0.093320,-2.3203,-0.065310
27.2294,-0.093320,-2.3772,-0.065365
27.2307,-0.093320,-2.4235,-0.065415
27.2319,-0.093320,-2.4591,-0.065460
27.2332,-0.119641,-2.4837,-0.065498
27.2344,-0.119641,-2.4972,-0.065531
27.2357,-0.119641,-2.4995,-0.065558
27.2369,-0.119641,-2.4908,-0.065579
27.2382,-0.119641,-2.4709,-0.065593
27.2394,-0.119641,-2.4401,-0.065601
27.2407,-0.119641,-2.3983,-0.065603
27.2419,-0.119641,-2.3459,-0.065599
27.2432,-0.124427,-2.2830,-0.065588
27.2444,-0.124427,-2.2100,-0.065571
27.2457,-0.124427,-2.1271,-0.065547
27.2484,-0.124427,-1.9155,-0.065476
27.2493,-0.124427,-1.8312,-0.065445
27.2502,-0.124427,-1.7451,-0.065411
27.2512,-0.124427,-1.6548,-0.065374
27.2521,-0.124427,-1.5591,-0.065334
27.2532,0.133998,-1.4465,-0.065285
27.2544,0.133998,-1.3073,-0.065223
27.2557,0.133998,-1.1622,-0.065156
27.2569,0.133998,-1.0120,-0.065085
27.2582,0.133998,-0.8573,-0.065010
27.2594,0.133998,-0.6987,-0.064931
27.2607,0.133998,-0.5370,-0.064849
27.2619,0.133998,-0.3729,-0.064763
27.2632,-0.071785,-0.2072,-0.064676
27.2644,-0.071785,-0.0405,-0.064586
27.2657,-0.071785,0.1263,-0.064494
27.2669,-0.071785,0.2926,-0.064401
27.2682,-0.071785,0.4576,-0.064306
27.2694,-0.071785,0.6205,-0.064212
27.2707,-0.071785,0.7807,-0.064117
27.2719,-0.071785,0.9374,-0.064022
27.2732,0.165105,1.0899,-0.063928
27.2744,0.165105,1.2376,-0.063835
27.2757,0.165105,1.3797,-0.063744
27.2769,0.165105,1.5157,-0.063655
27.2782,0.165105,1.6449,-0.063568
27.2794,0.165105,1.7670,-0.063484
27.2807,0.165105,1.8809,-0.063403
27.2819,0.165105,1.9866,-0.063325
27.2832,-0.169890,2.0834,-0.063251
27.2844,-0.169890,2.1709,-0.063182
27.2857,-0.169890,2.2488,-0.063116
27.2869,-0.169890,2.3166,-0.063056
27.2882,-0.169890,2.3742,-0.063000
27.2894,-0.169890,2.4212,-0.062950
27.2907,-0.169890,2.4573,-0.062905
27.2919,-0.169890,2.4825,-0.062866
27.2932,-0.074178,2.4967,-0.062833
27.2944,-0.074178,2.4997,-0.062806
27.2957,-0.074178,2.4916,-0.062785
27.2972,-0.074178,2.4661,-0.062768
27.2997,-0.074178,2.3908,-0.062760
27.3006,-0.074178,2.3507,-0.062764
27.3015,-0.074178,2.3059,-0.062771
27.3025,-0.074178,2.2556,-0.062781
27.3034,-0.122034,2.1999,-0.062795
27.3044,-0.122034,2.1322,-0.062814
27.3057,-0.122034,2.0404,-0.062843
27.3069,-0.122034,1.9395,-0.062878
27.3082,-0.122034,1.8300,-0.062919
27.3094,-0.122034,1.7123,-0.062965
27.3107,-0.122034,1.5869,-0.063017
27.3119,-0.122034,1.4546,-0.063074
27.3132,-0.122034,1.3157,-0.063136
27.3144,-0.021535,1.1710,-0.063202
27.3157,-0.021535,1.0210,-0.063273
27.3169,-0.021535,0.8665,-0.063348
27.3182,-0.021535,0.7081,-0.063427
27.3194,-0.021535,0.5464,-0.063509
27.3207,-0.021535,0.3826,-0.063594
27.3219,-0.021535,0.2170,-0.063682
27.3232,-0.021535,0.0503,-0.063772
27.3244,-0.040678,-0.1165,-0.063864
27.3257,-0.040678,-0.2828,-0.063957
27.3269,-0.040678,-0.4479,-0.064051
27.3282,-0.040678,-0.6108,-0.064146
27.3294,-0.040678,-0.7712,-0.064241
27.3307,-0.040678,-0.9281,-0.064335
27.3319,-0.040678,-1.0811,-0.064429
27.3332,-0.040678,-1.2290,-0.064522
27.3344,-0.334995,-1.3715,-0.064613
27.3357,-0.334995,-1.5078,-0.064703
27.3369,-0.334995,-1.6376,-0.064790
27.3382,-0.334995,-1.7599,-0.064874
27.3394,-0.334995,-1.8745,-0.064956
27.3407,-0.334995,-1.9807,-0.065033
27.3419,-0.334995,-2.0780,-0.065107
27.3432,-0.334995,-2.1661,-0.065177
27.3444,0.045464,-2.2445,-0.065243
27.3457,0.045464,-2.3130,-0.065304
27.3469,0.045464,-2.3711,-0.065359
27.3484,0.045464,-2.4254,-0.065418
27.3521,0.045464,-2.4975,-0.065533
27.3531,0.045464,-2.4999,-0.065554
27.3540,0.045464,-2.4959,-0.065571
27.3549,0.119641,-2.4858,-0.065584
27.3559,0.119641,-2.4697,-0.065594
27.3568,0.119641,-2.4476,-0.065600
27.3577,0.119641,-2.4197,-0.065603
27.3586,0.119641,-2.3858,-0.065603
27.3595,0.119641,-2.3461,-0.065599
27.3607,0.119641,-2.2909,-0.065589
27.3619,0.119641,-2.2191,-0.065573
27.3632,0.119641,-2.1373,-0.065551
27.3644,-0.346959,-2.0461,-0.065522
27.3657,-0.346959,-1.9457,-0.065487
27.3669,-0.346959,-1.8366,-0.065447
27.3682,-0.346959,-1.7194,-0.065401
27.3694,-0.346959,-1.5946,-0.065349
27.3707,-0.346959,-1.4625,-0.065292
27.3719,-0.346959,-1.3240,-0.065231
27.3732,-0.346959,-1.1796,-0.065164
27.3744,-0.143569,-1.0299,-0.065094
27.3757,-0.143569,-0.8757,-0.065019
27.3769,-0.143569,-0.7175,-0.064940
27.3782,-0.143569,-0.5562,-0.064859
27.3794,-0.143569,-0.3922,-0.064774
27.3807,-0.143569,-0.2267,-0.064686
27.3819,-0.143569,-0.0602,-0.064596
27.3832,-0.143569,0.1067,-0.064505
27.3844,-0.143569,0.2732,-0.064411
27.3857,-0.086142,0.4383,-0.064317
27.3869,-0.086142,0.6015,-0.064223
27.3882,-0.086142,0.7620,-0.064128
27.3894,-0.086142,0.9192,-0.064033
27.3907,-0.086142,1.0722,-0.063939
27.3919,-0.086142,1.2206,-0.063846
27.3932,-0.086142,1.3633,-0.063755
27.3944,-0.086142,1.5001,-0.063665
27.3957,0.425922,1.6302,-0.063578
27.3969,0.425922,1.7530,-0.063493
27.3982,0.425922,1.8680,-0.063412
27.3996,0.425922,1.9867,-0.063325
27.4026,0.425922,2.2060,-0.063153
27.4035,0.425922,2.2630,-0.063104
27.4045,0.425922,2.3126,-0.063060
27.4054,-0.095713,2.3566,-0.063018
27.4063,-0.095713,2.3948,-0.062979
27.4072,-0.095713,2.4272,-0.062943
27.4082,-0.095713,2.4537,-0.062910
27.4094,-0.095713,2.4802,-0.062871
27.4107,-0.095713,2.4956,-0.062837
27.4119,-0.095713,2.4999,-0.062809
27.4132,-0.095713,2.4931,-0.062787
27.4144,-0.095713,2.4752,-0.062772
27.4157,0.023928,2.4463,-0.062762
27.4169,0.023928,2.4065,-0.062760
27.4182,0.023928,2.3559,-0.062763
27.4194,0.023928,2.2948,-0.062773
27.4207,0.023928,2.2236,-0.062789
27.4219,0.023928,2.1424,-0.062811
27.4232,0.023928,2.0517,-0.062839
27.4244,0.023928,1.9519,-0.062873
27.4257,-0.299103,1.8433,-0.062914
27.4269,-0.299103,1.7266,-0.062959
27.4282,-0.299103,1.6021,-0.063010
27.4294,-0.299103,1.4705,-0.063067
27.4307,-0.299103,1.3323,-0.063128
27.4319,-0.299103,1.1882,-0.063194
27.4332,-0.299103,1.0389,-0.063265
27.4344,-0.299103,0.8849,-0.063339
27.4357,-0.095713,0.7269,-0.063418
27.4369,-0.095713,0.5657,-0.063499
27.4382,-0.095713,0.4020,-0.063584
27.4394,-0.095713,0.2365,-0.063672
27.4407,-0.095713,0.0697,-0.063761
27.4419,-0.095713,-0.0969,-0.063853
27.4432,-0.095713,-0.2633,-0.063946
27.4444,-0.095713,-0.4286,-0.064040
27.4457,-0.150748,-0.5920,-0.064135
27.4469,-0.150748,-0.7527,-0.064229
27.4482,-0.150748,-0.9100,-0.064324
27.4494,-0.150748,-1.0633,-0.064418
27.4508,-0.150748,-1.2316,-0.064524
27.4537,-0.150748,-1.5496,-0.064731
27.4546,-0.150748,-1.6474,-0.064797
27.4556,-0.150748,-1.7383,-0.064859
27.4565,-0.260818,-1.8244,-0.064920
27.4574,-0.260818,-1.9063,-0.064979
27.4583,-0.260818,-1.9836,-0.065036
27.4594,-0.260818,-2.0671,-0.065099
27.4607,-0.260818,-2.1562,-0.065169
27.4619,-0.260818,-2.2358,-0.065235
27.4632,-0.260818,-2.3054,-0.065297
27.4644,-0.260818,-2.3648,-0.065353
27.4657,-0.260818,-2.4136,-0.065404
27.4669,0.157926,-2.4517,-0.065450
27.4682,0.157926,-2.4789,-0.065490
27.4694,0.157926,-2.4950,-0.065524
27.4707,0.157926,-2.5000,-0.065552
27.4719,0.157926,-2.4938,-0.065574
27.4732,0.157926,-2.4766,-0.065590
27.4744,0.157926,-2.4483,-0.065600
27.4757,0.157926,-2.4091,-0.065603
27.4769,-0.179462,-2.3592,-0.065600
27.4782,-0.179462,-2.2988,-0.065591
27.4794,-0.179462,-2.2279,-0.065575
27.4807,-0.179462,-2.1475,-0.065553
27.4819,-0.179462,-2.0573,-0.065526
27.4832,-0.179462,-1.9580,-0.065492
27.4844,-0.179462,-1.8499,-0.065452
27.4857,-0.179462,-1.7336,-0.065406
27.4869,-0.098106,-1.6096,-0.065356
27.4882,-0.098106,-1.4784,-0.065299
27.4894,-0.098106,-1.3407,-0.065238
27.4907,-0.098106,-1.1969,-0.065173
27.4919,-0.098106,-1.0478,-0.065102
27.4932,-0.098106,-0.8940,-0.065028
27.4944,-0.098106,-0.7363,-0.064950
27.4957,-0.098106,-0.5753,-0.064868
27.4969,-0.081356,-0.4117,-0.064784
27.4982,-0.081356,-0.2463,-0.064697
27.4994,-0.081356,-0.0798,-0.064607
27.5007,-0.081356,0.0871,-0.064515
27.5019,-0.081356,0.2540,-0.064422
27.5043,-0.081356,0.5686,-0.064242
27.5052,-0.081356,0.6905,-0.064170
27.5062,-0.081356,0.8082,-0.064100
27.5071,0.059821,0.9236,-0.064030
27.5082,0.059821,1.0545,-0.063950
27.5094,0.059821,1.2033,-0.063857
27.5107,0.059821,1.3468,-0.063765
27.5119,0.059821,1.4843,-0.063676
27.5132,0.059821,1.6152,-0.063588
27.5144,0.059821,1.7389,-0.063503
27.5157,0.059821,1.8548,-0.063421
27.5169,0.057428,1.9625,-0.063343
27.5182,0.057428,2.0615,-0.063268
27.5194,0.057428,2.1513,-0.063197
27.5207,0.057428,2.2314,-0.063131
27.5219,0.057428,2.3016,-0.063070
27.5232,0.057428,2.3616,-0.063013
27.5244,0.057428,2.4111,-0.062962
27.5257,0.057428,2.4498,-0.062916
27.5269,0.071785,2.4776,-0.062875
27.5282,0.071785,2.4943,-0.062841
27.5294,0.071785,2.5000,-0.062812
27.5307,0.071785,2.4945,-0.062790
27.5319,0.071785,2.4779,-0.062773
27.5332,0.071785,2.4503,-0.062763
27.5344,0.071785,2.4117,-0.062760
27.5357,0.071785,2.3624,-0.062762
27.5369,0.071785,2.3026,-0.062771
27.5382,-0.011964,2.2325,-0.062786
27.5394,-0.011964,2.1525,-0.062808
27.5407,-0.011964,2.0629,-0.062835
27.5419,-0.011964,1.9641,-0.062869
27.5432,-0.011964,1.8565,-0.062908
27.5444,-0.011964,1.7406,-0.062954
27.5457,-0.011964,1.6171,-0.063004
27.5469,-0.011964,1.4863,-0.063060
27.5482,-0.232104,1.3489,-0.063121
27.5494,-0.232104,1.2055,-0.063186
27.5507,-0.232104,1.0567,-0.063256
27.5519,-0.232104,0.9031,-0.063330
27.5532,-0.232104,0.7456,-0.063408
27.5552,-0.232104,0.4806,-0.063543
27.5561,-0.232104,0.3570,-0.063608
27.5571,-0.232104,0.2346,-0.063673
27.5582,0.078963,0.0896,-0.063751
27.5594,0.078963,-0.0775,-0.063842
27.5607,0.078963,-0.2438,-0.063935
27.5619,0.078963,-0.4092,-0.064029
27.5632,0.078963,-0.5728,-0.064123
27.5644,0.078963,-0.7339,-0.064218
27.5657,0.078963,-0.8917,-0.064313
27.5669,0.078963,-1.0455,-0.064407
27.5682,-0.337388,-1.1947,-0.064500
27.5694,-0.337388,-1.3385,-0.064592
27.5707,-0.337388,-1.4764,-0.064682
27.5719,-0.337388,-1.6077,-0.064770
27.5732,-0.337388,-1.7318,-0.064855
27.5744,-0.337388,-1.8482,-0.064937
27.5757,-0.337388,-1.9565,-0.065015
27.5769,-0.337388,-2.0559,-0.065090
27.5782,-0.241675,-2.1462,-0.065161
27.5794,-0.241675,-2.2269,-0.065228
27.5807,-0.241675,-2.2978,-0.065290
27.5819,-0.241675,-2.3584,-0.065347
27.5832,-0.241675,-2.4084,-0.065398
27.5844,-0.241675,-2.4478,-0.065445
27.5857,-0.241675,-2.4763,-0.065485
27.5869,-0.241675,-2.4937,-0.065520
27.5882,0.251246,-2.5000,-0.065549
27.5894,0.251246,-2.4951,-0.065572
27.5907,0.251246,-2.4792,-0.065589
27.5919,0.251246,-2.4522,-0.065599
27.5932,0.251246,-2.4143,-0.065603
27.5944,0.251246,-2.3657,-0.065601
27.5957,0.251246,-2.3064,-0.065592
27.5969,0.251246,-2.2369,-0.065577
27.5982,-0.215354,-2.1575,-0.065556
27.5994,-0.215354,-2.0684,-0.065529
27.6007,-0.215354,-1.9701,-0.065496
27.6019,-0.215354,-1.8631,-0.065457
27.6032,-0.215354,-1.7477,-0.065412
27.6064,-0.215354,-1.4111,-0.065270
27.6074,-0.215354,-1.3035,-0.065222
27.6083,-0.504886,-1.1965,-0.065172
27.6092,-0.504886,-1.0870,-0.065121
27.6101,-0.504886,-0.9750,-0.065067
27.6111,-0.504886,-0.8606,-0.065012
27.6120,-0.504886,-0.7441,-0.064954
27.6132,-0.504886,-0.5943,-0.064878
27.6144,-0.504886,-0.4310,-0.064794
27.6157,-0.504886,-0.2658,-0.064707
27.6169,-0.504886,-0.0994,-0.064618
27.6182,-0.504886,0.0674,-0.064526
27.6194,0.301496,0.2340,-0.064434
27.6207,0.301496,0.3996,-0.064340
27.6219,0.301496,0.5633,-0.064245
27.6232,0.301496,0.7245,-0.064150
27.6244,0.301496,0.8825,-0.064055
27.6257,0.301496,1.0366,-0.063961
27.6269,0.301496,1.1860,-0.063868
27.6282,0.301496,1.3302,-0.063776
27.6294,-0.009571,1.4685,-0.063686
27.6307,-0.009571,1.6002,-0.063598
27.6319,-0.009571,1.7247,-0.063513
27.6332,-0.009571,1.8416,-0.063431
27.6344,-0.009571,1.9503,-0.063352
27.6357,-0.009571,2.0503,-0.063277
27.6369,-0.009571,2.1411,-0.063206
27.6382,-0.009571,2.2225,-0.063139
27.6394,0.287139,2.2940,-0.063077
27.6407,0.287139,2.3551,-0.063019
27.6419,0.287139,2.4058,-0.062967
27.6432,0.287139,2.4458,-0.062921
27.6444,0.287139,2.4749,-0.062880
27.6457,0.287139,2.4929,-0.062844
27.6469,0.287139,2.4999,-0.062815
27.6482,0.287139,2.4957,-0.062792
27.6494,-0.430708,2.4804,-0.062775
27.6507,-0.430708,2.4541,-0.062764
27.6519,-0.430708,2.4168,-0.062760
27.6532,-0.430708,2.3688,-0.062762
27.6544,-0.430708,2.3102,-0.062770
27.6577,-0.430708,2.1051,-0.062822
27.6587,-0.430708,2.0329,-0.062845
27.6596,0.351745,1.9586,-0.062871
27.6605,0.351745,1.8797,-0.062900
27.6615,0.351745,1.7963,-0.062932
27.6624,0.351745,1.7087,-0.062966
27.6633,0.351745,1.6168,-0.063004
27.6644,0.351745,1.5020,-0.063053
27.6657,0.351745,1.3647,-0.063114
27.6669,0.351745,1.2225,-0.063178
27.6682,0.351745,1.0744,-0.063248
27.6694,-0.267996,0.9215,-0.063321
27.6707,-0.267996,0.7644,-0.063399
27.6719,-0.267996,0.6039,-0.063480
27.6732,-0.267996,0.4407,-0.063564
27.6744,-0.267996,0.2756,-0.063651
27.6757,-0.267996,0.1092,-0.063740
27.6769,-0.267996,-0.0576,-0.063831
27.6782,-0.267996,-0.2242,-0.063924
27.6794,0.086142,-0.3900,-0.064018
27.6807,0.086142,-0.5537,-0.064112
27.6819,0.086142,-0.7151,-0.064207
27.6832,0.086142,-0.8733,-0.064302
27.6844,0.086142,-1.0277,-0.064396
27.6857,0.086142,-1.1774,-0.064489
27.6869,0.086142,-1.3219,-0.064581
27.6882,0.086142,-1.4605,-0.064671
27.6894,-0.275175,-1.5926,-0.064759
27.6907,-0.275175,-1.7176,-0.064845
27.6919,-0.275175,-1.8350,-0.064927
27.6932,-0.275175,-1.9441,-0.065006
27.6944,-0.275175,-2.0447,-0.065082
27.6957,-0.275175,-2.1360,-0.065153
27.6969,-0.275175,-2.2180,-0.065220
27.6982,-0.275175,-2.2900,-0.065283
27.6994,-0.275175,-2.3518,-0.065340
27.7007,-0.167498,-2.4031,-0.065393
27.7019,-0.167498,-2.4437,-0.065440
27.7032,-0.167498,-2.4735,-0.065481
27.7044,-0.167498,-2.4922,-0.065517
27.7057,-0.167498,-2.4998,-0.065546
27.7091,-0.167498,-2.4623,-0.065596
27.7101,-0.581456,-2.4370,-0.065602
27.7110,-0.581456,-2.4065,-0.065603
27.7119,-0.581456,-2.3703,-0.065601
27.7129,-0.581456,-2.3284,-0.065596
27.7138,-0.581456,-2.2808,-0.065587
27.7147,-0.581456,-2.2277,-0.065575
27.7157,-0.581456,-2.1672,-0.065559
27.7169,-0.581456,-2.0794,-0.065533
27.7182,-0.581456,-1.9822,-0.065500
27.7194,-0.581456,-1.8761,-0.065462
27.7207,0.229711,-1.7617,-0.065418
27.7219,0.229711,-1.6394,-0.065368
27.7232,0.229711,-1.5099,-0.065313
27.7244,0.229711,-1.3736,-0.065253
27.7257,0.229711,-1.2312,-0.065188
27.7269,0.229711,-1.0833,-0.065119
27.7282,0.229711,-0.9307,-0.065046
27.7294,0.229711,-0.7739,-0.064969
27.7307,0.016750,-0.6136,-0.064888
27.7319,0.016750,-0.4496,-0.064804
27.7332,0.016750,-0.2848,-0.064717
27.7344,0.016750,-0.1189,-0.064628
27.7357,0.016750,0.0479,-0.064537
27.7369,0.016750,0.2145,-0.064445
27.7382,0.016750,0.3801,-0.064351
27.7394,0.016750,0.5445,-0.064256
27.7407,0.083749,0.7056,-0.064161
27.7419,0.083749,0.8640,-0.064067
27.7432,0.083749,1.0185,-0.063972
27.7444,0.083749,1.1687,-0.063879
27.7457,0.083749,1.3135,-0.063787
27.7469,0.083749,1.4548,-0.063695
27.7482,0.083749,1.5851,-0.063608
27.7494,0.083749,1.7105,-0.063523
27.7507,0.150748,1.8283,-0.063440
27.7519,0.150748,1.9380,-0.063361
27.7532,0.150748,2.0390,-0.063285
27.7544,0.150748,2.1310,-0.063214
27.7557,0.150748,2.2134,-0.063146
27.7569,0.150748,2.2860,-0.063084
27.7615,-0.160319,2.4645,-0.062895
27.7626,-0.160319,2.4838,-0.062864
27.7635,-0.160319,2.4948,-0.062839
27.7644,-0.160319,2.4997,-0.062818
27.7653,-0.160319,2.4985,-0.062800
27.7663,-0.160319,2.4913,-0.062785
27.7672,-0.160319,2.4779,-0.062773
27.7681,-0.160319,2.4585,-0.062765
27.7690,-0.160319,2.4332,-0.062761
27.7700,-0.160319,2.4020,-0.062760
27.7709,-0.157926,2.3649,-0.062762
27.7719,-0.157926,2.3175,-0.062768
27.7732,-0.157926,2.2499,-0.062782
27.7744,-0.157926,2.1722,-0.062802
27.7757,-0.157926,2.0848,-0.062828
27.7769,-0.157926,1.9881,-0.062861
27.7782,-0.157926,1.8826,-0.062899
27.7794,-0.157926,1.7684,-0.062943
27.7807,-0.157926,1.6468,-0.062992
27.7819,0.009571,1.5173,-0.063047
27.7832,0.009571,1.3817,-0.063106
27.7844,0.009571,1.2397,-0.063171
27.7857,0.009571,1.0922,-0.063239
27.7869,0.009571,0.9397,-0.063313
27.7882,0.009571,0.7831,-0.063390
27.7894,0.009571,0.6229,-0.063470
27.7907,0.009571,0.4600,-0.063554
27.7919,0.009571,0.2953,-0.063640
27.7932,0.009571,0.1288,-0.063729
27.7944,0.009571,-0.0380,-0.063820
27.7957,0.009571,-0.2047,-0.063913
27.7969,0.009571,-0.3704,-0.064007
27.7982,0.009571,-0.5345,-0.064101
27.7994,0.009571,-0.6963,-0.064196
27.8007,0.009571,-0.8549,-0.064291
27.8019,-0.081356,-1.0097,-0.064385
27.8032,-0.081356,-1.1601,-0.064479
27.8044,-0.081356,-1.3052,-0.064571
27.8057,-0.081356,-1.4445,-0.064661
27.8069,-0.081356,-1.5774,-0.064749
27.8082,-0.081356,-1.7033,-0.064835
27.8094,-0.081356,-1.8218,-0.064918
27.8121,-0.155533,-2.0476,-0.065084
27.8130,-0.155533,-2.1183,-0.065139
27.8140,-0.155533,-2.1812,-0.065190
27.8149,-0.155533,-2.2388,-0.065238
27.8158,-0.155533,-2.2909,-0.065284
27.8169,-0.155533,-2.3451,-0.065334
27.8182,-0.155533,-2.3976,-0.065387
27.8194,-0.155533,-2.4395,-0.065434
27.8207,-0.155533,-2.4705,-0.065476
27.8219,-0.248854,-2.4906,-0.065513
27.8232,-0.248854,-2.4995,-0.065543
27.8244,-0.248854,-2.4973,-0.065567
27.8257,-0.248854,-2.4839,-0.065585
27.8269,-0.248854,-2.4595,-0.065597
27.8282,-0.248854,-2.4242,-0.065603
27.8294,-0.248854,-2.3780,-0.065602
27.8307,-0.248854,-2.3213,-0.065595
27.8319,-0.179462,-2.2542,-0.065582
27.8332,-0.179462,-2.1770,-0.065562
27.8344,-0.179462,-2.0902,-0.065536
27.8357,-0.179462,-1.9941,-0.065504
27.8369,-0.179462,-1.8890,-0.065467
27.8382,-0.179462,-1.7756,-0.065423
27.8394,-0.179462,-1.6541,-0.065374
27.8407,-0.179462,-1.5256,-0.065320
27.8419,-0.023928,-1.3900,-0.065260
27.8432,-0.023928,-1.2483,-0.065196
27.8444,-0.023928,-1.1009,-0.065128
27.8457,-0.023928,-0.9487,-0.065055
27.8469,-0.023928,-0.7924,-0.064978
27.8482,-0.023928,-0.6325,-0.064897
27.8494,-0.023928,-0.4697,-0.064814
27.8507,-0.023928,-0.3044,-0.064727
27.8519,-0.021535,-0.1386,-0.064639
27.8532,-0.021535,0.0282,-0.064548
27.8544,-0.021535,0.1949,-0.064455
27.8557,-0.021535,0.3607,-0.064362
27.8569,-0.021535,0.5250,-0.064267
27.8582,-0.021535,0.6869,-0.064172
27.8594,-0.021535,0.8457,-0.064078
27.8607,-0.021535,1.0011,-0.063983
27.8631,0.107677,1.2917,-0.063801
27.8641,0.107677,1.3982,-0.063732
27.8650,0.107677,1.4988,-0.063666
27.8659,0.107677,1.5955,-0.063601
27.8669,0.107677,1.6962,-0.063533
27.8682,0.107677,1.8148,-0.063450
27.8694,0.107677,1.9255,-0.063370
27.8707,0.107677,2.0275,-0.063294
27.8719,0.107677,2.1206,-0.063222
27.8732,0.186640,2.2042,-0.063154
27.8744,0.186640,2.2780,-0.063091
27.8757,0.186640,2.3416,-0.063032
27.8769,0.186640,2.3949,-0.062979
27.8782,0.186640,2.4373,-0.062931
27.8794,0.186640,2.4691,-0.062889
27.8807,0.186640,2.4897,-0.062852
27.8819,0.186640,2.4993,-0.062821
27.8832,-0.351745,2.4977,-0.062797
27.8844,-0.351745,2.4850,-0.062778
27.8857,-0.351745,2.4613,-0.062766
27.8869,-0.351745,2.4266,-0.062760
27.8882,-0.351745,2.3810,-0.062761
27.8894,-0.351745,2.3249,-0.062767
27.8907,-0.351745,2.2584,-0.062780
27.8919,-0.351745,2.1819,-0.062800
27.8932,0.007178,2.0956,-0.062825
27.8944,0.007178,2.0000,-0.062857
27.8957,0.007178,1.8954,-0.062894
27.8969,0.007178,1.7825,-0.062937
27.8982,0.007178,1.6616,-0.062986
27.8994,0.007178,1.5333,-0.063040
27.9007,0.007178,1.3981,-0.063099
27.9019,0.007178,1.2568,-0.063163
27.9032,-0.019143,1.1099,-0.063231
27.9044,-0.019143,0.9579,-0.063304
27.9057,-0.019143,0.8017,-0.063380
27.9069,-0.019143,0.6419,-0.063461
27.9082,-0.019143,0.4792,-0.063544
27.9094,-0.019143,0.3145,-0.063630
27.9107,-0.019143,0.1484,-0.063719
27.9119,-0.019143,-0.0191,-0.063810
27.9142,0.057428,-0.3272,-0.063982
27.9152,0.057428,-0.4509,-0.064053
27.9161,0.057428,-0.5742,-0.064124
27.9170,0.057428,-0.6933,-0.064194
27.9182,0.057428,-0.8365,-0.064280
27.9194,0.057428,-0.9919,-0.064374
27.9207,0.057428,-1.1426,-0.064468
27.9219,0.057428,-1.2884,-0.064560
27.9232,-0.174676,-1.4284,-0.064650
27.9244,-0.174676,-1.5621,-0.064739
27.9257,-0.174676,-1.6889,-0.064825
27.9269,-0.174676,-1.8081,-0.064908
27.9282,-0.174676,-1.9192,-0.064988
27.9294,-0.174676,-2.0218,-0.065064
27.9307,-0.174676,-2.1154,-0.065137
27.9319,-0.174676,-2.1996,-0.065205
27.9332,-0.129212,-2.2739,-0.065268
27.9344,-0.129212,-2.3382,-0.065327
27.9357,-0.129212,-2.3920,-0.065381
27.9369,-0.129212,-2.4351,-0.065429
27.9382,-0.129212,-2.4675,-0.065472
27.9394,-0.129212,-2.4888,-0.065509
27.9407,-0.129212,-2.4990,-0.065540
27.9419,-0.129212,-2.4981,-0.065565
27.9432,-0.129212,-2.4861,-0.065584
27.9444,-0.153141,-2.4630,-0.065596
27.9457,-0.153141,-2.4289,-0.065603
27.9469,-0.153141,-2.3840,-0.065602
27.9482,-0.153141,-2.3285,-0.065596
27.9494,-0.153141,-2.2626,-0.065583
27.9507,-0.153141,-2.1866,-0.065565
27.9519,-0.153141,-2.1009,-0.065539
27.9532,-0.153141,-2.0058,-0.065508
27.9544,-0.284746,-1.9018,-0.065471
27.9557,-0.284746,-1.7893,-0.065428
27.9569,-0.284746,-1.6689,-0.065380
27.9582,-0.284746,-1.5410,-0.065326
27.9594,-0.284746,-1.4062,-0.065268
27.9607,-0.284746,-1.2652,-0.065204
27.9619,-0.284746,-1.1186,-0.065136
27.9632,-0.284746,-0.9668,-0.065063
27.9654,0.004786,-0.6776,-0.064920
27.9664,0.004786,-0.5564,-0.064859
27.9673,0.004786,-0.4352,-0.064796
27.9682,0.004786,-0.3138,-0.064732
27.9694,0.004786,-0.1582,-0.064649
27.9707,0.004786,0.0086,-0.064559
27.9719,0.004786,0.1753,-0.064466
27.9732,0.004786,0.3413,-0.064373
27.9744,0.131605,0.5057,-0.064278
27.9757,0.131605,0.6680,-0.064184
27.9769,0.131605,0.8272,-0.064089
27.9782,0.131605,0.9827,-0.063994
27.9794,0.131605,1.1340,-0.063901
27.9807,0.131605,1.2800,-0.063808
27.9819,0.131605,1.4204,-0.063718
27.9832,0.131605,1.5545,-0.063629
27.9844,-0.057428,1.6816,-0.063543
27.9857,-0.057428,1.8013,-0.063460
27.9869,-0.057428,1.9129,-0.063379
27.9882,-0.057428,2.0160,-0.063303
27.9894,-0.057428,2.1102,-0.063230
27.9907,-0.057428,2.1952,-0.063162
27.9919,-0.057428,2.2699,-0.063098
27.9932,-0.057428,2.3348,-0.063039
27.9944,0.102891,2.3891,-0.062985
27.9957,0.102891,2.4329,-0.062936
27.9969,0.102891,2.4659,-0.062893
27.9982,0.102891,2.4878,-0.062856
27.9994,0.102891,2.4987,-0.062825
28.0007,0.102891,2.4985,-0.062799
28.0019,0.102891,2.4871,-0.062780
28.0032,0.102891,2.4647,-0.062767
28.0044,-0.131605,2.4312,-0.062760
28.0057,-0.131605,2.3866,-0.062760
28.0069,-0.131605,2.3317,-0.062766
28.0082,-0.131605,2.2667,-0.062778
28.0094,-0.131605,2.1913,-0.062797
28.0107,-0.131605,2.1062,-0.062822
28.0119,-0.131605,2.0115,-0.062853
28.0132,-0.131605,1.9081,-0.062889
28.0168,-0.102891,1.5628,-0.063027
28.0177,-0.102891,1.4587,-0.063072
28.0187,-0.102891,1.3566,-0.063117
28.0196,-0.102891,1.2512,-0.063165
28.0205,-0.102891,1.1436,-0.063215
28.0214,-0.102891,1.0326,-0.063268
28.0224,-0.102891,0.9194,-0.063322
28.0233,-0.102891,0.8037,-0.063379
28.0244,-0.102891,0.6608,-0.063451
28.0257,-0.083749,0.4986,-0.063534
28.0269,-0.083749,0.3340,-0.063620
28.0282,-0.083749,0.1680,-0.063708
28.0294,-0.083749,0.0001,-0.063799
28.0307,-0.083749,-0.1660,-0.063891
28.0319,-0.083749,-0.3318,-0.063985
28.0332,-0.083749,-0.4962,-0.064079
28.0344,-0.083749,-0.6585,-0.064174
28.0357,0.110070,-0.8177,-0.064268
28.0369,0.110070,-0.9736,-0.064363
28.0382,0.110070,-1.1251,-0.064457
28.0394,0.110070,-1.2715,-0.064549
28.0407,0.110070,-1.4123,-0.064640
28.0419,0.110070,-1.5468,-0.064729
28.0432,0.110070,-1.6743,-0.064815
28.0444,0.110070,-1.7945,-0.064899
28.0457,-0.093320,-1.9066,-0.064979
28.0469,-0.093320,-2.0102,-0.065056
28.0482,-0.093320,-2.1049,-0.065128
28.0494,-0.093320,-2.1901,-0.065197
28.0507,-0.093320,-2.2657,-0.065261
28.0519,-0.093320,-2.3311,-0.065320
28.0532,-0.093320,-2.3862,-0.065375
28.0544,-0.093320,-2.4306,-0.065424
28.0557,-0.126820,-2.4643,-0.065467
28.0569,-0.126820,-2.4869,-0.065505
28.0582,-0.126820,-2.4984,-0.065537
28.0594,-0.126820,-2.4988,-0.065562
28.0607,-0.126820,-2.4881,-0.065582
28.0619,-0.126820,-2.4663,-0.065595
28.0632,-0.126820,-2.4335,-0.065602
28.0644,-0.126820,-2.3898,-0.065603
28.0680,-0.222533,-2.2030,-0.065569
28.0690,-0.222533,-2.1385,-0.065551
28.0699,-0.222533,-2.0720,-0.065530
28.0709,-0.222533,-2.0005,-0.065506
28.0718,-0.222533,-1.9242,-0.065479
28.0727,-0.222533,-1.8432,-0.065449
28.0736,-0.222533,-1.7579,-0.065416
28.0746,-0.222533,-1.6683,-0.065380
28.0757,-0.153141,-1.5563,-0.065333
28.0769,-0.153141,-1.4224,-0.065275
28.0782,-0.153141,-1.2821,-0.065212
28.0794,-0.153141,-1.1359,-0.065144
28.0807,-0.153141,-0.9850,-0.065072
28.0819,-0.153141,-0.8295,-0.064996
28.0832,-0.153141,-0.6703,-0.064917
28.0844,-0.153141,-0.5082,-0.064834
28.0857,-0.145962,-0.3438,-0.064748
28.0869,-0.145962,-0.1778,-0.064660
28.0882,-0.145962,-0.0110,-0.064569
28.0894,-0.145962,0.1565,-0.064477
28.0907,-0.145962,0.3222,-0.064384
28.0919,-0.145962,0.4866,-0.064290
28.0932,-0.145962,0.6490,-0.064195
28.0944,-0.145962,0.8086,-0.064100
28.0957,-0.145962,0.9646,-0.064005
28.0969,0.093320,1.1163,-0.063912
28.0982,0.093320,1.2630,-0.063819
28.0994,0.093320,1.4042,-0.063728
28.1007,0.093320,1.5390,-0.063639
28.1019,0.093320,1.6670,-0.063553
28.1032,0.093320,1.7876,-0.063469
28.1044,0.093320,1.9001,-0.063389
28.1057,0.093320,2.0042,-0.063312
28.1069,0.136391,2.0995,-0.063239
28.1082,0.136391,2.1854,-0.063170
28.1094,0.136391,2.2616,-0.063105
28.1107,0.136391,2.3276,-0.063046
28.1119,0.136391,2.3833,-0.062991
28.1132,0.136391,2.4283,-0.062942
28.1144,0.136391,2.4626,-0.062898
28.1157,0.136391,2.4858,-0.062860
28.1196,-0.038285,2.4862,-0.062779
28.1206,-0.038285,2.4691,-0.062769
28.1215,-0.038285,2.4468,-0.062763
28.1224,-0.038285,2.4185,-0.062760
28.1234,-0.038285,2.3843,-0.062760
28.1243,-0.038285,2.3445,-0.062764
28.1252,-0.038285,2.2989,-0.062772
28.1261,-0.038285,2.2478,-0.062783
28.1271,-0.098106,2.1912,-0.062797
28.1282,-0.098106,2.1167,-0.062819
28.1294,-0.098106,2.0230,-0.062849
28.1307,-0.098106,1.9208,-0.062885
28.1319,-0.098106,1.8096,-0.062926
28.1332,-0.098106,1.6907,-0.062974
28.1344,-0.098106,1.5641,-0.063027
28.1357,-0.098106,1.4299,-0.063085
28.1369,-0.093320,1.2904,-0.063147
28.1382,-0.093320,1.1448,-0.063215
28.1394,-0.093320,0.9940,-0.063286
28.1407,-0.093320,0.8388,-0.063362
28.1419,-0.093320,0.6798,-0.063441
28.1432,-0.093320,0.5178,-0.063524
28.1444,-0.093320,0.3535,-0.063610
28.1457,-0.093320,0.1876,-0.063698
28.1469,-0.021535,0.0209,-0.063788
28.1482,-0.021535,-0.1468,-0.063880
28.1494,-0.021535,-0.3121,-0.063973
28.1507,-0.021535,-0.4767,-0.064068
28.1519,-0.021535,-0.6394,-0.064162
28.1532,-0.021535,-0.7992,-0.064257
28.1544,-0.021535,-0.9554,-0.064352
28.1557,-0.021535,-1.1074,-0.064446
28.1569,0.016750,-1.2544,-0.064538
28.1582,0.016750,-1.3959,-0.064629
28.1594,0.016750,-1.5312,-0.064718
28.1607,0.016750,-1.6596,-0.064805
28.1619,0.016750,-1.7806,-0.064889
28.1632,0.016750,-1.8937,-0.064969
28.1644,0.016750,-1.9984,-0.065047
28.1657,0.016750,-2.0944,-0.065120
28.1669,-0.057428,-2.1807,-0.065189
28.1682,-0.057428,-2.2574,-0.065254
28.1697,-0.057428,-2.3396,-0.065329
28.1736,-0.057428,-2.4697,-0.065475
28.1745,-0.057428,-2.4867,-0.065504
28.1755,-0.057428,-2.4964,-0.065529
28.1764,-0.057428,-2.5000,-0.065549
28.1773,-0.251246,-2.4975,-0.065567
28.1782,-0.251246,-2.4889,-0.065581
28.1792,-0.251246,-2.4743,-0.065592
28.1801,-0.251246,-2.4530,-0.065599
28.1810,-0.251246,-2.4262,-0.065603
28.1820,-0.251246,-2.3936,-0.065603
28.1832,-0.251246,-2.3424,-0.065598
28.1844,-0.251246,-2.2790,-0.065587
28.1857,-0.251246,-2.2054,-0.065570
28.1869,-0.251246,-2.1219,-0.065546
28.1882,-0.153141,-2.0290,-0.065516
28.1894,-0.153141,-1.9271,-0.065481
28.1907,-0.153141,-1.8166,-0.065439
28.1919,-0.153141,-1.6979,-0.065392
28.1932,-0.153141,-1.5717,-0.065340
28.1944,-0.153141,-1.4385,-0.065282
28.1957,-0.153141,-1.2981,-0.065219
28.1969,-0.153141,-1.1534,-0.065152
28.1982,-0.258425,-1.0030,-0.065081
28.1994,-0.258425,-0.8476,-0.065005
28.2007,-0.258425,-0.6892,-0.064926
28.2019,-0.258425,-0.5274,-0.064844
28.2032,-0.258425,-0.3632,-0.064758
28.2044,-0.258425,-0.1974,-0.064670
28.2057,-0.258425,-0.0307,-0.064580
28.2069,-0.258425,0.1361,-0.064488
28.2082,-0.014357,0.3022,-0.064395
28.2094,-0.014357,0.4672,-0.064301
28.2107,-0.014357,0.6301,-0.064206
28.2119,-0.014357,0.7900,-0.064111
28.2132,-0.014357,0.9465,-0.064016
28.2144,-0.014357,1.0988,-0.063923
28.2157,-0.014357,1.2461,-0.063830
28.2169,-0.014357,1.3879,-0.063739
28.2182,0.026321,1.5235,-0.063650
28.2194,0.026321,1.6524,-0.063563
28.2208,0.026321,1.7872,-0.063469
28.2234,0.026321,2.0110,-0.063307
28.2244,0.026321,2.0851,-0.063250
28.2253,0.026321,2.1507,-0.063198
28.2262,0.026321,2.2108,-0.063149
28.2271,0.026321,2.2656,-0.063102
28.2282,0.251246,2.3204,-0.063052
28.2294,0.251246,2.3772,-0.062997
28.2307,0.251246,2.4236,-0.062947
28.2319,0.251246,2.4591,-0.062903
28.2332,0.251246,2.4837,-0.062864
28.2344,0.251246,2.4972,-0.062832
28.2357,0.251246,2.4995,-0.062805
28.2369,0.251246,2.4908,-0.062784
28.2382,-0.050249,2.4709,-0.062770
28.2394,-0.050249,2.4401,-0.062761
28.2407,-0.050249,2.3983,-0.062760
28.2419,-0.050249,2.3459,-0.062764
28.2432,-0.050249,2.2831,-0.062775
28.2444,-0.050249,2.2100,-0.062792
28.2457,-0.050249,2.1271,-0.062815
28.2469,-0.050249,2.0348,-0.062845
28.2482,-0.198604,1.9333,-0.062880
28.2494,-0.198604,1.8233,-0.062921
28.2507,-0.198604,1.7051,-0.062968
28.2519,-0.198604,1.5794,-0.063020
28.2532,-0.198604,1.4466,-0.063077
28.2544,-0.198604,1.3073,-0.063140
28.2557,-0.198604,1.1622,-0.063206
28.2569,-0.198604,1.0120,-0.063278
28.2582,-0.198604,0.8573,-0.063353
28.2594,-0.002393,0.6985,-0.063432
28.2607,-0.002393,0.5372,-0.063514
28.2619,-0.002393,0.3730,-0.063599
28.2632,-0.002393,0.2071,-0.063687
28.2644,-0.002393,0.0404,-0.063777
28.2657,-0.002393,-0.1263,-0.063869
28.2669,-0.002393,-0.2926,-0.063962
28.2682,-0.002393,-0.4576,-0.064057
28.2694,-0.019143,-0.6205,-0.064151
28.2707,-0.019143,-0.7807,-0.064246
28.2720,-0.019143,-0.9488,-0.064348
28.2742,-0.019143,-1.2134,-0.064512
28.2751,-0.019143,-1.3218,-0.064581
28.2761,-0.019143,-1.4272,-0.064650
28.2770,-0.019143,-1.5266,-0.064715
28.2782,-0.019143,-1.6450,-0.064795
28.2794,-0.122034,-1.7669,-0.064879
28.2807,-0.122034,-1.8809,-0.064960
28.2819,-0.122034,-1.9866,-0.065038
28.2832,-0.122034,-2.0834,-0.065112
28.2844,-0.122034,-2.1710,-0.065181
28.2857,-0.122034,-2.2488,-0.065247
28.2869,-0.122034,-2.3167,-0.065307
28.2882,-0.122034,-2.3742,-0.065362
28.2894,-0.031107,-2.4211,-0.065413
28.2907,-0.031107,-2.4573,-0.065457
28.2919,-0.031107,-2.4825,-0.065496
28.2932,-0.031107,-2.4967,-0.065530
28.2944,-0.031107,-2.4997,-0.065557
28.2957,-0.031107,-2.4916,-0.065578
28.2969,-0.031107,-2.4724,-0.065593
28.2982,-0.031107,-2.4422,-0.065601
28.2994,-0.212961,-2.4010,-0.065603
28.3007,-0.212961,-2.3493,-0.065599
28.3019,-0.212961,-2.2870,-0.065589
28.3032,-0.212961,-2.2146,-0.065572
28.3044,-0.212961,-2.1322,-0.065549
28.3057,-0.212961,-2.0404,-0.065520
28.3069,-0.212961,-1.9395,-0.065485
28.3082,-0.212961,-1.8300,-0.065444
28.3094,-0.019143,-1.7123,-0.065398
28.3107,-0.019143,-1.5870,-0.065346
28.3119,-0.019143,-1.4547,-0.065289
28.3132,-0.019143,-1.3157,-0.065227
28.3144,-0.019143,-1.1711,-0.065160
28.3157,-0.019143,-1.0210,-0.065089
28.3169,-0.019143,-0.8665,-0.065014
28.3182,-0.019143,-0.7081,-0.064936
28.3194,-0.323031,-0.5466,-0.064854
28.3207,-0.323031,-0.3826,-0.064769
28.3219,-0.323031,-0.2170,-0.064681
28.3232,-0.323031,-0.0502,-0.064591
28.3254,-0.323031,0.2513,-0.064424
28.3264,-0.323031,0.3760,-0.064353
28.3273,-0.323031,0.4973,-0.064283
28.3282,-0.323031,0.6173,-0.064213
28.3294,0.102891,0.7714,-0.064122
28.3307,0.102891,0.9283,-0.064028
28.3319,0.102891,1.0811,-0.063934
28.3332,0.102891,1.2290,-0.063841
28.3344,0.102891,1.3715,-0.063749
28.3357,0.102891,1.5079,-0.063660
28.3369,0.102891,1.6375,-0.063573
28.3382,0.102891,1.7599,-0.063489
28.3394,0.102891,1.8745,-0.063407
28.3407,-0.038285,1.9806,-0.063329
28.3419,-0.038285,2.0780,-0.063255
28.3432,-0.038285,2.1661,-0.063185
28.3444,-0.038285,2.2445,-0.063120
28.3457,-0.038285,2.3130,-0.063059
28.3469,-0.038285,2.3711,-0.063004
28.3482,-0.038285,2.4187,-0.062953
28.3494,-0.038285,2.4555,-0.062908
28.3507,0.057428,2.4813,-0.062869
28.3519,0.057428,2.4961,-0.062835
28.3532,0.057428,2.4998,-0.062808
28.3544,0.057428,2.4924,-0.062786
28.3557,0.057428,2.4738,-0.062771
28.3569,0.057428,2.4443,-0.062762
28.3582,0.057428,2.4038,-0.062760
28.3594,0.057428,2.3526,-0.062763
28.3607,0.299103,2.2910,-0.062773
28.3619,0.299103,2.2191,-0.062790
28.3632,0.299103,2.1374,-0.062812
28.3644,0.299103,2.0462,-0.062841
28.3657,0.299103,1.9457,-0.062876
28.3669,0.299103,1.8367,-0.062916
28.3682,0.299103,1.7194,-0.062962
28.3694,0.299103,1.5945,-0.063014
28.3707,-0.612563,1.4625,-0.063070
28.3719,-0.612563,1.3240,-0.063132
28.3732,-0.612563,1.1796,-0.063198
28.3744,-0.612563,1.0294,-0.063269
28.3769,-0.612563,0.7184,-0.063422
28.3778,-0.612563,0.5974,-0.063483
28.3788,-0.612563,0.4769,-0.063545
28.3797,-0.612563,0.3554,-0.063609
28.3807,0.038285,0.2266,-0.063677
28.3819,0.038285,0.0602,-0.063767
28.3832,0.038285,-0.1067,-0.063858
28.3844,0.038285,-0.2731,-0.063951
28.3857,0.038285,-0.4382,-0.064045
28.3869,0.038285,-0.6015,-0.064140
28.3882,0.038285,-0.7620,-0.064235
28.3894,0.038285,-0.9192,-0.064330
28.3907,0.129212,-1.0722,-0.064424
28.3919,0.129212,-1.2205,-0.064517
28.3932,0.129212,-1.3633,-0.064608
28.3944,0.129212,-1.5000,-0.064698
28.3957,0.129212,-1.6301,-0.064785
28.3969,0.129212,-1.7529,-0.064869
28.3982,0.129212,-1.8679,-0.064951
28.3994,0.129212,-1.9747,-0.065029
28.4007,0.047856,-2.0725,-0.065103
28.4019,0.047856,-2.1612,-0.065173
28.4032,0.047856,-2.2402,-0.065239
28.4044,0.047856,-2.3092,-0.065300
28.4057,0.047856,-2.3680,-0.065356
28.4069,0.047856,-2.4162,-0.065407
28.4082,0.047856,-2.4536,-0.065452
28.4094,0.047856,-2.4801,-0.065492
28.4107,-0.150748,-2.4956,-0.065526
28.4119,-0.150748,-2.4999,-0.065554
28.4132,-0.150748,-2.4931,-0.065576
28.4144,-0.150748,-2.4752,-0.065591
28.4157,-0.150748,-2.4463,-0.065600
28.4169,-0.150748,-2.4065,-0.065603
28.4182,-0.150748,-2.3559,-0.065600
28.4194,-0.150748,-2.2949,-0.065590
28.4207,-0.150748,-2.2236,-0.065574
28.4219,-0.306281,-2.1424,-0.065552
28.4232,-0.306281,-2.0517,-0.065524
28.4244,-0.306281,-1.9518,-0.065489
28.4282,-0.306281,-1.5962,-0.065350
28.4292,-0.306281,-1.4943,-0.065306
28.4301,-0.306281,-1.3937,-0.065262
28.4310,-0.260818,-1.2889,-0.065215
28.4320,-0.260818,-1.1812,-0.065165
28.4329,-0.260818,-1.0711,-0.065113
28.4338,-0.260818,-0.9586,-0.065059
28.4347,-0.260818,-0.8438,-0.065003
28.4357,-0.260818,-0.7269,-0.064945
28.4369,-0.260818,-0.5656,-0.064863
28.4382,-0.260818,-0.4020,-0.064779
28.4394,-0.260818,-0.2364,-0.064691
28.4407,-0.260818,-0.0700,-0.064602
28.4419,-0.145962,0.0969,-0.064510
28.4432,-0.145962,0.2633,-0.064417
28.4444,-0.145962,0.4286,-0.064323
28.4457,-0.145962,0.5919,-0.064228
28.4469,-0.145962,0.7526,-0.064133
28.4482,-0.145962,0.9100,-0.064039
28.4494,-0.145962,1.0633,-0.063945
28.4507,-0.145962,1.2119,-0.063852
28.4519,0.126820,1.3551,-0.063760
28.4532,0.126820,1.4922,-0.063670
28.4544,0.126820,1.6227,-0.063583
28.4557,0.126820,1.7459,-0.063498
28.4569,0.126820,1.8614,-0.063417
28.4582,0.126820,1.9686,-0.063338
28.4594,0.126820,2.0670,-0.063264
28.4607,0.126820,2.1562,-0.063193
28.4619,0.016750,2.2358,-0.063127
28.4632,0.016750,2.3054,-0.063066
28.4644,0.016750,2.3647,-0.063010
28.4657,0.016750,2.4136,-0.062959
28.4669,0.016750,2.4517,-0.062913
28.4682,0.016750,2.4789,-0.062873
28.4694,0.016750,2.4950,-0.062839
28.4707,0.016750,2.5000,-0.062811
28.4719,0.272782,2.4938,-0.062788
28.4732,0.272782,2.4766,-0.062772
28.4744,0.272782,2.4483,-0.062763
28.4757,0.272782,2.4091,-0.062760
28.4769,0.272782,2.3591,-0.062763
28.4797,0.272782,2.2080,-0.062793
28.4807,0.272782,2.1457,-0.062810
28.4816,0.272782,2.0798,-0.062830
28.4825,-0.052642,2.0089,-0.062853
28.4834,-0.052642,1.9331,-0.062880
28.4844,-0.052642,1.8498,-0.062911
28.4857,-0.052642,1.7336,-0.062956
28.4869,-0.052642,1.6096,-0.063007
28.4882,-0.052642,1.4784,-0.063063
28.4894,-0.052642,1.3406,-0.063125
28.4907,-0.052642,1.1969,-0.063190
28.4919,-0.052642,1.0478,-0.063261
28.4932,-0.289532,0.8940,-0.063335
28.4944,-0.289532,0.7363,-0.063413
28.4957,-0.289532,0.5753,-0.063494
28.4969,-0.289532,0.4117,-0.063579
28.4982,-0.289532,0.2463,-0.063666
28.4994,-0.289532,0.0796,-0.063756
28.5007,-0.289532,-0.0871,-0.063847
28.5019,-0.289532,-0.2536,-0.063940
28.5032,-0.062213,-0.4189,-0.064034
28.5044,-0.062213,-0.5824,-0.064129
28.5057,-0.062213,-0.7433,-0.064224
28.5069,-0.062213,-0.9009,-0.064319
28.5082,-0.062213,-1.0544,-0.064413
28.5094,-0.062213,-1.2033,-0.064506
28.5107,-0.062213,-1.3468,-0.064597
28.5119,-0.062213,-1.4843,-0.064687
28.5132,0.057428,-1.6152,-0.064775
28.5144,0.057428,-1.7389,-0.064860
28.5157,0.057428,-1.8549,-0.064941
28.5169,0.057428,-1.9624,-0.065020
28.5182,0.057428,-2.0614,-0.065095
28.5194,0.057428,-2.1512,-0.065165
28.5207,0.057428,-2.2314,-0.065232
28.5219,0.057428,-2.3016,-0.065293
28.5232,-0.059821,-2.3616,-0.065350
28.5244,-0.059821,-2.4111,-0.065401
28.5257,-0.059821,-2.4498,-0.065447
28.5269,-0.059821,-2.4776,-0.065488
28.5285,-0.059821,-2.4967,-0.065530
28.5312,-0.059821,-2.4881,-0.065582
28.5322,-0.059821,-2.4722,-0.065593
28.5331,-0.179462,-2.4509,-0.065599
28.5341,-0.179462,-2.4237,-0.065603
28.5350,-0.179462,-2.3906,-0.065603
28.5359,-0.179462,-2.3517,-0.065599
28.5369,-0.179462,-2.3025,-0.065592
28.5382,-0.179462,-2.2325,-0.065576
28.5394,-0.179462,-2.1524,-0.065555
28.5407,-0.179462,-2.0629,-0.065527
28.5419,-0.179462,-1.9641,-0.065494
28.5432,-0.083749,-1.8565,-0.065454
28.5444,-0.083749,-1.7407,-0.065409
28.5457,-0.083749,-1.6171,-0.065359
28.5469,-0.083749,-1.4863,-0.065303
28.5482,-0.083749,-1.3489,-0.065242
28.5494,-0.083749,-1.2055,-0.065176
28.5507,-0.083749,-1.0567,-0.065107
28.5519,-0.083749,-0.9032,-0.065032
28.5532,-0.397209,-0.7457,-0.064955
28.5544,-0.397209,-0.5848,-0.064873
28.5557,-0.397209,-0.4214,-0.064789
28.5569,-0.397209,-0.2561,-0.064702
28.5582,-0.397209,-0.0896,-0.064612
28.5594,-0.397209,0.0773,-0.064521
28.5607,-0.397209,0.2438,-0.064428
28.5619,-0.397209,0.4092,-0.064334
28.5632,0.014357,0.5728,-0.064239
28.5644,0.014357,0.7339,-0.064145
28.5657,0.014357,0.8917,-0.064050
28.5669,0.014357,1.0455,-0.063956
28.5682,0.014357,1.1945,-0.063863
28.5694,0.014357,1.3384,-0.063771
28.5707,0.014357,1.4763,-0.063681
28.5719,0.014357,1.6077,-0.063593
28.5732,0.014357,1.7318,-0.063508
28.5744,-0.026321,1.8483,-0.063426
28.5757,-0.026321,1.9564,-0.063347
28.5769,-0.026321,2.0559,-0.063272
28.5782,-0.026321,2.1462,-0.063202
28.5798,-0.026321,2.2500,-0.063115
28.5820,-0.026321,2.3637,-0.063011
28.5830,-0.026321,2.4017,-0.062972
28.5839,0.004786,2.4330,-0.062936
28.5848,0.004786,2.4583,-0.062904
28.5857,0.004786,2.4777,-0.062875
28.5869,0.004786,2.4937,-0.062842
28.5882,0.004786,2.5000,-0.062814
28.5894,0.004786,2.4951,-0.062791
28.5907,0.004786,2.4792,-0.062774
28.5919,0.004786,2.4522,-0.062764
28.5932,0.004786,2.4143,-0.062760
28.5944,0.232104,2.3656,-0.062762
28.5957,0.232104,2.3064,-0.062770
28.5969,0.232104,2.2369,-0.062785
28.5982,0.232104,2.1575,-0.062806
28.5994,0.232104,2.0684,-0.062834
28.6007,0.232104,1.9701,-0.062867
28.6019,0.232104,1.8631,-0.062906
28.6032,0.232104,1.7477,-0.062951
28.6044,-0.234497,1.6246,-0.063001
28.6057,-0.234497,1.4942,-0.063057
28.6069,-0.234497,1.3572,-0.063117
28.6082,-0.234497,1.2141,-0.063182
28.6094,-0.234497,1.0656,-0.063252
28.6107,-0.234497,0.9124,-0.063326
28.6119,-0.234497,0.7550,-0.063404
28.6132,-0.234497,0.5944,-0.063485
28.6144,-0.133998,0.4311,-0.063569
28.6157,-0.133998,0.2658,-0.063656
28.6169,-0.133998,0.0994,-0.063745
28.6182,-0.133998,-0.0675,-0.063836
28.6194,-0.133998,-0.2342,-0.063929
28.6207,-0.133998,-0.3994,-0.064023
28.6219,-0.133998,-0.5632,-0.064118
28.6232,-0.133998,-0.7245,-0.064213
28.6244,0.009571,-0.8826,-0.064308
28.6257,0.009571,-1.0366,-0.064402
28.6269,0.009571,-1.1861,-0.064495
28.6282,0.009571,-1.3302,-0.064587
28.6294,0.009571,-1.4685,-0.064677
28.6308,0.009571,-1.6176,-0.064776
28.6334,0.009571,-1.8614,-0.064946
28.6343,0.232104,-1.9440,-0.065006
28.6353,0.232104,-2.0193,-0.065062
28.6362,0.232104,-2.0893,-0.065116
28.6371,0.232104,-2.1543,-0.065168
28.6382,0.232104,-2.2225,-0.065224
28.6394,0.232104,-2.2940,-0.065286
28.6407,0.232104,-2.3551,-0.065343
28.6419,0.232104,-2.4058,-0.065396
28.6432,0.232104,-2.4458,-0.065442
28.6444,-0.258425,-2.4749,-0.065483
28.6457,-0.258425,-2.4930,-0.065518
28.6469,-0.258425,-2.4999,-0.065548
28.6482,-0.258425,-2.4957,-0.065571
28.6494,-0.258425,-2.4804,-0.065588
28.6507,-0.258425,-2.4541,-0.065599
28.6519,-0.258425,-2.4168,-0.065603
28.6532,-0.258425,-2.3688,-0.065601
28.6544,-0.258425,-2.3102,-0.065593
28.6557,-0.227318,-2.2413,-0.065579
28.6569,-0.227318,-2.1624,-0.065558
28.6582,-0.227318,-2.0739,-0.065531
28.6594,-0.227318,-1.9761,-0.065498
28.6607,-0.227318,-1.8696,-0.065459
28.6619,-0.227318,-1.7547,-0.065415
28.6632,-0.227318,-1.6320,-0.065365
28.6644,-0.227318,-1.5021,-0.065310
28.6657,-0.356531,-1.3647,-0.065249
28.6669,-0.356531,-1.2220,-0.065184
28.6682,-0.356531,-1.0745,-0.065115
28.6694,-0.356531,-0.9216,-0.065041
28.6707,-0.356531,-0.7646,-0.064964
28.6719,-0.356531,-0.6037,-0.064883
28.6732,-0.356531,-0.4407,-0.064799
28.6744,-0.356531,-0.2755,-0.064712
28.6757,0.421137,-0.1092,-0.064623
28.6769,0.421137,0.0576,-0.064532
28.6782,0.421137,0.2243,-0.064439
28.6794,0.421137,0.3899,-0.064345
28.6807,0.421137,0.5537,-0.064251
28.6820,0.421137,0.7281,-0.064148
28.6857,-0.576670,1.1874,-0.063867
28.6867,-0.576670,1.3031,-0.063794
28.6877,-0.576670,1.4069,-0.063726
28.6886,-0.576670,1.5069,-0.063661
28.6895,-0.576670,1.6032,-0.063596
28.6904,-0.576670,1.6957,-0.063533
28.6913,-0.576670,1.7841,-0.063472
28.6923,-0.576670,1.8680,-0.063412
28.6932,-0.576670,1.9475,-0.063354
28.6944,-0.576670,2.0448,-0.063281
28.6957,0.043071,2.1361,-0.063210
28.6969,0.043071,2.2180,-0.063143
28.6982,0.043071,2.2900,-0.063080
28.6994,0.043071,2.3518,-0.063023
28.7007,0.043071,2.4031,-0.062970
28.7019,0.043071,2.4437,-0.062923
28.7032,0.043071,2.4735,-0.062882
28.7044,0.043071,2.4922,-0.062846
28.7057,0.095713,2.4998,-0.062817
28.7069,0.095713,2.4963,-0.062793
28.7082,0.095713,2.4816,-0.062776
28.7094,0.095713,2.4560,-0.062765
28.7107,0.095713,2.4193,-0.062760
28.7119,0.095713,2.3719,-0.062761
28.7132,0.095713,2.3139,-0.062769
28.7144,0.095713,2.2456,-0.062783
28.7157,0.069392,2.1673,-0.062804
28.7169,0.069392,2.0794,-0.062830
28.7182,0.069392,1.9822,-0.062863
28.7194,0.069392,1.8760,-0.062901
28.7207,0.069392,1.7618,-0.062945
28.7219,0.069392,1.6394,-0.062995
28.7232,0.069392,1.5098,-0.063050
28.7244,0.069392,1.3736,-0.063110
28.7257,0.045464,1.2312,-0.063174
28.7269,0.045464,1.0833,-0.063244
28.7282,0.045464,0.9306,-0.063317
28.7294,0.045464,0.7737,-0.063394
28.7307,0.045464,0.6134,-0.063475
28.7319,0.045464,0.4494,-0.063559
28.7331,0.045464,0.2864,-0.063645
28.7360,0.074178,-0.0919,-0.063850
28.7370,0.074178,-0.2212,-0.063922
28.7379,0.074178,-0.3440,-0.063991
28.7388,0.074178,-0.4655,-0.064061
28.7397,0.074178,-0.5859,-0.064131
28.7406,0.074178,-0.7049,-0.064201
28.7419,0.074178,-0.8642,-0.064296
28.7432,0.074178,-1.0186,-0.064391
28.7444,0.074178,-1.1687,-0.064484
28.7457,0.074178,-1.3135,-0.064576
28.7469,-0.315853,-1.4525,-0.064666
28.7482,-0.315853,-1.5850,-0.064754
28.7494,-0.315853,-1.7104,-0.064840
28.7507,-0.315853,-1.8282,-0.064922
28.7519,-0.315853,-1.9379,-0.065002
28.7532,-0.315853,-2.0390,-0.065077
28.7544,-0.315853,-2.1309,-0.065149
28.7557,-0.315853,-2.2134,-0.065216
28.7569,-0.038285,-2.2860,-0.065279
28.7582,-0.038285,-2.3484,-0.065337
28.7594,-0.038285,-2.4004,-0.065390
28.7607,-0.038285,-2.4416,-0.065437
28.7619,-0.038285,-2.4720,-0.065479
28.7632,-0.038285,-2.4914,-0.065515
28.7644,-0.038285,-2.4997,-0.065545
28.7657,-0.038285,-2.4968,-0.065569
28.7669,-0.138784,-2.4828,-0.065586
28.7682,-0.138784,-2.4578,-0.065598
28.7694,-0.138784,-2.4218,-0.065603
28.7707,-0.138784,-2.3750,-0.065602
28.7719,-0.138784,-2.3176,-0.065594
28.7732,-0.138784,-2.2499,-0.065581
28.7744,-0.138784,-2.1722,-0.065561
28.7757,-0.138784,-2.0848,-0.065534
28.7769,-0.145962,-1.9881,-0.065502
28.7782,-0.145962,-1.8826,-0.065464
28.7794,-0.145962,-1.7686,-0.065420
28.7807,-0.145962,-1.6468,-0.065371
28.7819,-0.145962,-1.5177,-0.065316
28.7832,-0.145962,-1.3818,-0.065257
28.7844,-0.145962,-1.2393,-0.065192
28.7874,0.071785,-0.8799,-0.065021
28.7883,0.071785,-0.7604,-0.064962
28.7893,0.071785,-0.6420,-0.064902
28.7902,0.071785,-0.5223,-0.064841
28.7911,0.071785,-0.4013,-0.064778
28.7920,0.071785,-0.2792,-0.064714
28.7932,0.071785,-0.1287,-0.064633
28.7944,0.071785,0.0380,-0.064543
28.7957,0.071785,0.2047,-0.064450
28.7969,-0.284746,0.3704,-0.064356
28.7982,-0.284746,0.5345,-0.064262
28.7994,-0.284746,0.6964,-0.064167
28.8007,-0.284746,0.8549,-0.064072
28.8019,-0.284746,1.0097,-0.063978
28.8032,-0.284746,1.1600,-0.063884
28.8044,-0.284746,1.3052,-0.063792
28.8057,-0.284746,1.4445,-0.063702
28.8069,-0.083749,1.5774,-0.063614
28.8082,-0.083749,1.7032,-0.063528
28.8094,-0.083749,1.8215,-0.063445
28.8107,-0.083749,1.9317,-0.063366
28.8119,-0.083749,2.0333,-0.063290
28.8132,-0.083749,2.1258,-0.063218
28.8144,-0.083749,2.2088,-0.063150
28.8157,-0.083749,2.2820,-0.063087
28.8169,-0.083749,2.3450,-0.063029
28.8182,-0.110070,2.3976,-0.062976
28.8194,-0.110070,2.4395,-0.062928
28.8207,-0.110070,2.4705,-0.062886
28.8219,-0.110070,2.4906,-0.062850
28.8232,-0.110070,2.4995,-0.062820
28.8244,-0.110070,2.4973,-0.062796
28.8257,-0.110070,2.4840,-0.062777
28.8269,-0.110070,2.4596,-0.062766
28.8282,0.141177,2.4242,-0.062760
28.8294,0.141177,2.3780,-0.062761
28.8307,0.141177,2.3212,-0.062768
28.8319,0.141177,2.2541,-0.062781
28.8332,0.141177,2.1770,-0.062801
28.8344,0.141177,2.0902,-0.062827
28.8358,0.141177,1.9793,-0.062864
28.8388,-0.052642,1.7144,-0.062964
28.8397,-0.052642,1.6204,-0.063003
28.8407,-0.052642,1.5245,-0.063043
28.8416,-0.052642,1.4251,-0.063087
28.8425,-0.052642,1.3222,-0.063133
28.8434,-0.052642,1.2160,-0.063181
28.8444,-0.052642,1.1008,-0.063235
28.8457,-0.052642,0.9488,-0.063308
28.8469,-0.052642,0.7924,-0.063385
28.8482,0.150748,0.6324,-0.063465
28.8494,0.150748,0.4697,-0.063549
28.8507,0.150748,0.3048,-0.063635
28.8519,0.150748,0.1386,-0.063724
28.8532,0.150748,-0.0282,-0.063815
28.8544,0.150748,-0.1949,-0.063907
28.8557,0.150748,-0.3607,-0.064001
28.8569,0.150748,-0.5249,-0.064095
28.8582,-0.045464,-0.6868,-0.064190
28.8594,-0.045464,-0.8458,-0.064285
28.8607,-0.045464,-1.0007,-0.064380
28.8619,-0.045464,-1.1513,-0.064473
28.8632,-0.045464,-1.2968,-0.064565
28.8644,-0.045464,-1.4364,-0.064656
28.8657,-0.045464,-1.5696,-0.064744
28.8669,-0.045464,-1.6961,-0.064830
28.8682,-0.165105,-1.8148,-0.064913
28.8694,-0.165105,-1.9255,-0.064993
28.8707,-0.165105,-2.0276,-0.065069
28.8719,-0.165105,-2.1206,-0.065141
28.8732,-0.165105,-2.2042,-0.065209
28.8744,-0.165105,-2.2780,-0.065272
28.8757,-0.165105,-2.3416,-0.065330
28.8769,-0.165105,-2.3948,-0.065384
28.8782,-0.105284,-2.4374,-0.065432
28.8794,-0.105284,-2.4690,-0.065474
28.8807,-0.105284,-2.4897,-0.065511
28.8819,-0.105284,-2.4993,-0.065541
28.8832,-0.105284,-2.4977,-0.065566
28.8844,-0.105284,-2.4850,-0.065585
28.8857,-0.105284,-2.4613,-0.065597
28.8869,-0.105284,-2.4268,-0.065603
28.8896,-0.114855,-2.3144,-0.065594
28.8906,-0.114855,-2.2636,-0.065584
28.8915,-0.114855,-2.2084,-0.065570
28.8924,-0.114855,-2.1482,-0.065554
28.8933,-0.114855,-2.0827,-0.065534
28.8944,-0.114855,-1.9999,-0.065506
28.8957,-0.114855,-1.8954,-0.065469
28.8969,-0.114855,-1.7825,-0.065426
28.8982,-0.114855,-1.6616,-0.065377
28.8994,-0.325424,-1.5330,-0.065323
28.9007,-0.325424,-1.3981,-0.065264
28.9019,-0.325424,-1.2567,-0.065200
28.9032,-0.325424,-1.1098,-0.065132
28.9044,-0.325424,-0.9579,-0.065059
28.9057,-0.325424,-0.8017,-0.064982
28.9069,-0.325424,-0.6420,-0.064902
28.9082,-0.325424,-0.4793,-0.064819
28.9094,0.210568,-0.3146,-0.064733
28.9107,0.210568,-0.1484,-0.064644
28.9119,0.210568,0.0184,-0.064553
28.9132,0.210568,0.1851,-0.064461
28.9144,0.210568,0.3510,-0.064367
28.9157,0.210568,0.5154,-0.064273
28.9169,0.210568,0.6774,-0.064178
28.9182,0.210568,0.8364,-0.064083
28.9194,-0.234497,0.9918,-0.063989
28.9207,-0.234497,1.1426,-0.063895
28.9219,-0.234497,1.2884,-0.063803
28.9232,-0.234497,1.4284,-0.063712
28.9244,-0.234497,1.5621,-0.063624
28.9257,-0.234497,1.6888,-0.063538
28.9269,-0.234497,1.8081,-0.063455
28.9282,-0.234497,1.9193,-0.063375
28.9294,-0.177069,2.0218,-0.063298
28.9307,-0.177069,2.1154,-0.063226
28.9319,-0.177069,2.1997,-0.063158
28.9332,-0.177069,2.2739,-0.063094
28.9344,-0.177069,2.3382,-0.063036
28.9357,-0.177069,2.3920,-0.062982
28.9369,-0.177069,2.4352,-0.062934
28.9383,-0.177069,2.4697,-0.062888
28.9408,-0.028714,2.4995,-0.062820
28.9417,-0.028714,2.4989,-0.062801
28.9427,-0.028714,2.4921,-0.062786
28.9436,-0.028714,2.4793,-0.062774
28.9445,-0.028714,2.4605,-0.062766
28.9457,-0.028714,2.4289,-0.062760
28.9469,-0.028714,2.3840,-0.062760
28.9482,-0.028714,2.3285,-0.062767
28.9494,0.200997,2.2626,-0.062779
28.9507,0.200997,2.1866,-0.062798
28.9519,0.200997,2.1009,-0.062823
28.9532,0.200997,2.0058,-0.062855
28.9544,0.200997,1.9018,-0.062892
28.9557,0.200997,1.7893,-0.062934
28.9569,0.200997,1.6689,-0.062983
28.9582,0.200997,1.5410,-0.063036
28.9594,-0.210568,1.4061,-0.063095
28.9607,-0.210568,1.2653,-0.063159
28.9619,-0.210568,1.1186,-0.063227
28.9632,-0.210568,0.9670,-0.063299
28.9644,-0.210568,0.8110,-0.063376
28.9657,-0.210568,0.6514,-0.063456
28.9669,-0.210568,0.4890,-0.063539
28.9682,-0.210568,0.3243,-0.063625
28.9694,-0.210568,0.1582,-0.063713
28.9707,0.138784,-0.0085,-0.063804
28.9719,0.138784,-0.1753,-0.063896
28.9732,0.138784,-0.3413,-0.063990
28.9744,0.138784,-0.5058,-0.064084
28.9757,0.138784,-0.6679,-0.064179
28.9769,0.138784,-0.8272,-0.064274
28.9782,0.138784,-0.9827,-0.064368
28.9794,0.138784,-1.1339,-0.064462
28.9807,-0.045464,-1.2800,-0.064555
28.9819,-0.045464,-1.4204,-0.064645
28.9832,-0.045464,-1.5545,-0.064734
28.9844,-0.045464,-1.6816,-0.064820
28.9857,-0.045464,-1.8013,-0.064903
28.9869,-0.045464,-1.9129,-0.064983
28.9882,-0.045464,-2.0160,-0.065060
28.9895,-0.045464,-2.1156,-0.065137
28.9920,-0.112463,-2.2734,-0.065268
28.9929,-0.112463,-2.3228,-0.065313
28.9938,-0.112463,-2.3655,-0.065354
28.9948,-0.112463,-2.4024,-0.065392
28.9957,-0.112463,-2.4336,-0.065427
28.9969,-0.112463,-2.4659,-0.065469
28.9982,-0.112463,-2.4878,-0.065507
28.9994,-0.112463,-2.4987,-0.065538
29.0007,-0.141177,-2.4985,-0.065563
29.0019,-0.141177,-2.4871,-0.065583
29.0032,-0.141177,-2.4647,-0.065596
29.0044,-0.141177,-2.4312,-0.065602
29.0057,-0.141177,-2.3869,-0.065603
29.0069,-0.141177,-2.3321,-0.065597
29.0082,-0.141177,-2.2668,-0.065584
29.0094,-0.141177,-2.1914,-0.065566
29.0107,-0.023928,-2.1062,-0.065541
29.0119,-0.023928,-2.0117,-0.065510
29.0132,-0.023928,-1.9082,-0.065474
29.0144,-0.023928,-1.7962,-0.065431
29.0157,-0.023928,-1.6762,-0.065383
29.0169,-0.023928,-1.5487,-0.065330
29.0182,-0.023928,-1.4144,-0.065271
29.0194,-0.023928,-1.2737,-0.065208
29.0207,-0.208176,-1.1274,-0.065140
29.0219,-0.208176,-0.9760,-0.065068
29.0232,-0.208176,-0.8203,-0.064992
29.0244,-0.208176,-0.6608,-0.064912
29.0257,-0.208176,-0.4986,-0.064829
29.0269,-0.208176,-0.3341,-0.064743
29.0282,-0.208176,-0.1681,-0.064655
29.0294,-0.208176,-0.0013,-0.064564
29.0307,-0.107677,0.1657,-0.064472
29.0319,-0.107677,0.3317,-0.064378
29.0332,-0.107677,0.4962,-0.064284
29.0344,-0.107677,0.6585,-0.064189
29.0357,-0.107677,0.8179,-0.064094
29.0369,-0.107677,0.9737,-0.064000
29.0382,-0.107677,1.1251,-0.063906
29.0394,-0.107677,1.2716,-0.063814
29.0407,-0.098106,1.4125,-0.063723
29.0431,-0.098106,1.6716,-0.063550
29.0441,-0.098106,1.7650,-0.063485
29.0450,-0.098106,1.8501,-0.063425
29.0459,-0.098106,1.9305,-0.063366
29.0469,-0.098106,2.0103,-0.063307
29.0482,-0.098106,2.1049,-0.063234
29.0494,-0.098106,2.1902,-0.063166
29.0507,-0.098106,2.2657,-0.063102
29.0519,-0.028714,2.3311,-0.063042
29.0532,-0.028714,2.3862,-0.062988
29.0544,-0.028714,2.4306,-0.062939
29.0557,-0.028714,2.4642,-0.062896
29.0569,-0.028714,2.4869,-0.062858
29.0582,-0.028714,2.4984,-0.062826
29.0594,-0.028714,2.4988,-0.062801
29.0607,-0.028714,2.4881,-0.062781
29.0619,-0.107677,2.4663,-0.062768
29.0632,-0.107677,2.4335,-0.062761
29.0644,-0.107677,2.3898,-0.062760
29.0657,-0.107677,2.3356,-0.062766
29.0669,-0.107677,2.2709,-0.062778
29.0682,-0.107677,2.1961,-0.062796
29.0694,-0.107677,2.1115,-0.062820
29.0707,-0.107677,2.0175,-0.062851
29.0719,0.071785,1.9145,-0.062887
29.0732,0.071785,1.8030,-0.062929
29.0744,0.071785,1.6835,-0.062977
29.0757,0.071785,1.5564,-0.063030
29.0769,0.071785,1.4225,-0.063088
29.0782,0.071785,1.2821,-0.063151
29.0794,0.071785,1.1360,-0.063219
29.0807,0.071785,0.9852,-0.063291
29.0819,0.007178,0.8296,-0.063367
29.0832,0.007178,0.6705,-0.063446
29.0844,0.007178,0.5082,-0.063529
29.0857,0.007178,0.3438,-0.063615
29.0869,0.007178,0.1778,-0.063703
29.0882,0.007178,0.0101,-0.063794
29.0894,0.007178,-0.1578,-0.063887
29.0907,0.007178,-0.3224,-0.063979
29.0919,0.064606,-0.4868,-0.064073
29.0955,0.064606,-0.9466,-0.064346
29.0965,0.064606,-1.0664,-0.064420
29.0974,0.064606,-1.1767,-0.064489
29.0983,0.064606,-1.2840,-0.064557
29.0993,0.064606,-1.3883,-0.064624
29.1002,0.064606,-1.4887,-0.064690
29.1011,0.064606,-1.5857,-0.064755
29.1020,-0.136391,-1.6788,-0.064818
29.1032,-0.136391,-1.7877,-0.064894
29.1044,-0.136391,-1.9002,-0.064974
29.1057,-0.136391,-2.0043,-0.065051
29.1069,-0.136391,-2.0996,-0.065124
29.1082,-0.136391,-2.1854,-0.065193
29.1094,-0.136391,-2.2615,-0.065258
29.1107,-0.136391,-2.3276,-0.065317
29.1119,0.011964,-2.3833,-0.065372
29.1132,0.011964,-2.4283,-0.065421
29.1144,0.011964,-2.4626,-0.065465
29.1157,0.011964,-2.4858,-0.065503
29.1169,0.011964,-2.4980,-0.065535
29.1182,0.011964,-2.4991,-0.065561
29.1194,0.011964,-2.4890,-0.065581
29.1207,0.011964,-2.4679,-0.065594
29.1219,-0.150748,-2.4357,-0.065602
29.1232,-0.150748,-2.3927,-0.065603
29.1244,-0.150748,-2.3390,-0.065598
29.1257,-0.150748,-2.2750,-0.065586
29.1269,-0.150748,-2.2008,-0.065568
29.1282,-0.150748,-2.1167,-0.065544
29.1294,-0.150748,-2.0233,-0.065514
29.1307,-0.150748,-1.9208,-0.065478
29.1319,-0.150748,-1.8099,-0.065436
29.1332,-0.169890,-1.6907,-0.065389
29.1344,-0.169890,-1.5640,-0.065336
29.1357,-0.169890,-1.4305,-0.065278
29.1369,-0.169890,-1.2905,-0.065216
29.1382,-0.169890,-1.1448,-0.065148
29.1394,-0.169890,-0.9940,-0.065076
29.1407,-0.169890,-0.8388,-0.065001
29.1419,-0.169890,-0.6798,-0.064921
29.1432,-0.074178,-0.5174,-0.064839
29.1460,-0.074178,-0.1408,-0.064640
29.1469,-0.074178,-0.0146,-0.064571
29.1479,-0.074178,0.1086,-0.064504
29.1488,-0.074178,0.2315,-0.064435
29.1497,-0.074178,0.3538,-0.064366
29.1507,-0.074178,0.4769,-0.064295
29.1519,-0.074178,0.6395,-0.064200
29.1532,-0.210568,0.7993,-0.064105
29.1544,-0.210568,0.9556,-0.064011
29.1557,-0.210568,1.1081,-0.063917
29.1569,-0.210568,1.2545,-0.063825
29.1582,-0.210568,1.3960,-0.063734
29.1594,-0.210568,1.5313,-0.063645
29.1607,-0.210568,1.6597,-0.063558
29.1619,-0.210568,1.7807,-0.063474
29.1632,-0.050249,1.8938,-0.063393
29.1644,-0.050249,1.9984,-0.063316
29.1657,-0.050249,2.0950,-0.063242
29.1669,-0.050249,2.1810,-0.063173
29.1682,-0.050249,2.2574,-0.063109
29.1694,-0.050249,2.3240,-0.063049
29.1707,-0.050249,2.3803,-0.062994
29.1719,-0.050249,2.4260,-0.062945
29.1732,-0.186640,2.4608,-0.062901
29.1744,-0.186640,2.4848,-0.062862
29.1757,-0.186640,2.4976,-0.062830
29.1769,-0.186640,2.4993,-0.062803
29.1782,-0.186640,2.4899,-0.062783
29.1794,-0.186640,2.4694,-0.062769
29.1807,-0.186640,2.4379,-0.062761
29.1819,-0.186640,2.3955,-0.062760
29.1832,0.040678,2.3424,-0.062765
29.1844,0.040678,2.2790,-0.062776
29.1857,0.040678,2.2054,-0.062793
29.1869,0.040678,2.1219,-0.062817
29.1882,0.040678,2.0290,-0.062847
29.1894,0.040678,1.9270,-0.062882
29.1907,0.040678,1.8165,-0.062924
29.1919,0.040678,1.6979,-0.062971
29.1932,0.071785,1.5717,-0.063023
29.1944,0.071785,1.4344,-0.063083
29.1974,0.071785,1.0973,-0.063237
29.1983,0.071785,0.9822,-0.063292
29.1992,0.071785,0.8675,-0.063348
29.2002,0.071785,0.7512,-0.063405
29.2011,0.071785,0.6329,-0.063465
29.2020,0.071785,0.5131,-0.063526
29.2032,0.031107,0.3631,-0.063605
29.2044,0.031107,0.1974,-0.063692
29.2057,0.031107,0.0307,-0.063783
29.2069,0.031107,-0.1361,-0.063875
29.2082,0.031107,-0.3023,-0.063968
29.2094,0.031107,-0.4672,-0.064062
29.2107,0.031107,-0.6300,-0.064157
29.2119,0.031107,-0.7900,-0.064252
29.2132,0.031107,-0.9465,-0.064346
29.2144,0.038285,-1.0987,-0.064440
29.2157,0.038285,-1.2461,-0.064533
29.2169,0.038285,-1.3879,-0.064624
29.2182,0.038285,-1.5235,-0.064713
29.2194,0.038285,-1.6524,-0.064800
29.2207,0.038285,-1.7738,-0.064884
29.2219,0.038285,-1.8874,-0.064965
29.2232,0.038285,-1.9928,-0.065042
29.2244,-0.117248,-2.0889,-0.065116
29.2257,-0.117248,-2.1758,-0.065185
29.2269,-0.117248,-2.2531,-0.065250
29.2282,-0.117248,-2.3203,-0.065310
29.2294,-0.117248,-2.3772,-0.065366
29.2307,-0.117248,-2.4236,-0.065415
29.2319,-0.117248,-2.4591,-0.065460
29.2332,-0.117248,-2.4837,-0.065498
29.2344,-0.023928,-2.4972,-0.065531
29.2357,-0.023928,-2.4995,-0.065558
29.2369,-0.023928,-2.4908,-0.065579
29.2382,-0.023928,-2.4709,-0.065593
29.2394,-0.023928,-2.4401,-0.065601
29.2407,-0.023928,-2.3983,-0.065603
29.2419,-0.023928,-2.3459,-0.065599
29.2432,-0.023928,-2.2831,-0.065588
29.2444,-0.177069,-2.2100,-0.065571
29.2457,-0.177069,-2.1269,-0.065547
29.2481,-0.177069,-1.9386,-0.065485
29.2490,-0.177069,-1.8564,-0.065454
29.2500,-0.177069,-1.7716,-0.065422
29.2509,-0.177069,-1.6825,-0.065386
29.2519,-0.177069,-1.5792,-0.065343
29.2532,-0.177069,-1.4466,-0.065285
29.2544,-0.160319,-1.3073,-0.065223
29.2557,-0.160319,-1.1622,-0.065156
29.2569,-0.160319,-1.0120,-0.065085
29.2582,-0.160319,-0.8573,-0.065010
29.2594,-0.160319,-0.6985,-0.064931
29.2607,-0.160319,-0.5370,-0.064849
29.2619,-0.160319,-0.3729,-0.064763
29.2632,-0.160319,-0.2072,-0.064676
29.2644,-0.133998,-0.0405,-0.064586
29.2657,-0.133998,0.1263,-0.064494
29.2669,-0.133998,0.2926,-0.064401
29.2682,-0.133998,0.4576,-0.064306
29.2694,-0.133998,0.6205,-0.064212
29.2707,-0.133998,0.7807,-0.064117
29.2719,-0.133998,0.9374,-0.064022
29.2732,-0.133998,1.0899,-0.063928
29.2744,-0.124427,1.2375,-0.063835
29.2757,-0.124427,1.3797,-0.063744
29.2769,-0.124427,1.5157,-0.063655
29.2782,-0.124427,1.6449,-0.063568
29.2794,-0.124427,1.7670,-0.063484
29.2807,-0.124427,1.8809,-0.063403
29.2819,-0.124427,1.9866,-0.063325
29.2832,-0.124427,2.0834,-0.063251
29.2844,-0.059821,2.1709,-0.063182
29.2857,-0.059821,2.2487,-0.063116
29.2869,-0.059821,2.3169,-0.063056
29.2882,-0.059821,2.3742,-0.063000
29.2894,-0.059821,2.4211,-0.062950
29.2907,-0.059821,2.4573,-0.062905
29.2919,-0.059821,2.4825,-0.062866
29.2932,-0.059821,2.4967,-0.062833
29.2944,-0.059821,2.4997,-0.062806
29.2957,-0.114855,2.4916,-0.062785
29.2969,-0.114855,2.4724,-0.062770
29.2989,-0.114855,2.4195,-0.062760
29.2998,-0.114855,2.3849,-0.062760
29.3007,-0.114855,2.3451,-0.062764
29.3019,-0.114855,2.2870,-0.062774
29.3032,-0.114855,2.2146,-0.062791
29.3044,-0.114855,2.1323,-0.062814
29.3057,0.131605,2.0404,-0.062843
29.3069,0.131605,1.9395,-0.062878
29.3082,0.131605,1.8300,-0.062919
29.3094,0.131605,1.7123,-0.062965
29.3107,0.131605,1.5870,-0.063017
29.3119,0.131605,1.4546,-0.063074
29.3132,0.131605,1.3157,-0.063136
29.3144,0.131605,1.1709,-0.063202
29.3157,0.112463,1.0210,-0.063273
29.3169,0.112463,0.8665,-0.063348
29.3182,0.112463,0.7081,-0.063427
29.3194,0.112463,0.5464,-0.063509
29.3207,0.112463,0.3826,-0.063594
29.3219,0.112463,0.2170,-0.063682
29.3232,0.112463,0.0504,-0.063772
29.3244,0.112463,-0.1165,-0.063864
29.3257,-0.177069,-0.2828,-0.063957
29.3269,-0.177069,-0.4479,-0.064051
29.3282,-0.177069,-0.6110,-0.064146
29.3294,-0.177069,-0.7714,-0.064241
29.3307,-0.177069,-0.9286,-0.064335
29.3319,-0.177069,-1.0811,-0.064429
29.3332,-0.177069,-1.2290,-0.064522
29.3344,-0.177069,-1.3715,-0.064613
29.3357,0.028714,-1.5078,-0.064703
29.3369,0.028714,-1.6374,-0.064790
29.3382,0.028714,-1.7605,-0.064875
29.3394,0.028714,-1.8745,-0.064956
29.3407,0.028714,-1.9806,-0.065033
29.3419,0.028714,-2.0780,-0.065107
29.3432,0.028714,-2.1661,-0.065177
29.3444,0.028714,-2.2445,-0.065243
29.3457,-0.031107,-2.3130,-0.065304
29.3469,-0.031107,-2.3711,-0.065359
29.3501,-0.031107,-2.4707,-0.065477
29.3510,-0.031107,-2.4871,-0.065505
29.3520,-0.031107,-2.4966,-0.065529
29.3529,-0.031107,-2.5000,-0.065550
29.3538,-0.031107,-2.4973,-0.065567
29.3547,-0.031107,-2.4886,-0.065581
29.3557,0.004786,-2.4738,-0.065592
29.3569,0.004786,-2.4442,-0.065601
29.3582,0.004786,-2.4038,-0.065603
29.3594,0.004786,-2.3526,-0.065600
29.3607,0.004786,-2.2910,-0.065589
29.3619,0.004786,-2.2191,-0.065573
29.3632,0.004786,-2.1374,-0.065551
29.3644,0.004786,-2.0461,-0.065522
29.3657,-0.277567,-1.9457,-0.065487
29.3669,-0.277567,-1.8367,-0.065447
29.3682,-0.277567,-1.7194,-0.065401
29.3694,-0.277567,-1.5945,-0.065349
29.3707,-0.277567,-1.4625,-0.065292
29.3719,-0.277567,-1.3240,-0.065231
29.3732,-0.277567,-1.1796,-0.065164
29.3744,-0.277567,-1.0299,-0.065094
29.3757,-0.277567,-0.8758,-0.065019
29.3769,-0.145962,-0.7177,-0.064941
29.3782,-0.145962,-0.5563,-0.064859
29.3794,-0.145962,-0.3923,-0.064774
29.3807,-0.145962,-0.2268,-0.064686
29.3819,-0.145962,-0.0602,-0.064596
29.3832,-0.145962,0.1067,-0.064505
29.3844,-0.145962,0.2731,-0.064412
29.3857,-0.145962,0.4383,-0.064317
29.3869,-0.425922,0.6015,-0.064223
29.3882,-0.425922,0.7620,-0.064128
29.3894,-0.425922,0.9200,-0.064033
29.3907,-0.425922,1.0721,-0.063939
29.3919,-0.425922,1.2206,-0.063846
29.3932,-0.425922,1.3633,-0.063755
29.3944,-0.425922,1.5001,-0.063665
29.3957,-0.425922,1.6302,-0.063578
29.3969,0.564706,1.7530,-0.063493
29.3982,0.564706,1.8680,-0.063412
29.4013,0.564706,2.1163,-0.063225
29.4022,0.564706,2.1814,-0.063173
29.4031,0.564706,2.2389,-0.063125
29.4041,0.564706,2.2911,-0.063079
29.4050,0.564706,2.3375,-0.063036
29.4059,0.564706,2.3784,-0.062996
29.4069,-0.435494,2.4162,-0.062956
29.4082,-0.435494,2.4536,-0.062910
29.4094,-0.435494,2.4801,-0.062871
29.4107,-0.435494,2.4956,-0.062837
29.4119,-0.435494,2.4999,-0.062809
29.4132,-0.435494,2.4931,-0.062787
29.4144,-0.435494,2.4752,-0.062772
29.4157,-0.435494,2.4463,-0.062762
29.4169,-0.136391,2.4065,-0.062760
29.4182,-0.136391,2.3559,-0.062763
29.4194,-0.136391,2.2948,-0.062773
29.4207,-0.136391,2.2236,-0.062789
29.4219,-0.136391,2.1425,-0.062811
29.4232,-0.136391,2.0517,-0.062839
29.4244,-0.136391,1.9518,-0.062873
29.4257,-0.136391,1.8433,-0.062913
29.4269,-0.074178,1.7265,-0.062959
29.4282,-0.074178,1.6021,-0.063010
29.4294,-0.074178,1.4705,-0.063067
29.4307,-0.074178,1.3323,-0.063128
29.4319,-0.074178,1.1880,-0.063194
29.4332,-0.074178,1.0388,-0.063265
29.4344,-0.074178,0.8848,-0.063339
29.4357,-0.074178,0.7269,-0.063418
29.4369,0.248854,0.5658,-0.063499
29.4382,0.248854,0.4021,-0.063584
29.4394,0.248854,0.2365,-0.063672
29.4407,0.248854,0.0699,-0.063761
29.4419,0.248854,-0.0969,-0.063853
29.4432,0.248854,-0.2633,-0.063946
29.4444,0.248854,-0.4286,-0.064040
29.4457,0.248854,-0.5919,-0.064135
29.4469,0.248854,-0.7527,-0.064229
29.4482,-0.129212,-0.9101,-0.064324
29.4498,-0.129212,-1.1094,-0.064447
29.4527,-0.129212,-1.4399,-0.064658
29.4536,-0.129212,-1.5411,-0.064725
29.4545,-0.129212,-1.6363,-0.064789
29.4555,-0.129212,-1.7275,-0.064852
29.4564,-0.129212,-1.8142,-0.064912
29.4573,0.287139,-1.8966,-0.064972
29.4582,0.287139,-1.9744,-0.065029
29.4594,0.287139,-2.0672,-0.065099
29.4607,0.287139,-2.1562,-0.065169
29.4619,0.287139,-2.2358,-0.065235
29.4632,0.287139,-2.3054,-0.065297
29.4644,0.287139,-2.3648,-0.065353
29.4657,0.287139,-2.4136,-0.065404
29.4669,0.287139,-2.4517,-0.065450
29.4682,-0.404387,-2.4789,-0.065490
29.4694,-0.404387,-2.4950,-0.065524
29.4707,-0.404387,-2.5000,-0.065552
29.4719,-0.404387,-2.4938,-0.065574
29.4732,-0.404387,-2.4766,-0.065590
29.4744,-0.404387,-2.4483,-0.065600
29.4757,-0.404387,-2.4091,-0.065603
29.4769,-0.404387,-2.3592,-0.065600
29.4782,-0.136391,-2.2986,-0.065591
29.4794,-0.136391,-2.2280,-0.065575
29.4807,-0.136391,-2.1475,-0.065553
29.4819,-0.136391,-2.0573,-0.065526
29.4832,-0.136391,-1.9580,-0.065492
29.4844,-0.136391,-1.8499,-0.065452
29.4857,-0.136391,-1.7336,-0.065406
29.4869,-0.136391,-1.6096,-0.065356
29.4882,-0.174676,-1.4785,-0.065299
29.4894,-0.174676,-1.3408,-0.065238
29.4907,-0.174676,-1.1970,-0.065173
29.4919,-0.174676,-1.0478,-0.065102
29.4932,-0.174676,-0.8940,-0.065028
29.4944,-0.174676,-0.7363,-0.064950
29.4957,-0.174676,-0.5753,-0.064868
29.4969,-0.174676,-0.4117,-0.064784
29.4982,-0.129212,-0.2463,-0.064697
29.4994,-0.129212,-0.0798,-0.064607
29.5011,-0.129212,0.1437,-0.064484
29.5050,-0.129212,0.6647,-0.064186
29.5060,-0.129212,0.7899,-0.064111
29.5069,-0.129212,0.9059,-0.064041
29.5079,-0.129212,1.0196,-0.063972
29.5088,0.129212,1.1308,-0.063903
29.5097,0.129212,1.2391,-0.063834
29.5106,0.129212,1.3444,-0.063767
29.5116,0.129212,1.4465,-0.063701
29.5125,0.129212,1.5450,-0.063635
29.5134,0.129212,1.6398,-0.063571
29.5144,0.129212,1.7390,-0.063503
29.5157,0.129212,1.8548,-0.063421
29.5169,0.129212,1.9625,-0.063343
29.5182,-0.117248,2.0614,-0.063268
29.5194,-0.117248,2.1512,-0.063198
29.5207,-0.117248,2.2314,-0.063131
29.5219,-0.117248,2.3016,-0.063070
29.5232,-0.117248,2.3616,-0.063013
29.5244,-0.117248,2.4111,-0.062962
29.5257,-0.117248,2.4498,-0.062916
29.5269,-0.117248,2.4776,-0.062875
29.5282,-0.117248,2.4943,-0.062841
29.5294,-0.284746,2.5000,-0.062812
29.5307,-0.284746,2.4945,-0.062789
29.5319,-0.284746,2.4779,-0.062773
29.5332,-0.284746,2.4503,-0.062763
29.5344,-0.284746,2.4117,-0.062760
29.5357,-0.284746,2.3624,-0.062762
29.5369,-0.284746,2.3026,-0.062771
29.5382,-0.284746,2.2325,-0.062786
29.5394,-0.129212,2.1524,-0.062808
29.5407,-0.129212,2.0630,-0.062835
29.5419,-0.129212,1.9642,-0.062869
29.5432,-0.129212,1.8566,-0.062908
29.5444,-0.129212,1.7407,-0.062954
29.5457,-0.129212,1.6171,-0.063004
29.5469,-0.129212,1.4863,-0.063060
29.5482,-0.129212,1.3489,-0.063121
29.5494,0.055035,1.2055,-0.063186
29.5507,0.055035,1.0567,-0.063256
29.5519,0.055035,0.9032,-0.063330
29.5555,0.055035,0.4432,-0.063563
29.5565,0.055035,0.3144,-0.063630
29.5574,0.055035,0.1914,-0.063696
29.5583,0.055035,0.0685,-0.063762
29.5592,0.078963,-0.0549,-0.063830
29.5602,0.078963,-0.1777,-0.063898
29.5611,0.078963,-0.3002,-0.063967
29.5620,0.078963,-0.4218,-0.064036
29.5632,0.078963,-0.5729,-0.064123
29.5644,0.078963,-0.7339,-0.064218
29.5657,0.078963,-0.8917,-0.064313
29.5669,0.078963,-1.0455,-0.064407
29.5682,0.078963,-1.1947,-0.064500
29.5694,0.047856,-1.3385,-0.064592
29.5707,0.047856,-1.4764,-0.064682
29.5719,0.047856,-1.6077,-0.064770
29.5732,0.047856,-1.7318,-0.064855
29.5744,0.047856,-1.8482,-0.064937
29.5757,0.047856,-1.9564,-0.065015
29.5769,0.047856,-2.0559,-0.065090
29.5782,0.047856,-2.1462,-0.065161
29.5794,0.100499,-2.2270,-0.065228
29.5807,0.100499,-2.2978,-0.065290
29.5819,0.100499,-2.3584,-0.065347
29.5832,0.100499,-2.4085,-0.065398
29.5844,0.100499,-2.4478,-0.065445
29.5857,0.100499,-2.4762,-0.065485
29.5869,0.100499,-2.4937,-0.065520
29.5882,0.100499,-2.5000,-0.065549
29.5894,-0.210568,-2.4951,-0.065572
29.5907,-0.210568,-2.4792,-0.065589
29.5919,-0.210568,-2.4522,-0.065599
29.5932,-0.210568,-2.4143,-0.065603
29.5944,-0.210568,-2.3657,-0.065601
29.5957,-0.210568,-2.3064,-0.065592
29.5969,-0.210568,-2.2369,-0.065577
29.5982,-0.210568,-2.1574,-0.065556
29.5994,-0.057428,-2.0684,-0.065529
29.6007,-0.057428,-1.9701,-0.065496
29.6019,-0.057428,-1.8631,-0.065457
29.6032,-0.057428,-1.7477,-0.065412
29.6062,-0.057428,-1.4381,-0.065282
29.6071,-0.057428,-1.3314,-0.065234
29.6081,-0.057428,-1.2253,-0.065186
29.6090,-0.057428,-1.1164,-0.065135
29.6099,-0.167498,-1.0050,-0.065082
29.6108,-0.167498,-0.8912,-0.065027
29.6119,-0.167498,-0.7550,-0.064959
29.6132,-0.167498,-0.5944,-0.064878
29.6144,-0.167498,-0.4311,-0.064794
29.6157,-0.167498,-0.2658,-0.064707
29.6169,-0.167498,-0.0994,-0.064618
29.6182,-0.167498,0.0674,-0.064526
29.6194,-0.167498,0.2342,-0.064433
29.6207,-0.332602,0.3995,-0.064340
29.6219,-0.332602,0.5633,-0.064245
29.6232,-0.332602,0.7245,-0.064150
29.6244,-0.332602,0.8825,-0.064055
29.6257,-0.332602,1.0366,-0.063961
29.6269,-0.332602,1.1861,-0.063868
29.6282,-0.332602,1.3302,-0.063776
29.6294,-0.332602,1.4684,-0.063686
29.6307,0.263210,1.6004,-0.063598
29.6319,0.263210,1.7247,-0.063513
29.6332,0.263210,1.8416,-0.063431
29.6344,0.263210,1.9503,-0.063352
29.6357,0.263210,2.0503,-0.063277
29.6369,0.263210,2.1412,-0.063206
29.6382,0.263210,2.2228,-0.063138
29.6394,0.263210,2.2947,-0.063076
29.6407,-0.155533,2.3553,-0.063019
29.6419,-0.155533,2.4058,-0.062967
29.6432,-0.155533,2.4460,-0.062920
29.6444,-0.155533,2.4750,-0.062879
29.6457,-0.155533,2.4930,-0.062844
29.6469,-0.155533,2.4999,-0.062815
29.6482,-0.155533,2.4957,-0.062792
29.6494,-0.155533,2.4804,-0.062775
29.6507,-0.263210,2.4538,-0.062764
29.6519,-0.263210,2.4168,-0.062760
29.6532,-0.263210,2.3686,-0.062762
29.6544,-0.263210,2.3102,-0.062770
29.6575,-0.263210,2.1229,-0.062817
29.6584,-0.263210,2.0523,-0.062839
29.6594,-0.263210,1.9794,-0.062864
29.6603,-0.177069,1.9019,-0.062892
29.6612,-0.177069,1.8198,-0.062923
29.6621,-0.177069,1.7334,-0.062957
29.6632,-0.177069,1.6321,-0.062998
29.6644,-0.177069,1.5022,-0.063053
29.6657,-0.177069,1.3650,-0.063114
29.6669,-0.177069,1.2223,-0.063179
29.6682,-0.177069,1.0746,-0.063248
29.6694,-0.177069,0.9216,-0.063321
29.6707,0.248854,0.7646,-0.063399
29.6719,0.248854,0.6040,-0.063480
29.6732,0.248854,0.4409,-0.063564
29.6744,0.248854,0.2758,-0.063651
29.6757,0.248854,0.1093,-0.063740
29.6769,0.248854,-0.0575,-0.063831
29.6782,0.248854,-0.2240,-0.063924
29.6794,0.248854,-0.3898,-0.064018
29.6807,0.200997,-0.5537,-0.064112
29.6819,0.200997,-0.7151,-0.064207
29.6832,0.200997,-0.8734,-0.064302
29.6844,0.200997,-1.0276,-0.064396
29.6857,0.200997,-1.1774,-0.064489
29.6869,0.200997,-1.3219,-0.064581
29.6882,0.200997,-1.4605,-0.064671
29.6894,0.200997,-1.5926,-0.064759
29.6907,0.200997,-1.7176,-0.064845
29.6919,-0.203390,-1.8350,-0.064927
29.6932,-0.203390,-1.9441,-0.065006
29.6944,-0.203390,-2.0447,-0.065082
29.6957,-0.203390,-2.1360,-0.065153
29.6969,-0.203390,-2.2180,-0.065220
29.6982,-0.203390,-2.2900,-0.065283
29.6994,-0.203390,-2.3518,-0.065340
29.7007,-0.203390,-2.4031,-0.065393
29.7019,-0.038285,-2.4437,-0.065440
29.7032,-0.038285,-2.4735,-0.065481
29.7044,-0.038285,-2.4922,-0.065517
29.7060,-0.038285,-2.4999,-0.065554
29.7086,-0.038285,-2.4730,-0.065592
29.7096,-0.038285,-2.4513,-0.065599
29.7105,-0.038285,-2.4241,-0.065603
29.7114,0.095713,-2.3910,-0.065603
29.7124,0.095713,-2.3521,-0.065599
29.7133,0.095713,-2.3076,-0.065593
29.7144,0.095713,-2.2456,-0.065580
29.7157,0.095713,-2.1673,-0.065559
29.7169,0.095713,-2.0794,-0.065533
29.7182,0.095713,-1.9821,-0.065500
29.7194,0.095713,-1.8760,-0.065462
29.7207,0.095713,-1.7617,-0.065418
29.7219,-0.174676,-1.6395,-0.065368
29.7232,-0.174676,-1.5099,-0.065313
29.7244,-0.174676,-1.3733,-0.065253
29.7257,-0.174676,-1.2311,-0.065188
29.7269,-0.174676,-1.0833,-0.065119
29.7282,-0.174676,-0.9306,-0.065046
29.7294,-0.174676,-0.7738,-0.064969
29.7307,-0.174676,-0.6127,-0.064887
29.7319,-0.131605,-0.4498,-0.064804
29.7332,-0.131605,-0.2850,-0.064717
29.7344,-0.131605,-0.1192,-0.064628
29.7357,-0.131605,0.0479,-0.064537
29.7369,-0.131605,0.2143,-0.064445
29.7382,-0.131605,0.3802,-0.064351
29.7394,-0.131605,0.5448,-0.064256
29.7407,-0.131605,0.7057,-0.064161
29.7419,-0.217747,0.8640,-0.064067
29.7432,-0.217747,1.0185,-0.063972
29.7444,-0.217747,1.1686,-0.063879
29.7457,-0.217747,1.3134,-0.063787
29.7469,-0.217747,1.4525,-0.063697
29.7482,-0.217747,1.5849,-0.063609
29.7494,-0.217747,1.7103,-0.063523
29.7507,-0.217747,1.8282,-0.063440
29.7519,-0.284746,1.9379,-0.063361
29.7532,-0.284746,2.0389,-0.063285
29.7544,-0.284746,2.1309,-0.063214
29.7557,-0.284746,2.2133,-0.063146
29.7571,-0.284746,2.2980,-0.063073
29.7599,-0.284746,2.4167,-0.062955
29.7608,-0.284746,2.4462,-0.062920
29.7617,-0.284746,2.4687,-0.062889
29.7627,-0.447458,2.4851,-0.062862
29.7636,-0.447458,2.4955,-0.062837
29.7645,-0.447458,2.4999,-0.062816
29.7657,-0.447458,2.4968,-0.062794
29.7669,-0.447458,2.4828,-0.062777
29.7682,-0.447458,2.4578,-0.062765
29.7694,-0.447458,2.4218,-0.062760
29.7707,-0.447458,2.3750,-0.062761
29.7719,-0.447458,2.3177,-0.062768
29.7732,0.428315,2.2499,-0.062782
29.7744,0.428315,2.1722,-0.062802
29.7757,0.428315,2.0848,-0.062828
29.7769,0.428315,1.9881,-0.062861
29.7782,0.428315,1.8826,-0.062899
29.7794,0.428315,1.7685,-0.062943
29.7807,0.428315,1.6468,-0.062992
29.7819,0.428315,1.5177,-0.063046
29.7832,-0.136391,1.3818,-0.063106
29.7844,-0.136391,1.2397,-0.063170
29.7857,-0.136391,1.0922,-0.063239
29.7869,-0.136391,0.9397,-0.063313
29.7882,-0.136391,0.7831,-0.063390
29.7894,-0.136391,0.6230,-0.063470
29.7907,-0.136391,0.4600,-0.063554
29.7919,-0.136391,0.2951,-0.063640
29.7932,0.332602,0.1288,-0.063729
29.7944,0.332602,-0.0380,-0.063820
29.7957,0.332602,-0.2045,-0.063913
29.7969,0.332602,-0.3703,-0.064006
29.7982,0.332602,-0.5344,-0.064101
29.7994,0.332602,-0.6963,-0.064196
29.8007,0.332602,-0.8550,-0.064291
29.8019,0.332602,-1.0097,-0.064385
29.8032,-0.239282,-1.1601,-0.064479
29.8044,-0.239282,-1.3052,-0.064571
29.8057,-0.239282,-1.4445,-0.064661
29.8069,-0.239282,-1.5775,-0.064749
29.8083,-0.239282,-1.7143,-0.064843
29.8112,-0.239282,-1.9796,-0.065033
29.8122,-0.239282,-2.0548,-0.065089
29.8131,0.220140,-2.1225,-0.065142
29.8140,0.220140,-2.1849,-0.065193
29.8149,0.220140,-2.2421,-0.065241
29.8159,0.220140,-2.2938,-0.065286
29.8169,0.220140,-2.3451,-0.065334
29.8182,0.220140,-2.3976,-0.065387
29.8194,0.220140,-2.4396,-0.065434
29.8207,0.220140,-2.4705,-0.065476
29.8219,0.220140,-2.4906,-0.065513
29.8232,-0.303888,-2.4995,-0.065543
29.8244,-0.303888,-2.4973,-0.065567
29.8257,-0.303888,-2.4839,-0.065585
29.8269,-0.303888,-2.4595,-0.065597
29.8282,-0.303888,-2.4242,-0.065603
29.8294,-0.303888,-2.3780,-0.065602
29.8307,-0.303888,-2.3213,-0.065595
29.8319,-0.303888,-2.2542,-0.065582
29.8332,0.009571,-2.1770,-0.065562
29.8344,0.009571,-2.0902,-0.065536
29.8357,0.009571,-1.9940,-0.065504
29.8369,0.009571,-1.8890,-0.065467
29.8382,0.009571,-1.7756,-0.065423
29.8394,0.009571,-1.6541,-0.065374
29.8407,0.009571,-1.5254,-0.065320
29.8419,0.009571,-1.3900,-0.065260
29.8432,-0.076570,-1.2478,-0.065196
29.8444,-0.076570,-1.1009,-0.065128
29.8457,-0.076570,-0.9488,-0.065055
29.8469,-0.076570,-0.7924,-0.064978
29.8482,-0.076570,-0.6325,-0.064898
29.8494,-0.076570,-0.4697,-0.064814
29.8507,-0.076570,-0.3048,-0.064728
29.8519,-0.076570,-0.1386,-0.064639
29.8532,-0.076570,0.0282,-0.064548
29.8544,-0.133998,0.1949,-0.064456
29.8557,-0.133998,0.3607,-0.064362
29.8569,-0.133998,0.5249,-0.064267
29.8582,-0.133998,0.6868,-0.064172
29.8596,-0.133998,0.8672,-0.064065
29.8626,-0.133998,1.2369,-0.063836
29.8636,-0.320638,1.3457,-0.063766
29.8645,-0.320638,1.4481,-0.063699
29.8654,-0.320638,1.5468,-0.063634
29.8664,-0.320638,1.6417,-0.063570
29.8673,-0.320638,1.7327,-0.063508
29.8682,-0.320638,1.8190,-0.063447
29.8694,-0.320638,1.9256,-0.063370
29.8707,-0.320638,2.0275,-0.063294
29.8719,-0.320638,2.1207,-0.063222
29.8732,-0.320638,2.2042,-0.063154
29.8744,-0.186640,2.2780,-0.063091
29.8757,-0.186640,2.3416,-0.063032
29.8769,-0.186640,2.3948,-0.062979
29.8782,-0.186640,2.4373,-0.062931
29.8794,-0.186640,2.4691,-0.062889
29.8807,-0.186640,2.4897,-0.062852
29.8819,-0.186640,2.4993,-0.062821
29.8832,-0.186640,2.4977,-0.062797
29.8844,0.069392,2.4850,-0.062778
29.8857,0.069392,2.4613,-0.062766
29.8869,0.069392,2.4266,-0.062760
29.8882,0.069392,2.3811,-0.062761
29.8894,0.069392,2.3249,-0.062767
29.8907,0.069392,2.2584,-0.062780
29.8919,0.069392,2.1819,-0.062800
29.8932,0.069392,2.0956,-0.062825
29.8944,-0.107677,2.0000,-0.062857
29.8957,-0.107677,1.8954,-0.062894
29.8969,-0.107677,1.7825,-0.062937
29.8982,-0.107677,1.6616,-0.062986
29.8994,-0.107677,1.5333,-0.063040
29.9007,-0.107677,1.3982,-0.063099
29.9019,-0.107677,1.2568,-0.063163
29.9032,-0.107677,1.1098,-0.063231
29.9044,0.117248,0.9578,-0.063304
29.9057,0.117248,0.8006,-0.063381
29.9069,0.117248,0.6420,-0.063461
29.9082,0.117248,0.4793,-0.063544
29.9094,0.117248,0.3146,-0.063630
29.9107,0.117248,0.1484,-0.063719
29.9119,0.117248,-0.0184,-0.063809
29.9132,0.117248,-0.1851,-0.063902
29.9144,0.124427,-0.3510,-0.063995
29.9157,0.124427,-0.5155,-0.064090
29.9192,0.124427,-0.9714,-0.064362
29.9202,0.124427,-1.0903,-0.064435
29.9211,0.124427,-1.1999,-0.064504
29.9221,0.124427,-1.3063,-0.064571
29.9230,0.124427,-1.4097,-0.064638
29.9239,0.124427,-1.5097,-0.064704
29.9248,-0.066999,-1.6060,-0.064768
29.9257,-0.066999,-1.6983,-0.064831
29.9269,-0.066999,-1.8081,-0.064908
29.9282,-0.066999,-1.9192,-0.064988
29.9294,-0.066999,-2.0218,-0.065064
29.9307,-0.066999,-2.1154,-0.065137
29.9319,-0.066999,-2.1997,-0.065205
29.9332,-0.066999,-2.2739,-0.065268
29.9344,-0.066999,-2.3382,-0.065327
29.9357,-0.229711,-2.3920,-0.065381
29.9369,-0.229711,-2.4352,-0.065429
29.9382,-0.229711,-2.4675,-0.065472
29.9394,-0.229711,-2.4888,-0.065509
29.9407,-0.229711,-2.4990,-0.065540
29.9419,-0.229711,-2.4981,-0.065565
29.9432,-0.229711,-2.4861,-0.065584
29.9444,-0.229711,-2.4630,-0.065596
29.9457,0.078963,-2.4289,-0.065603
29.9469,0.078963,-2.3840,-0.065602
29.9482,0.078963,-2.3285,-0.065596
29.9494,0.078963,-2.2626,-0.065583
29.9507,0.078963,-2.1866,-0.065565
29.9519,0.078963,-2.1010,-0.065539
29.9532,0.078963,-2.0059,-0.065508
29.9544,0.078963,-1.9019,-0.065471
29.9557,-0.009571,-1.7894,-0.065428
29.9569,-0.009571,-1.6689,-0.065380
29.9582,-0.009571,-1.5411,-0.065327
29.9594,-0.009571,-1.4062,-0.065268
29.9607,-0.009571,-1.2652,-0.065204
29.9619,-0.009571,-1.1186,-0.065136
29.9632,-0.009571,-0.9669,-0.065063
29.9644,-0.009571,-0.8109,-0.064987
29.9657,-0.050249,-0.6514,-0.064907
29.9690,-0.050249,-0.2080,-0.064676
29.9700,-0.050249,-0.0783,-0.064606
29.9709,-0.050249,0.0451,-0.064539
29.9718,-0.050249,0.1682,-0.064470
29.9728,-0.050249,0.2907,-0.064402
29.9737,-0.050249,0.4141,-0.064331
29.9746,-0.050249,0.5375,-0.064260
29.9757,-0.248854,0.6682,-0.064183
29.9769,-0.248854,0.8272,-0.064089
29.9782,-0.248854,0.9827,-0.063994
29.9794,-0.248854,1.1341,-0.063901
29.9807,-0.248854,1.2800,-0.063808
29.9819,-0.248854,1.4204,-0.063718
29.9832,-0.248854,1.5544,-0.063629
29.9844,-0.248854,1.6816,-0.063543
29.9857,-0.189033,1.8013,-0.063460
29.9869,-0.189033,1.9129,-0.063379
29.9882,-0.189033,2.0160,-0.063303
29.9894,-0.189033,2.1102,-0.063230
29.9907,-0.189033,2.1949,-0.063162
29.9919,-0.189033,2.2698,-0.063098
29.9932,-0.189033,2.3347,-0.063039
29.9944,-0.189033,2.3891,-0.062985
29.9957,-0.215354,2.4329,-0.062936
29.9969,-0.215354,2.4659,-0.062893
29.9982,-0.215354,2.4878,-0.062856
29.9994,-0.215354,2.4987,-0.062825
30.0007,-0.215354,2.4985,-0.062799
30.0019,-0.215354,2.4871,-0.062780
30.0032,-0.215354,2.4647,-0.062767
30.0044,-0.215354,2.4313,-0.062760
30.0057,-0.215354,2.3870,-0.062760
30.0069,-0.043071,2.3321,-0.062766
30.0082,-0.043071,2.2667,-0.062778
30.0094,-0.043071,2.1913,-0.062797
30.0107,-0.043071,2.1062,-0.062822
30.0119,-0.043071,2.0116,-0.062853
30.0132,-0.043071,1.9082,-0.062889
30.0144,-0.043071,1.7955,-0.062932
30.0157,-0.043071,1.6760,-0.062980
30.0169,0.011964,1.5487,-0.063033
30.0201,0.011964,1.1913,-0.063193
30.0211,0.011964,1.0762,-0.063247
30.0220,0.011964,0.9636,-0.063301
30.0229,0.011964,0.8487,-0.063357
30.0238,0.011964,0.7319,-0.063415
30.0248,0.011964,0.6132,-0.063475
30.0257,0.011964,0.4932,-0.063537
30.0269,0.074178,0.3340,-0.063620
30.0282,0.074178,0.1680,-0.063708
30.0294,0.074178,0.0013,-0.063799
30.0307,0.074178,-0.1655,-0.063891
30.0319,0.074178,-0.3317,-0.063985
30.0332,0.074178,-0.4961,-0.064079
30.0344,0.074178,-0.6585,-0.064174
30.0357,0.074178,-0.8179,-0.064268
30.0369,0.150748,-0.9737,-0.064363
30.0382,0.150748,-1.1251,-0.064457
30.0394,0.150748,-1.2715,-0.064549
30.0407,0.150748,-1.4123,-0.064640
30.0419,0.150748,-1.5468,-0.064729
30.0432,0.150748,-1.6744,-0.064815
30.0444,0.150748,-1.7945,-0.064899
30.0457,0.150748,-1.9066,-0.064979
30.0469,-0.275175,-2.0102,-0.065056
30.0482,-0.275175,-2.1049,-0.065128
30.0494,-0.275175,-2.1901,-0.065197
30.0507,-0.275175,-2.2657,-0.065261
30.0519,-0.275175,-2.3311,-0.065320
30.0532,-0.275175,-2.3862,-0.065375
30.0544,-0.275175,-2.4306,-0.065424
30.0557,-0.275175,-2.4642,-0.065467
30.0569,0.059821,-2.4868,-0.065505
30.0582,0.059821,-2.4984,-0.065536
30.0594,0.059821,-2.4988,-0.065562
30.0607,0.059821,-2.4881,-0.065582
30.0619,0.059821,-2.4663,-0.065595
30.0632,0.059821,-2.4335,-0.065602
30.0644,0.059821,-2.3898,-0.065603
30.0657,0.059821,-2.3356,-0.065597
30.0669,-0.107677,-2.2709,-0.065585
30.0682,-0.107677,-2.1961,-0.065567
30.0712,-0.107677,-1.9714,-0.065496
30.0722,-0.107677,-1.8906,-0.065467
30.0731,-0.107677,-1.8076,-0.065436
30.0740,-0.107677,-1.7204,-0.065401
30.0749,-0.107677,-1.6291,-0.065364
30.0759,-0.107677,-1.5338,-0.065323
30.0769,0.165105,-1.4224,-0.065275
30.0782,0.165105,-1.2821,-0.065212
30.0794,0.165105,-1.1361,-0.065144
30.0807,0.165105,-0.9850,-0.065072
30.0819,0.165105,-0.8296,-0.064996
30.0832,0.165105,-0.6703,-0.064917
30.0844,0.165105,-0.5082,-0.064834
30.0857,0.165105,-0.3438,-0.064748
30.0869,0.165105,-0.1778,-0.064660
30.0882,-0.246461,-0.0110,-0.064569
30.0894,-0.246461,0.1567,-0.064477
30.0907,-0.246461,0.3222,-0.064384
30.0919,-0.246461,0.4865,-0.064290
30.0932,-0.246461,0.6490,-0.064195
30.0944,-0.246461,0.8086,-0.064100
30.0957,-0.246461,0.9646,-0.064005
30.0969,-0.246461,1.1163,-0.063912
30.0982,-0.153141,1.2630,-0.063819
30.0994,-0.153141,1.4043,-0.063728
30.1007,-0.153141,1.5390,-0.063639
30.1019,-0.153141,1.6670,-0.063553
30.1032,-0.153141,1.7876,-0.063469
30.1044,-0.153141,1.9002,-0.063389
30.1057,-0.153141,2.0043,-0.063312
30.1069,-0.153141,2.0996,-0.063239
30.1082,-0.165105,2.1854,-0.063170
30.1094,-0.165105,2.2616,-0.063105
30.1107,-0.165105,2.3276,-0.063046
30.1119,-0.165105,2.3833,-0.062991
30.1132,-0.165105,2.4283,-0.062942
30.1144,-0.165105,2.4626,-0.062898
30.1157,-0.165105,2.4858,-0.062860
30.1169,-0.165105,2.4980,-0.062828
30.1182,-0.208176,2.4991,-0.062802
30.1198,-0.208176,2.4836,-0.062777
30.1224,-0.208176,2.4192,-0.062760
30.1234,-0.208176,2.3841,-0.062760
30.1243,-0.208176,2.3441,-0.062764
30.1252,-0.208176,2.2985,-0.062772
30.1261,-0.208176,2.2474,-0.062783
30.1271,-0.208176,2.1908,-0.062797
